0.000, 0.000, 0.059, 5.882, 588.235, 3.142, 290.000, -87.450, 0.000, 0.000, 0.059, 5.882, 588.235, 3.142, 290.000, -62.550
0.010, 0.001, 0.118, 5.882, -0.002, 3.142, 289.998, -87.450, 0.010, 0.001, 0.118, 5.882, 0.002, 3.142, 289.999, -62.550
0.020, 0.004, 0.265, 14.706, 882.343, 3.142, 289.996, -87.450, 0.020, 0.004, 0.265, 14.706, 882.362, 3.142, 289.996, -62.550
0.030, 0.009, 0.471, 20.588, 588.205, 3.142, 289.991, -87.450, 0.030, 0.009, 0.471, 20.589, 588.265, 3.142, 289.991, -62.550
0.040, 0.016, 0.735, 26.469, 588.166, 3.142, 289.984, -87.450, 0.040, 0.016, 0.735, 26.472, 588.304, 3.142, 289.984, -62.550
0.050, 0.027, 1.059, 32.351, 588.103, 3.142, 289.973, -87.450, 0.050, 0.027, 1.059, 32.355, 588.368, 3.142, 289.973, -62.550
0.060, 0.041, 1.441, 38.231, 588.008, 3.142, 289.959, -87.450, 0.060, 0.041, 1.441, 38.240, 588.462, 3.142, 289.959, -62.550
0.070, 0.060, 1.882, 44.109, 587.876, 3.142, 289.940, -87.450, 0.070, 0.060, 1.883, 44.126, 588.594, 3.142, 289.940, -62.550
0.080, 0.084, 2.382, 49.986, 587.702, 3.142, 289.916, -87.450, 0.080, 0.084, 2.383, 50.014, 588.769, 3.142, 289.916, -62.550
0.090, 0.113, 2.941, 55.861, 587.477, 3.142, 289.887, -87.450, 0.090, 0.113, 2.942, 55.904, 588.993, 3.142, 289.887, -62.550
0.100, 0.149, 3.558, 61.733, 587.198, 3.142, 289.851, -87.450, 0.100, 0.149, 3.560, 61.796, 589.272, 3.142, 289.851, -62.550
0.110, 0.191, 4.234, 67.602, 586.858, 3.142, 289.809, -87.450, 0.110, 0.191, 4.237, 67.692, 589.613, 3.142, 289.809, -62.550
0.120, 0.241, 4.969, 73.466, 586.450, 3.142, 289.759, -87.450, 0.120, 0.241, 4.973, 73.593, 590.020, 3.142, 289.759, -62.550
0.130, 0.298, 5.762, 79.326, 585.971, 3.142, 289.702, -87.450, 0.130, 0.299, 5.767, 79.498, 590.500, 3.142, 289.701, -62.550
0.140, 0.365, 6.614, 85.180, 585.413, 3.142, 289.635, -87.450, 0.140, 0.365, 6.622, 85.408, 591.058, 3.142, 289.635, -62.550
0.150, 0.440, 7.524, 91.028, 584.772, 3.142, 289.560, -87.450, 0.150, 0.440, 7.535, 91.325, 591.699, 3.142, 289.560, -62.550
0.160, 0.525, 8.493, 96.868, 584.042, 3.142, 289.475, -87.450, 0.160, 0.525, 8.507, 97.249, 592.429, 3.142, 289.475, -62.550
0.170, 0.620, 9.490, 99.762, 289.426, 3.142, 289.380, -87.450, 0.170, 0.620, 9.510, 100.238, 298.809, 3.142, 289.380, -62.550
0.180, 0.725, 10.487, 99.712, -5.014, 3.142, 289.275, -87.450, 0.180, 0.725, 10.513, 100.288, 5.014, 3.142, 289.275, -62.550
0.190, 0.839, 11.484, 99.657, -5.522, 3.142, 289.161, -87.450, 0.190, 0.841, 11.516, 100.343, 5.522, 3.142, 289.159, -62.550
0.200, 0.964, 12.480, 99.597, -6.024, 3.142, 289.036, -87.450, 0.200, 0.966, 12.520, 100.403, 6.024, 3.142, 289.034, -62.550
0.210, 1.099, 13.475, 99.532, -6.520, 3.142, 288.901, -87.450, 0.210, 1.101, 13.525, 100.468, 6.520, 3.142, 288.899, -62.550
0.220, 1.244, 14.470, 99.462, -7.009, 3.142, 288.756, -87.450, 0.220, 1.246, 14.530, 100.538, 7.010, 3.142, 288.754, -62.550
0.230, 1.398, 15.464, 99.387, -7.491, 3.142, 288.602, -87.450, 0.230, 1.402, 15.536, 100.613, 7.491, 3.142, 288.598, -62.550
0.240, 1.563, 16.457, 99.307, -7.966, 3.142, 288.437, -87.450, 0.240, 1.567, 16.543, 100.693, 7.966, 3.142, 288.433, -62.550
0.250, 1.737, 17.449, 99.223, -8.431, 3.142, 288.263, -87.450, 0.250, 1.743, 17.551, 100.777, 8.432, 3.142, 288.257, -62.550
0.260, 1.922, 18.440, 99.134, -8.889, 3.142, 288.078, -87.450, 0.260, 1.928, 18.560, 100.866, 8.888, 3.142, 288.072, -62.550
0.270, 2.116, 19.431, 99.040, -9.336, 3.142, 287.884, -87.450, 0.270, 2.124, 19.569, 100.960, 9.336, 3.142, 287.876, -62.550
0.280, 2.320, 20.420, 98.943, -9.775, 3.142, 287.680, -87.450, 0.280, 2.330, 20.580, 101.057, 9.775, 3.142, 287.670, -62.550
0.290, 2.534, 21.409, 98.841, -10.203, 3.142, 287.466, -87.450, 0.290, 2.546, 21.591, 101.159, 10.203, 3.142, 287.454, -62.550
0.300, 2.758, 22.396, 98.734, -10.620, 3.142, 287.242, -87.450, 0.300, 2.772, 22.604, 101.266, 10.620, 3.142, 287.228, -62.550
0.310, 2.992, 23.382, 98.624, -11.027, 3.142, 287.008, -87.451, 0.310, 3.008, 23.618, 101.376, 11.027, 3.142, 286.992, -62.551
0.320, 3.236, 24.367, 98.510, -11.422, 3.142, 286.764, -87.451, 0.320, 3.254, 24.633, 101.490, 11.422, 3.142, 286.746, -62.551
0.330, 3.489, 25.351, 98.392, -11.806, 3.142, 286.511, -87.451, 0.330, 3.511, 25.649, 101.608, 11.805, 3.142, 286.489, -62.551
0.340, 3.753, 26.334, 98.270, -12.177, 3.143, 286.247, -87.451, 0.340, 3.777, 26.666, 101.730, 12.177, 3.143, 286.223, -62.551
0.350, 4.026, 27.315, 98.145, -12.536, 3.143, 285.974, -87.452, 0.350, 4.054, 27.685, 101.855, 12.536, 3.143, 285.946, -62.552
0.360, 4.309, 28.296, 98.016, -12.882, 3.143, 285.691, -87.452, 0.360, 4.341, 28.704, 101.984, 12.882, 3.143, 285.659, -62.552
0.370, 4.601, 29.274, 97.884, -13.215, 3.143, 285.398, -87.452, 0.370, 4.639, 29.726, 102.116, 13.214, 3.143, 285.362, -62.552
0.380, 4.904, 30.252, 97.748, -13.534, 3.143, 285.096, -87.453, 0.380, 4.946, 30.748, 102.252, 13.534, 3.143, 285.054, -62.553
0.390, 5.216, 31.228, 97.610, -13.839, 3.143, 284.784, -87.453, 0.390, 5.264, 31.772, 102.390, 13.839, 3.143, 284.736, -62.553
0.400, 5.538, 32.203, 97.469, -14.131, 3.144, 284.462, -87.454, 0.400, 5.592, 32.797, 102.531, 14.130, 3.144, 284.408, -62.554
0.410, 5.870, 33.176, 97.325, -14.407, 3.144, 284.130, -87.455, 0.410, 5.930, 33.824, 102.675, 14.407, 3.144, 284.070, -62.555
0.420, 6.212, 34.148, 97.178, -14.669, 3.144, 283.788, -87.456, 0.420, 6.278, 34.852, 102.822, 14.669, 3.144, 283.722, -62.556
0.430, 6.563, 35.118, 97.029, -14.916, 3.145, 283.437, -87.457, 0.430, 6.637, 35.882, 102.971, 14.916, 3.145, 283.363, -62.557
0.440, 6.924, 36.087, 96.877, -15.147, 3.145, 283.076, -87.458, 0.440, 7.006, 36.913, 103.123, 15.147, 3.145, 282.994, -62.558
0.450, 7.294, 37.054, 96.724, -15.363, 3.145, 282.706, -87.459, 0.450, 7.386, 37.946, 103.276, 15.363, 3.145, 282.614, -62.559
0.460, 7.674, 38.020, 96.568, -15.563, 3.146, 282.326, -87.460, 0.460, 7.776, 38.980, 103.432, 15.563, 3.146, 282.224, -62.561
0.470, 8.064, 38.984, 96.411, -15.746, 3.146, 281.936, -87.462, 0.470, 8.176, 40.016, 103.589, 15.747, 3.146, 281.824, -62.562
0.480, 8.464, 39.946, 96.252, -15.915, 3.147, 281.536, -87.464, 0.480, 8.586, 41.054, 103.748, 15.914, 3.147, 281.414, -62.564
0.490, 8.873, 40.907, 96.091, -16.064, 3.147, 281.127, -87.466, 0.490, 9.007, 42.093, 103.909, 16.065, 3.147, 280.993, -62.567
0.500, 9.291, 41.866, 95.929, -16.198, 3.148, 280.709, -87.469, 0.500, 9.439, 43.134, 104.071, 16.198, 3.148, 280.561, -62.569
0.510, 9.720, 42.824, 95.766, -16.314, 3.148, 280.280, -87.471, 0.510, 9.880, 44.176, 104.234, 16.314, 3.148, 280.120, -62.572
0.520, 10.157, 43.780, 95.602, -16.413, 3.149, 279.843, -87.474, 0.520, 10.333, 45.220, 104.398, 16.412, 3.149, 279.667, -62.575
0.530, 10.605, 44.735, 95.437, -16.493, 3.149, 279.395, -87.477, 0.530, 10.795, 46.265, 104.563, 16.494, 3.149, 279.205, -62.578
0.540, 11.062, 45.687, 95.271, -16.556, 3.150, 278.938, -87.481, 0.540, 11.268, 47.313, 104.729, 16.555, 3.150, 278.732, -62.582
0.550, 11.528, 46.638, 95.105, -16.600, 3.151, 278.472, -87.485, 0.550, 11.752, 48.362, 104.895, 16.600, 3.151, 278.248, -62.586
0.560, 12.004, 47.588, 94.939, -16.625, 3.151, 277.996, -87.490, 0.560, 12.246, 49.412, 105.061, 16.625, 3.151, 277.754, -62.591
0.570, 12.489, 48.535, 94.773, -16.631, 3.152, 277.511, -87.494, 0.570, 12.751, 50.465, 105.227, 16.631, 3.152, 277.249, -62.596
0.580, 12.984, 49.481, 94.606, -16.619, 3.153, 277.016, -87.500, 0.580, 13.266, 51.519, 105.394, 16.617, 3.153, 276.734, -62.601
0.590, 13.488, 50.426, 94.441, -16.585, 3.154, 276.512, -87.506, 0.590, 13.792, 52.574, 105.559, 16.585, 3.154, 276.209, -62.608
0.600, 14.002, 51.369, 94.275, -16.532, 3.155, 275.998, -87.512, 0.600, 14.328, 53.631, 105.725, 16.532, 3.155, 275.672, -62.614
0.610, 14.525, 52.310, 94.111, -16.459, 3.156, 275.475, -87.519, 0.610, 14.875, 54.690, 105.889, 16.458, 3.156, 275.125, -62.622
0.620, 15.058, 53.249, 93.947, -16.365, 3.157, 274.943, -87.527, 0.620, 15.432, 55.751, 106.053, 16.364, 3.157, 274.568, -62.630
0.630, 15.599, 54.187, 93.784, -16.248, 3.158, 274.401, -87.536, 0.630, 16.001, 56.813, 106.215, 16.249, 3.158, 274.000, -62.639
0.640, 16.151, 55.123, 93.623, -16.112, 3.159, 273.850, -87.545, 0.640, 16.579, 57.877, 106.377, 16.111, 3.159, 273.421, -62.648
0.650, 16.711, 56.058, 93.464, -15.952, 3.160, 273.289, -87.555, 0.650, 17.169, 58.942, 106.536, 15.952, 3.160, 272.832, -62.659
0.660, 17.281, 56.991, 93.306, -15.770, 3.161, 272.719, -87.565, 0.660, 17.769, 60.009, 106.694, 15.770, 3.161, 272.232, -62.670
0.670, 17.860, 57.922, 93.150, -15.565, 3.162, 272.140, -87.577, 0.670, 18.380, 61.077, 106.849, 15.565, 3.162, 271.621, -62.683
0.680, 18.449, 58.852, 92.997, -15.337, 3.164, 271.552, -87.590, 0.680, 19.001, 62.148, 107.003, 15.335, 3.164, 271.000, -62.696
0.690, 19.047, 59.781, 92.846, -15.084, 3.165, 270.954, -87.604, 0.690, 19.633, 63.219, 107.154, 15.084, 3.165, 270.368, -62.710
0.700, 19.654, 60.708, 92.698, -14.807, 3.167, 270.347, -87.618, 0.700, 20.276, 64.292, 107.302, 14.806, 3.167, 269.725, -62.726
0.710, 20.270, 61.633, 92.553, -14.505, 3.168, 269.731, -87.634, 0.710, 20.930, 65.367, 107.447, 14.504, 3.168, 269.072, -62.743
0.720, 20.896, 62.558, 92.411, -14.176, 3.170, 269.106, -87.651, 0.720, 21.594, 66.442, 107.588, 14.176, 3.170, 268.408, -62.761
0.730, 21.531, 63.480, 92.273, -13.822, 3.171, 268.471, -87.669, 0.730, 22.269, 67.520, 107.727, 13.821, 3.171, 267.733, -62.780
0.740, 22.175, 64.402, 92.139, -13.440, 3.173, 267.828, -87.689, 0.740, 22.955, 68.598, 107.861, 13.440, 3.173, 267.047, -62.801
0.750, 22.828, 65.322, 92.008, -13.031, 3.175, 267.175, -87.710, 0.750, 23.652, 69.678, 107.991, 13.030, 3.175, 266.351, -62.824
0.760, 23.490, 66.241, 91.883, -12.594, 3.177, 266.513, -87.733, 0.760, 24.360, 70.759, 108.117, 12.593, 3.177, 265.643, -62.848
0.770, 24.162, 67.158, 91.761, -12.128, 3.178, 265.842, -87.757, 0.770, 25.078, 71.842, 108.239, 12.126, 3.178, 264.925, -62.874
0.780, 24.843, 68.075, 91.645, -11.631, 3.180, 265.161, -87.782, 0.780, 25.807, 72.925, 108.355, 11.631, 3.180, 264.197, -62.901
0.790, 25.532, 68.990, 91.534, -11.106, 3.182, 264.472, -87.810, 0.790, 26.548, 74.010, 108.466, 11.104, 3.182, 263.457, -62.931
0.800, 26.231, 69.904, 91.428, -10.547, 3.184, 263.774, -87.839, 0.800, 27.299, 75.096, 108.571, 10.548, 3.184, 262.707, -62.962
0.810, 26.940, 70.818, 91.329, -9.960, 3.187, 263.066, -87.870, 0.810, 28.060, 76.182, 108.671, 9.957, 3.187, 261.946, -62.995
0.820, 27.657, 71.730, 91.235, -9.338, 3.189, 262.350, -87.903, 0.820, 28.833, 77.270, 108.764, 9.338, 3.189, 261.174, -63.031
0.830, 28.383, 72.641, 91.149, -8.685, 3.191, 261.624, -87.938, 0.830, 29.617, 78.359, 108.851, 8.682, 3.191, 260.391, -63.069
0.840, 29.119, 73.552, 91.069, -7.997, 3.193, 260.889, -87.976, 0.840, 30.411, 79.448, 108.931, 7.996, 3.193, 259.598, -63.109
0.850, 29.863, 74.462, 90.996, -7.275, 3.196, 260.146, -88.015, 0.850, 31.217, 80.538, 109.004, 7.275, 3.196, 258.794, -63.152
0.860, 30.617, 75.371, 90.931, -6.520, 3.198, 259.393, -88.057, 0.860, 32.033, 81.629, 109.069, 6.517, 3.198, 257.979, -63.197
0.870, 31.380, 76.280, 90.873, -5.727, 3.201, 258.632, -88.101, 0.870, 32.860, 82.720, 109.126, 5.726, 3.201, 257.153, -63.245
0.880, 32.152, 77.188, 90.824, -4.899, 3.204, 257.861, -88.148, 0.880, 33.698, 83.812, 109.175, 4.899, 3.204, 256.316, -63.296
0.890, 32.933, 78.096, 90.784, -4.037, 3.206, 257.082, -88.198, 0.890, 34.547, 84.904, 109.216, 4.034, 3.206, 255.469, -63.350
0.900, 33.723, 79.004, 90.753, -3.136, 3.209, 256.294, -88.250, 0.900, 35.407, 85.996, 109.247, 3.134, 3.209, 254.611, -63.407
0.910, 34.522, 79.911, 90.731, -2.198, 3.212, 255.496, -88.305, 0.910, 36.278, 87.089, 109.269, 2.198, 3.212, 253.742, -63.467
0.920, 35.330, 80.818, 90.718, -1.225, 3.215, 254.690, -88.363, 0.920, 37.160, 88.182, 109.281, 1.222, 3.215, 252.862, -63.531
0.930, 36.147, 81.725, 90.716, -0.213, 3.218, 253.875, -88.425, 0.930, 38.053, 89.275, 109.283, 0.211, 3.218, 251.972, -63.597
0.940, 36.974, 82.633, 90.725, 0.837, 3.221, 253.052, -88.489, 0.940, 38.956, 90.367, 109.275, -0.837, 3.221, 251.071, -63.668
0.950, 37.809, 83.540, 90.744, 1.921, 3.224, 252.219, -88.557, 0.950, 39.871, 91.460, 109.256, -1.925, 3.224, 250.160, -63.742
0.960, 38.654, 84.448, 90.774, 3.046, 3.228, 251.377, -88.628, 0.960, 40.796, 92.552, 109.225, -3.047, 3.228, 249.237, -63.820
0.970, 39.507, 85.356, 90.816, 4.207, 3.231, 250.527, -88.703, 0.970, 41.733, 93.644, 109.183, -4.207, 3.231, 248.305, -63.902
0.980, 40.370, 86.265, 90.870, 5.402, 3.234, 249.668, -88.781, 0.980, 42.680, 94.735, 109.129, -5.405, 3.234, 247.361, -63.988
0.990, 41.242, 87.174, 90.937, 6.635, 3.238, 248.800, -88.864, 0.990, 43.638, 95.826, 109.063, -6.636, 3.238, 246.407, -64.079
1.000, 42.122, 88.084, 91.016, 7.902, 3.241, 247.924, -88.950, 1.000, 44.608, 96.916, 108.984, -7.903, 3.241, 245.443, -64.174
1.010, 43.012, 88.995, 91.108, 9.203, 3.245, 247.038, -89.040, 1.010, 45.588, 98.005, 108.892, -9.205, 3.245, 244.468, -64.273
1.020, 43.911, 89.907, 91.213, 10.538, 3.249, 246.144, -89.134, 1.020, 46.579, 99.093, 108.786, -10.538, 3.249, 243.482, -64.377
1.030, 44.820, 90.821, 91.332, 11.903, 3.252, 245.241, -89.233, 1.030, 47.580, 100.179, 108.667, -11.905, 3.252, 242.486, -64.486
1.040, 45.737, 91.735, 91.465, 13.300, 3.256, 244.330, -89.337, 1.040, 48.593, 101.265, 108.534, -13.301, 3.256, 241.480, -64.600
1.050, 46.664, 92.651, 91.613, 14.725, 3.260, 243.410, -89.444, 1.050, 49.616, 102.348, 108.387, -14.726, 3.260, 240.464, -64.719
1.060, 47.599, 93.569, 91.774, 16.177, 3.264, 242.481, -89.557, 1.060, 50.651, 103.431, 108.225, -16.178, 3.264, 239.437, -64.844
1.070, 48.544, 94.489, 91.951, 17.654, 3.268, 241.543, -89.674, 1.070, 51.696, 104.511, 108.049, -17.654, 3.268, 238.400, -64.973
1.080, 49.498, 95.410, 92.142, 19.152, 3.272, 240.597, -89.797, 1.080, 52.752, 105.590, 107.857, -19.153, 3.272, 237.353, -65.109
1.090, 50.462, 96.334, 92.349, 20.672, 3.276, 239.642, -89.924, 1.090, 53.818, 106.666, 107.650, -20.672, 3.276, 236.295, -65.250
1.100, 51.434, 97.259, 92.571, 22.208, 3.281, 238.679, -90.057, 1.100, 54.896, 107.740, 107.428, -22.208, 3.281, 235.228, -65.397
1.110, 52.416, 98.187, 92.809, 23.759, 3.285, 237.706, -90.195, 1.110, 55.984, 108.812, 107.191, -23.759, 3.285, 234.151, -65.550
1.120, 53.407, 99.118, 93.062, 25.322, 3.289, 236.726, -90.339, 1.120, 57.083, 109.882, 106.937, -25.321, 3.289, 233.064, -65.709
1.130, 54.408, 100.051, 93.331, 26.892, 3.294, 235.736, -90.488, 1.130, 58.192, 110.948, 106.669, -26.892, 3.294, 231.966, -65.875
1.140, 55.418, 100.988, 93.616, 28.468, 3.298, 234.739, -90.643, 1.140, 59.312, 112.012, 106.384, -28.468, 3.298, 230.860, -66.047
1.150, 56.437, 101.927, 93.916, 30.045, 3.302, 233.732, -90.804, 1.150, 60.443, 113.073, 106.083, -30.044, 3.302, 229.743, -66.226
1.160, 57.466, 102.869, 94.232, 31.620, 3.307, 232.717, -90.971, 1.160, 61.584, 114.131, 105.767, -31.619, 3.307, 228.617, -66.411
1.170, 58.504, 103.815, 94.564, 33.188, 3.312, 231.693, -91.145, 1.170, 62.736, 115.185, 105.435, -33.187, 3.312, 227.481, -66.603
1.180, 59.551, 104.764, 94.912, 34.747, 3.316, 230.661, -91.324, 1.180, 63.899, 116.236, 105.088, -34.745, 3.316, 226.336, -66.803
1.190, 60.608, 105.717, 95.274, 36.291, 3.321, 229.621, -91.510, 1.190, 65.071, 117.283, 104.725, -36.290, 3.321, 225.182, -67.009
1.200, 61.675, 106.673, 95.653, 37.817, 3.326, 228.571, -91.703, 1.200, 66.255, 118.327, 104.347, -37.815, 3.326, 224.018, -67.223
1.210, 62.752, 107.633, 96.046, 39.321, 3.330, 227.514, -91.902, 1.210, 67.448, 119.366, 103.954, -39.319, 3.330, 222.845, -67.444
1.220, 63.838, 108.598, 96.454, 40.799, 3.335, 226.448, -92.108, 1.220, 68.652, 120.402, 103.546, -40.797, 3.335, 221.663, -67.672
1.230, 64.933, 109.567, 96.876, 42.246, 3.340, 225.373, -92.321, 1.230, 69.867, 121.433, 103.123, -42.243, 3.340, 220.472, -67.909
1.240, 66.039, 110.540, 97.313, 43.658, 3.345, 224.290, -92.542, 1.240, 71.091, 122.460, 102.687, -43.656, 3.345, 219.271, -68.152
1.250, 67.154, 111.518, 97.763, 45.032, 3.349, 223.198, -92.769, 1.250, 72.326, 123.482, 102.236, -45.029, 3.349, 218.063, -68.404
1.260, 68.279, 112.500, 98.227, 46.364, 3.354, 222.098, -93.004, 1.260, 73.571, 124.500, 101.773, -46.361, 3.354, 216.845, -68.664
1.270, 69.414, 113.487, 98.703, 47.649, 3.359, 220.989, -93.246, 1.270, 74.826, 125.513, 101.296, -47.646, 3.359, 215.619, -68.932
1.280, 70.558, 114.479, 99.192, 48.885, 3.364, 219.872, -93.495, 1.280, 76.092, 126.521, 100.808, -48.882, 3.364, 214.384, -69.208
1.290, 71.713, 115.476, 99.693, 50.068, 3.369, 218.746, -93.753, 1.290, 77.367, 127.524, 100.307, -50.064, 3.369, 213.141, -69.492
1.300, 72.878, 116.478, 100.205, 51.194, 3.373, 217.612, -94.017, 1.300, 78.652, 128.522, 99.795, -51.190, 3.373, 211.889, -69.784
1.310, 74.053, 117.485, 100.727, 52.261, 3.378, 216.469, -94.290, 1.310, 79.947, 129.515, 99.272, -52.257, 3.378, 210.629, -70.085
1.320, 75.238, 118.498, 101.260, 53.267, 3.383, 215.318, -94.571, 1.320, 81.252, 130.502, 98.740, -53.262, 3.383, 209.362, -70.394
1.330, 76.433, 119.516, 101.802, 54.208, 3.388, 214.158, -94.860, 1.330, 82.567, 131.484, 98.198, -54.205, 3.388, 208.086, -70.711
1.340, 77.638, 120.539, 102.353, 55.085, 3.393, 212.990, -95.156, 1.340, 83.892, 132.461, 97.647, -55.079, 3.393, 206.802, -71.037
1.350, 78.854, 121.568, 102.912, 55.892, 3.397, 211.813, -95.461, 1.350, 85.226, 133.431, 97.088, -55.888, 3.397, 205.510, -71.372
1.360, 80.080, 122.603, 103.478, 56.632, 3.402, 210.627, -95.774, 1.360, 86.570, 134.397, 96.522, -56.627, 3.402, 204.211, -71.715
1.370, 81.316, 123.644, 104.051, 57.301, 3.407, 209.433, -96.096, 1.370, 87.923, 135.356, 95.949, -57.296, 3.407, 202.904, -72.067
1.380, 82.563, 124.690, 104.630, 57.900, 3.412, 208.231, -96.426, 1.380, 89.287, 136.310, 95.370, -57.896, 3.412, 201.589, -72.428
1.390, 83.821, 125.742, 105.215, 58.429, 3.416, 207.020, -96.764, 1.390, 90.659, 137.258, 94.786, -58.424, 3.416, 200.267, -72.797
1.400, 85.089, 126.800, 105.803, 58.888, 3.421, 205.800, -97.111, 1.400, 92.041, 138.200, 94.197, -58.883, 3.421, 198.938, -73.175
1.410, 86.367, 127.864, 106.396, 59.277, 3.425, 204.572, -97.466, 1.410, 93.432, 139.136, 93.604, -59.272, 3.425, 197.601, -73.561
1.420, 87.657, 128.934, 106.992, 59.597, 3.430, 203.335, -97.829, 1.420, 94.833, 140.066, 93.008, -59.593, 3.430, 196.257, -73.956
1.430, 88.957, 130.010, 107.591, 59.851, 3.434, 202.089, -98.202, 1.430, 96.243, 140.990, 92.410, -59.845, 3.434, 194.907, -74.360
1.440, 90.268, 131.092, 108.191, 60.037, 3.439, 200.835, -98.583, 1.440, 97.662, 141.908, 91.809, -60.034, 3.439, 193.549, -74.772
1.450, 91.590, 132.180, 108.793, 60.162, 3.443, 199.572, -98.972, 1.450, 99.090, 142.820, 91.208, -60.157, 3.443, 192.184, -75.193
1.460, 92.922, 133.274, 109.395, 60.224, 3.447, 198.300, -99.370, 1.460, 100.528, 143.726, 90.606, -60.220, 3.447, 190.812, -75.623
1.470, 94.266, 134.374, 109.997, 60.229, 3.451, 197.019, -99.777, 1.470, 101.974, 144.626, 90.003, -60.224, 3.451, 189.434, -76.060
1.480, 95.621, 135.480, 110.599, 60.176, 3.455, 195.730, -100.192, 1.480, 103.429, 145.520, 89.402, -60.172, 3.455, 188.049, -76.506
1.490, 96.987, 136.592, 111.200, 60.070, 3.459, 194.431, -100.616, 1.490, 104.893, 146.408, 88.801, -60.067, 3.459, 186.657, -76.961
1.500, 98.364, 137.681, 108.955, -224.474, 3.463, 193.124, -101.048, 1.500, 106.366, 147.260, 85.163, -363.755, 3.463, 185.259, -77.423
1.510, 99.751, 138.720, 103.848, -510.701, 3.467, 191.809, -101.489, 1.510, 107.846, 148.045, 78.506, -665.765, 3.467, 183.855, -77.894
1.520, 101.148, 139.707, 98.711, -513.663, 3.470, 190.485, -101.938, 1.520, 109.334, 148.764, 71.878, -662.803, 3.470, 182.446, -78.371
1.530, 102.554, 140.642, 93.543, -516.804, 3.474, 189.155, -102.394, 1.530, 110.828, 149.416, 65.281, -659.664, 3.474, 181.033, -78.856
1.540, 103.970, 141.526, 88.342, -520.107, 3.477, 187.818, -102.858, 1.540, 112.328, 150.004, 58.718, -656.359, 3.477, 179.616, -79.348
1.550, 105.393, 142.357, 83.107, -523.560, 3.481, 186.475, -103.329, 1.550, 113.833, 150.526, 52.188, -652.910, 3.481, 178.195, -79.846
1.560, 106.824, 143.135, 77.835, -527.143, 3.484, 185.126, -103.807, 1.560, 115.343, 150.982, 45.695, -649.325, 3.484, 176.772, -80.350
1.570, 108.263, 143.860, 72.527, -530.845, 3.487, 183.771, -104.292, 1.570, 116.857, 151.375, 39.239, -645.625, 3.487, 175.347, -80.860
1.580, 109.708, 144.532, 67.180, -534.650, 3.490, 182.412, -104.783, 1.580, 118.374, 151.703, 32.821, -641.822, 3.490, 173.920, -81.376
1.590, 111.160, 145.150, 61.795, -538.542, 3.492, 181.048, -105.280, 1.590, 119.894, 151.968, 26.441, -637.930, 3.492, 172.492, -81.896
1.600, 112.617, 145.714, 56.370, -542.509, 3.495, 179.680, -105.782, 1.600, 121.415, 152.169, 20.102, -633.963, 3.495, 171.064, -82.421
1.610, 114.079, 146.223, 50.904, -546.539, 3.497, 178.309, -106.290, 1.610, 122.938, 152.307, 13.802, -629.935, 3.497, 169.636, -82.949
1.620, 115.546, 146.677, 45.398, -550.616, 3.500, 176.935, -106.803, 1.620, 124.462, 152.382, 7.544, -625.856, 3.500, 168.208, -83.482
1.630, 117.017, 147.075, 39.851, -554.734, 3.502, 175.558, -107.320, 1.630, 125.986, 152.395, 1.326, -621.741, 3.502, 166.781, -84.018
1.640, 118.491, 147.418, 34.262, -558.877, 3.504, 174.179, -107.841, 1.640, 127.510, 152.347, -4.849, -617.598, 3.504, 165.356, -84.556
1.650, 119.968, 147.704, 28.632, -563.038, 3.506, 172.798, -108.365, 1.650, 129.032, 152.237, -10.984, -613.438, 3.506, 163.933, -85.097
1.660, 121.447, 147.934, 22.960, -567.207, 3.507, 171.416, -108.893, 1.660, 130.553, 152.066, -17.077, -609.269, 3.507, 162.512, -85.639
1.670, 122.929, 148.135, 20.152, -280.716, 3.509, 170.033, -109.424, 1.670, 132.071, 151.865, -20.152, -307.525, 3.509, 161.095, -86.183
1.680, 124.412, 148.338, 20.230, 7.769, 3.510, 168.649, -109.957, 1.680, 133.588, 151.662, -20.230, -7.775, 3.510, 159.679, -86.729
1.690, 125.897, 148.541, 20.298, 6.816, 3.511, 167.263, -110.493, 1.690, 135.102, 151.459, -20.298, -6.823, 3.511, 158.267, -87.275
1.700, 127.385, 148.744, 20.357, 5.898, 3.512, 165.877, -111.031, 1.700, 136.615, 151.256, -20.357, -5.905, 3.512, 156.857, -87.822
1.710, 128.874, 148.948, 20.407, 5.011, 3.513, 164.489, -111.571, 1.710, 138.125, 151.052, -20.407, -5.018, 3.513, 155.449, -88.370
1.720, 130.366, 149.153, 20.449, 4.151, 3.514, 163.099, -112.113, 1.720, 139.634, 150.847, -20.449, -4.157, 3.514, 154.044, -88.918
1.730, 131.859, 149.358, 20.482, 3.313, 3.514, 161.708, -112.657, 1.730, 141.140, 150.642, -20.482, -3.320, 3.514, 152.641, -89.467
1.740, 133.355, 149.563, 20.507, 2.493, 3.515, 160.315, -113.202, 1.740, 142.645, 150.437, -20.507, -2.500, 3.515, 151.240, -90.015
1.750, 134.853, 149.768, 20.524, 1.687, 3.515, 158.921, -113.748, 1.750, 144.147, 150.232, -20.524, -1.694, 3.515, 149.841, -90.562
1.760, 136.353, 149.973, 20.533, 0.891, 3.515, 157.524, -114.295, 1.760, 145.647, 150.027, -20.533, -0.898, 3.515, 148.444, -91.110
1.770, 137.854, 150.179, 20.534, 0.100, 3.515, 156.126, -114.842, 1.770, 147.146, 149.821, -20.534, -0.106, 3.515, 147.049, -91.656
1.780, 139.358, 150.384, 20.527, -0.691, 3.514, 154.725, -115.390, 1.780, 148.642, 149.616, -20.527, 0.684, 3.514, 145.655, -92.201
1.790, 140.864, 150.589, 20.512, -1.485, 3.514, 153.323, -115.939, 1.790, 150.136, 149.411, -20.512, 1.479, 3.514, 144.264, -92.745
1.800, 142.372, 150.794, 20.489, -2.289, 3.513, 151.918, -116.487, 1.800, 151.628, 149.206, -20.489, 2.282, 3.513, 142.874, -93.287
1.810, 143.882, 150.998, 20.458, -3.104, 3.513, 150.511, -117.035, 1.810, 153.118, 149.002, -20.458, 3.098, 3.513, 141.485, -93.828
1.820, 145.394, 151.203, 20.419, -3.937, 3.512, 149.101, -117.582, 1.820, 154.606, 148.797, -20.419, 3.930, 3.512, 140.098, -94.367
1.830, 146.908, 151.406, 20.371, -4.791, 3.510, 147.689, -118.129, 1.830, 156.092, 148.594, -20.371, 4.784, 3.510, 138.713, -94.903
1.840, 148.424, 151.609, 20.314, -5.670, 3.509, 146.275, -118.674, 1.840, 157.576, 148.391, -20.315, 5.664, 3.509, 137.328, -95.437
1.850, 149.942, 151.812, 20.248, -6.580, 3.508, 144.858, -119.219, 1.850, 159.058, 148.188, -20.249, 6.573, 3.508, 135.945, -95.969
1.860, 151.462, 152.014, 20.173, -7.523, 3.506, 143.438, -119.762, 1.860, 160.537, 147.986, -20.174, 7.517, 3.506, 134.563, -96.497
1.870, 152.984, 152.192, 17.881, -229.230, 3.504, 142.016, -120.303, 1.870, 162.015, 147.764, -22.229, -205.519, 3.504, 133.182, -97.023
1.880, 154.507, 152.318, 12.576, -530.455, 3.502, 140.591, -120.842, 1.880, 163.490, 147.492, -27.154, -492.529, 3.502, 131.802, -97.545
1.890, 156.031, 152.383, 6.453, -612.349, 3.500, 139.165, -121.379, 1.890, 164.962, 147.165, -32.795, -564.127, 3.500, 130.425, -98.063
1.900, 157.555, 152.386, 0.288, -616.512, 3.498, 137.737, -121.912, 1.900, 166.429, 146.781, -38.395, -559.964, 3.498, 129.050, -98.577
1.910, 159.078, 152.326, -5.919, -620.659, 3.496, 136.309, -122.442, 1.910, 167.893, 146.341, -43.953, -555.814, 3.496, 127.678, -99.086
1.920, 160.600, 152.205, -12.167, -624.784, 3.493, 134.881, -122.967, 1.920, 169.351, 145.846, -49.470, -551.691, 3.493, 126.309, -99.589
1.930, 162.121, 152.020, -18.456, -628.872, 3.490, 133.453, -123.489, 1.930, 170.804, 145.297, -54.946, -547.601, 3.490, 124.944, -100.088
1.940, 163.638, 151.772, -24.785, -632.914, 3.487, 132.026, -124.005, 1.940, 172.251, 144.693, -60.382, -543.558, 3.487, 123.584, -100.580
1.950, 165.153, 151.461, -31.154, -636.898, 3.485, 130.600, -124.517, 1.950, 173.692, 144.035, -65.777, -539.574, 3.485, 122.228, -101.067
1.960, 166.664, 151.085, -37.562, -640.811, 3.481, 129.176, -125.023, 1.960, 175.125, 143.324, -71.134, -535.660, 3.481, 120.877, -101.546
1.970, 168.170, 150.645, -44.008, -644.638, 3.478, 127.755, -125.522, 1.970, 176.550, 142.559, -76.452, -531.832, 3.478, 119.532, -102.019
1.980, 169.672, 150.140, -50.492, -648.366, 3.475, 126.337, -126.016, 1.980, 177.968, 141.742, -81.733, -528.102, 3.475, 118.194, -102.485
1.990, 171.167, 149.570, -57.012, -651.982, 3.471, 124.923, -126.503, 1.990, 179.377, 140.872, -86.978, -524.487, 3.471, 116.862, -102.944
2.000, 172.657, 148.934, -63.566, -655.468, 3.468, 123.513, -126.982, 2.000, 180.776, 139.950, -92.188, -520.999, 3.468, 115.537, -103.394
2.010, 174.139, 148.233, -70.154, -658.812, 3.464, 122.108, -127.454, 2.010, 182.166, 138.977, -97.365, -517.656, 3.464, 114.219, -103.837
2.020, 175.614, 147.465, -76.774, -661.995, 3.460, 120.708, -127.919, 2.020, 183.545, 137.952, -102.509, -514.471, 3.460, 112.910, -104.272
2.030, 177.080, 146.631, -83.424, -665.004, 3.456, 119.315, -128.376, 2.030, 184.914, 136.875, -107.624, -511.461, 3.456, 111.609, -104.698
2.040, 178.538, 145.752, -87.851, -442.633, 3.452, 117.928, -128.824, 2.040, 186.272, 135.769, -110.615, -299.091, 3.452, 110.317, -105.115
2.050, 179.986, 144.860, -89.245, -139.376, 3.448, 116.548, -129.264, 2.050, 187.618, 134.662, -110.756, -14.113, 3.448, 109.034, -105.524
2.060, 181.426, 143.961, -89.846, -60.149, 3.444, 115.174, -129.695, 2.060, 188.954, 133.560, -110.155, 60.153, 3.444, 107.760, -105.925
2.070, 182.856, 143.057, -90.448, -60.215, 3.440, 113.808, -130.118, 2.070, 190.279, 132.465, -109.552, 60.219, 3.440, 106.495, -106.316
2.080, 184.278, 142.146, -91.050, -60.226, 3.435, 112.448, -130.533, 2.080, 191.592, 131.375, -108.950, 60.231, 3.435, 105.238, -106.699
2.090, 185.690, 141.230, -91.652, -60.179, 3.431, 111.095, -130.939, 2.090, 192.895, 130.292, -108.348, 60.183, 3.431, 103.990, -107.074
2.100, 187.093, 140.307, -92.253, -60.071, 3.427, 109.750, -131.336, 2.100, 194.188, 129.214, -107.747, 60.076, 3.427, 102.751, -107.440
2.110, 188.487, 139.379, -92.852, -59.900, 3.422, 108.411, -131.725, 2.110, 195.469, 128.143, -107.148, 59.905, 3.422, 101.520, -107.797
2.120, 189.871, 138.444, -93.449, -59.665, 3.417, 107.080, -132.105, 2.120, 196.740, 127.077, -106.552, 59.669, 3.417, 100.299, -108.146
2.130, 191.246, 137.504, -94.042, -59.361, 3.413, 105.756, -132.476, 2.130, 198.000, 126.018, -105.958, 59.367, 3.413, 99.085, -108.487
2.140, 192.612, 136.558, -94.632, -58.991, 3.408, 104.440, -132.839, 2.140, 199.250, 124.964, -105.368, 58.995, 3.408, 97.880, -108.819
2.150, 193.968, 135.606, -95.218, -58.550, 3.403, 103.131, -133.193, 2.150, 200.489, 123.916, -104.783, 58.555, 3.403, 96.684, -109.142
2.160, 195.315, 134.648, -95.798, -58.040, 3.399, 101.829, -133.539, 2.160, 201.717, 122.874, -104.202, 58.045, 3.399, 95.497, -109.458
2.170, 196.651, 133.684, -96.373, -57.459, 3.394, 100.535, -133.876, 2.170, 202.936, 121.838, -103.627, 57.464, 3.394, 94.318, -109.765
2.180, 197.979, 132.714, -96.941, -56.808, 3.389, 99.250, -134.204, 2.180, 204.144, 120.807, -103.059, 56.813, 3.389, 93.147, -110.064
2.190, 199.296, 131.739, -97.502, -56.087, 3.384, 97.972, -134.524, 2.190, 205.342, 119.782, -102.498, 56.092, 3.384, 91.985, -110.354
2.200, 200.604, 130.759, -98.055, -55.297, 3.380, 96.702, -134.835, 2.200, 206.529, 118.763, -101.945, 55.302, 3.380, 90.832, -110.637
2.210, 201.901, 129.773, -98.599, -54.439, 3.375, 95.440, -135.138, 2.210, 207.707, 117.749, -101.401, 54.444, 3.375, 89.687, -110.912
2.220, 203.189, 128.782, -99.134, -53.515, 3.370, 94.186, -135.433, 2.220, 208.874, 116.740, -100.866, 53.519, 3.370, 88.550, -111.179
2.230, 204.467, 127.785, -99.659, -52.526, 3.365, 92.941, -135.719, 2.230, 210.032, 115.737, -100.341, 52.530, 3.365, 87.422, -111.438
2.240, 205.735, 126.783, -100.174, -51.474, 3.360, 91.704, -135.997, 2.240, 211.179, 114.738, -99.826, 51.479, 3.360, 86.303, -111.690
2.250, 206.993, 125.776, -100.678, -50.363, 3.355, 90.475, -136.267, 2.250, 212.316, 113.745, -99.322, 50.367, 3.355, 85.192, -111.934
2.260, 208.240, 124.765, -101.170, -49.195, 3.351, 89.255, -136.529, 2.260, 213.444, 112.757, -98.830, 49.199, 3.351, 84.089, -112.170
2.270, 209.478, 123.748, -101.649, -47.973, 3.346, 88.044, -136.782, 2.270, 214.562, 111.773, -98.350, 47.977, 3.346, 82.995, -112.400
2.280, 210.705, 122.727, -102.116, -46.701, 3.341, 86.842, -137.028, 2.280, 215.670, 110.795, -97.883, 46.704, 3.341, 81.910, -112.622
2.290, 211.922, 121.701, -102.570, -45.381, 3.336, 85.648, -137.267, 2.290, 216.768, 109.820, -97.429, 45.384, 3.336, 80.833, -112.837
2.300, 213.129, 120.671, -103.010, -44.018, 3.331, 84.464, -137.497, 2.300, 217.856, 108.850, -96.989, 44.021, 3.331, 79.765, -113.045
2.310, 214.325, 119.637, -103.437, -42.616, 3.327, 83.288, -137.720, 2.310, 218.935, 107.885, -96.563, 42.618, 3.327, 78.705, -113.246
2.320, 215.511, 118.598, -103.848, -41.178, 3.322, 82.122, -137.936, 2.320, 220.004, 106.923, -96.151, 41.180, 3.322, 77.653, -113.440
2.330, 216.687, 117.556, -104.245, -39.708, 3.317, 80.965, -138.144, 2.330, 221.064, 105.966, -95.754, 39.710, 3.317, 76.610, -113.628
2.340, 217.852, 116.510, -104.628, -38.211, 3.313, 79.818, -138.345, 2.340, 222.114, 105.012, -95.372, 38.213, 3.313, 75.576, -113.809
2.350, 219.006, 115.460, -104.994, -36.690, 3.308, 78.679, -138.539, 2.350, 223.155, 104.062, -95.005, 36.692, 3.308, 74.550, -113.984
2.360, 220.150, 114.406, -105.346, -35.150, 3.304, 77.551, -138.726, 2.360, 224.186, 103.115, -94.654, 35.152, 3.304, 73.533, -114.153
2.370, 221.284, 113.349, -105.682, -33.596, 3.299, 76.432, -138.907, 2.370, 225.208, 102.172, -94.318, 33.596, 3.299, 72.524, -114.315
2.380, 222.407, 112.289, -106.002, -32.029, 3.295, 75.322, -139.081, 2.380, 226.220, 101.232, -93.997, 32.031, 3.295, 71.524, -114.472
2.390, 223.519, 111.226, -106.307, -30.456, 3.290, 74.223, -139.248, 2.390, 227.223, 100.295, -93.693, 30.457, 3.290, 70.532, -114.623
2.400, 224.621, 110.160, -106.596, -28.880, 3.286, 73.133, -139.409, 2.400, 228.217, 99.361, -93.404, 28.880, 3.286, 69.550, -114.768
2.410, 225.712, 109.092, -106.869, -27.303, 3.282, 72.053, -139.563, 2.410, 229.201, 98.430, -93.131, 27.304, 3.282, 68.575, -114.907
2.420, 226.792, 108.020, -107.126, -25.731, 3.278, 70.983, -139.712, 2.420, 230.176, 97.501, -92.874, 25.731, 3.278, 67.609, -115.042
2.430, 227.861, 106.947, -107.368, -24.167, 3.273, 69.923, -139.855, 2.430, 231.142, 96.575, -92.632, 24.166, 3.273, 66.652, -115.170
2.440, 228.920, 105.871, -107.594, -22.612, 3.269, 68.873, -139.992, 2.440, 232.098, 95.651, -92.406, 22.613, 3.269, 65.704, -115.294
2.450, 229.968, 104.793, -107.804, -21.072, 3.265, 67.834, -140.123, 2.450, 233.045, 94.729, -92.195, 21.072, 3.265, 64.764, -115.413
2.460, 231.005, 103.713, -108.000, -19.549, 3.261, 66.804, -140.249, 2.460, 233.984, 93.809, -92.000, 19.547, 3.261, 63.833, -115.527
2.470, 232.031, 102.631, -108.180, -18.043, 3.257, 65.785, -140.369, 2.470, 234.912, 92.891, -91.819, 18.044, 3.257, 62.910, -115.636
2.480, 233.047, 101.548, -108.346, -16.562, 3.253, 64.776, -140.484, 2.480, 235.832, 91.974, -91.654, 16.560, 3.253, 61.997, -115.740
2.490, 234.051, 100.463, -108.497, -15.103, 3.250, 63.778, -140.595, 2.490, 236.743, 91.059, -91.503, 15.103, 3.250, 61.091, -115.840
2.500, 235.045, 99.376, -108.634, -13.672, 3.246, 62.789, -140.700, 2.500, 237.644, 90.146, -91.366, 13.669, 3.246, 60.195, -115.936
2.510, 236.028, 98.289, -108.756, -12.266, 3.242, 61.812, -140.801, 2.510, 238.537, 89.233, -91.243, 12.267, 3.242, 59.307, -116.027
2.520, 237.000, 97.200, -108.865, -10.894, 3.239, 60.844, -140.897, 2.520, 239.420, 88.322, -91.134, 10.891, 3.239, 58.429, -116.114
2.530, 237.961, 96.110, -108.961, -9.549, 3.235, 59.888, -140.988, 2.530, 240.294, 87.411, -91.039, 9.550, 3.235, 57.558, -116.198
2.540, 238.911, 95.020, -109.043, -8.241, 3.232, 58.942, -141.076, 2.540, 241.159, 86.502, -90.956, 8.238, 3.232, 56.697, -116.277
2.550, 239.851, 93.929, -109.113, -6.964, 3.229, 58.006, -141.159, 2.550, 242.015, 85.593, -90.887, 6.963, 3.229, 55.844, -116.353
2.560, 240.779, 92.837, -109.170, -5.722, 3.225, 57.081, -141.238, 2.560, 242.862, 84.685, -90.830, 5.722, 3.225, 55.001, -116.425
2.570, 241.696, 91.745, -109.215, -4.517, 3.222, 56.167, -141.313, 2.570, 243.700, 83.777, -90.784, 4.515, 3.222, 54.166, -116.493
2.580, 242.603, 90.653, -109.249, -3.347, 3.219, 55.263, -141.384, 2.580, 244.528, 82.869, -90.751, 3.346, 3.219, 53.340, -116.559
2.590, 243.499, 89.560, -109.271, -2.214, 3.216, 54.370, -141.452, 2.590, 245.348, 81.962, -90.729, 2.213, 3.216, 52.522, -116.621
2.600, 244.383, 88.467, -109.282, -1.119, 3.213, 53.488, -141.517, 2.600, 246.158, 81.055, -90.718, 1.116, 3.213, 51.714, -116.680
2.610, 245.257, 87.374, -109.283, -0.060, 3.210, 52.616, -141.578, 2.610, 246.960, 80.148, -90.717, 0.058, 3.210, 50.914, -116.736
2.620, 246.120, 86.281, -109.273, 0.963, 3.207, 51.755, -141.635, 2.620, 247.752, 79.240, -90.727, -0.962, 3.207, 50.124, -116.789
2.630, 246.972, 85.189, -109.254, 1.945, 3.204, 50.905, -141.690, 2.630, 248.536, 78.333, -90.746, -1.949, 3.204, 49.342, -116.839
2.640, 247.813, 84.097, -109.225, 2.893, 3.202, 50.066, -141.742, 2.640, 249.310, 77.425, -90.775, -2.894, 3.202, 48.569, -116.887
2.650, 248.643, 83.005, -109.187, 3.803, 3.199, 49.237, -141.790, 2.650, 250.075, 76.517, -90.813, -3.804, 3.199, 47.805, -116.932
2.660, 249.462, 81.913, -109.140, 4.676, 3.197, 48.419, -141.836, 2.660, 250.831, 75.608, -90.860, -4.678, 3.197, 47.051, -116.974
2.670, 250.270, 80.823, -109.085, 5.513, 3.194, 47.612, -141.880, 2.670, 251.578, 74.699, -90.915, -5.514, 3.194, 46.305, -117.014
2.680, 251.067, 79.732, -109.022, 6.313, 3.192, 46.816, -141.921, 2.680, 252.316, 73.790, -90.978, -6.316, 3.192, 45.568, -117.052
2.690, 251.854, 78.643, -108.951, 7.080, 3.189, 46.030, -141.959, 2.690, 253.045, 72.879, -91.049, -7.080, 3.189, 44.840, -117.088
2.700, 252.629, 77.554, -108.873, 7.810, 3.187, 45.256, -141.995, 2.700, 253.764, 71.968, -91.127, -7.811, 3.187, 44.121, -117.121
2.710, 253.394, 76.466, -108.788, 8.506, 3.185, 44.492, -142.029, 2.710, 254.475, 71.056, -91.212, -8.509, 3.185, 43.411, -117.153
2.720, 254.148, 75.379, -108.696, 9.170, 3.183, 43.739, -142.061, 2.720, 255.176, 70.143, -91.304, -9.170, 3.183, 42.710, -117.183
2.730, 254.891, 74.293, -108.598, 9.798, 3.181, 42.996, -142.091, 2.730, 255.869, 69.229, -91.402, -9.800, 3.181, 42.019, -117.210
2.740, 255.623, 73.208, -108.494, 10.396, 3.179, 42.265, -142.119, 2.740, 256.552, 68.314, -91.506, -10.396, 3.179, 41.336, -117.237
2.750, 256.344, 72.124, -108.384, 10.960, 3.177, 41.544, -142.146, 2.750, 257.226, 67.397, -91.615, -10.963, 3.177, 40.662, -117.261
2.760, 257.054, 71.042, -108.269, 11.496, 3.175, 40.834, -142.170, 2.760, 257.891, 66.480, -91.730, -11.496, 3.175, 39.998, -117.284
2.770, 257.754, 69.960, -108.149, 11.998, 3.173, 40.135, -142.193, 2.770, 258.546, 65.562, -91.850, -12.001, 3.173, 39.343, -117.305
2.780, 258.443, 68.880, -108.025, 12.473, 3.172, 39.446, -142.214, 2.780, 259.193, 64.642, -91.975, -12.474, 3.172, 38.697, -117.325
2.790, 259.121, 67.801, -107.895, 12.919, 3.170, 38.769, -142.234, 2.790, 259.830, 63.721, -92.104, -12.919, 3.170, 38.060, -117.344
2.800, 259.788, 66.723, -107.762, 13.334, 3.168, 38.102, -142.253, 2.800, 260.458, 62.798, -92.238, -13.337, 3.168, 37.432, -117.362
2.810, 260.445, 65.647, -107.625, 13.724, 3.167, 37.445, -142.270, 2.810, 261.077, 61.875, -92.375, -13.724, 3.167, 36.813, -117.378
2.820, 261.090, 64.572, -107.484, 14.085, 3.166, 36.800, -142.286, 2.820, 261.686, 60.949, -92.516, -14.086, 3.166, 36.204, -117.393
2.830, 261.725, 63.499, -107.340, 14.420, 3.164, 36.165, -142.300, 2.830, 262.286, 60.023, -92.660, -14.421, 3.164, 35.604, -117.407
2.840, 262.350, 62.427, -107.193, 14.728, 3.163, 35.541, -142.314, 2.840, 262.877, 59.095, -92.807, -14.731, 3.163, 35.013, -117.420
2.850, 262.963, 61.357, -107.042, 15.014, 3.162, 34.927, -142.327, 2.850, 263.459, 58.165, -92.957, -15.013, 3.162, 34.432, -117.432
2.860, 263.566, 60.288, -106.890, 15.271, 3.160, 34.325, -142.338, 2.860, 264.031, 57.234, -93.110, -15.274, 3.160, 33.859, -117.443
2.870, 264.158, 59.220, -106.735, 15.508, 3.159, 33.732, -142.349, 2.870, 264.594, 56.301, -93.265, -15.507, 3.159, 33.297, -117.453
2.880, 264.740, 58.155, -106.577, 15.718, 3.158, 33.151, -142.359, 2.880, 265.148, 55.367, -93.422, -15.719, 3.158, 32.743, -117.462
2.890, 265.311, 57.090, -106.418, 15.906, 3.157, 32.580, -142.368, 2.890, 265.692, 54.431, -93.582, -15.907, 3.157, 32.199, -117.471
2.900, 265.871, 56.028, -106.258, 16.071, 3.156, 32.020, -142.376, 2.900, 266.227, 53.494, -93.742, -16.072, 3.156, 31.664, -117.479
2.910, 266.421, 54.967, -106.096, 16.215, 3.155, 31.470, -142.384, 2.910, 266.753, 52.555, -93.904, -16.214, 3.155, 31.138, -117.486
2.920, 266.960, 53.908, -105.932, 16.335, 3.154, 30.931, -142.391, 2.920, 267.269, 51.614, -94.068, -16.337, 3.154, 30.622, -117.493
2.930, 267.488, 52.850, -105.768, 16.436, 3.153, 30.403, -142.397, 2.930, 267.776, 50.672, -94.232, -16.435, 3.153, 30.116, -117.499
2.940, 268.006, 51.794, -105.603, 16.514, 3.152, 29.885, -142.403, 2.940, 268.273, 49.728, -94.397, -16.515, 3.152, 29.618, -117.504
2.950, 268.514, 50.740, -105.437, 16.572, 3.152, 29.378, -142.408, 2.950, 268.761, 48.782, -94.563, -16.573, 3.152, 29.130, -117.509
2.960, 269.010, 49.687, -105.271, 16.611, 3.151, 28.881, -142.413, 2.960, 269.239, 47.835, -94.729, -16.610, 3.151, 28.652, -117.514
2.970, 269.497, 48.636, -105.105, 16.629, 3.150, 28.394, -142.417, 2.970, 269.708, 46.886, -94.895, -16.629, 3.150, 28.183, -117.518
2.980, 269.973, 47.586, -104.938, 16.627, 3.149, 27.919, -142.421, 2.980, 270.167, 45.936, -95.062, -16.629, 3.149, 27.724, -117.522
2.990, 270.438, 46.539, -104.772, 16.608, 3.149, 27.453, -142.424, 2.990, 270.617, 44.983, -95.228, -16.607, 3.149, 27.274, -117.525
3.000, 270.893, 45.493, -104.607, 16.568, 3.148, 26.998, -142.428, 3.000, 271.057, 44.029, -95.393, -16.569, 3.148, 26.834, -117.528
3.010, 271.337, 44.448, -104.441, 16.511, 3.148, 26.554, -142.430, 3.010, 271.488, 43.074, -95.559, -16.511, 3.148, 26.403, -117.531
3.020, 271.771, 43.405, -104.277, 16.434, 3.147, 26.120, -142.433, 3.020, 271.909, 42.116, -95.723, -16.435, 3.147, 25.982, -117.533
3.030, 272.195, 42.364, -104.114, 16.341, 3.147, 25.696, -142.435, 3.030, 272.321, 41.158, -95.886, -16.341, 3.147, 25.570, -117.535
3.040, 272.608, 41.325, -103.951, 16.229, 3.146, 25.283, -142.437, 3.040, 272.723, 40.197, -96.049, -16.230, 3.146, 25.168, -117.537
3.050, 273.011, 40.287, -103.790, 16.101, 3.146, 24.880, -142.439, 3.050, 273.115, 39.235, -96.210, -16.100, 3.146, 24.776, -117.539
3.060, 273.404, 39.251, -103.631, 15.954, 3.145, 24.488, -142.440, 3.060, 273.498, 38.271, -96.369, -15.955, 3.145, 24.393, -117.541
3.070, 273.786, 38.216, -103.473, 15.792, 3.145, 24.105, -142.442, 3.070, 273.871, 37.306, -96.527, -15.792, 3.145, 24.020, -117.542
3.080, 274.158, 37.183, -103.317, 15.612, 3.145, 23.734, -142.443, 3.080, 274.234, 36.339, -96.683, -15.612, 3.145, 23.657, -117.543
3.090, 274.519, 36.151, -103.163, 15.417, 3.144, 23.372, -142.444, 3.090, 274.588, 35.371, -96.837, -15.417, 3.144, 23.303, -117.544
3.100, 274.870, 35.121, -103.011, 15.205, 3.144, 23.021, -142.445, 3.100, 274.932, 34.401, -96.989, -15.205, 3.144, 22.959, -117.545
3.110, 275.211, 34.092, -102.861, 14.977, 3.144, 22.680, -142.446, 3.110, 275.266, 33.430, -97.139, -14.978, 3.144, 22.625, -117.546
3.120, 275.542, 33.065, -102.713, 14.735, 3.144, 22.349, -142.446, 3.120, 275.591, 32.457, -97.287, -14.735, 3.144, 22.300, -117.547
3.130, 275.862, 32.039, -102.569, 14.477, 3.143, 22.029, -142.447, 3.130, 275.906, 31.482, -97.431, -14.476, 3.143, 21.986, -117.547
3.140, 276.173, 31.015, -102.427, 14.203, 3.143, 21.719, -142.448, 3.140, 276.211, 30.507, -97.573, -14.204, 3.143, 21.680, -117.548
3.150, 276.472, 29.992, -102.287, 13.916, 3.143, 21.419, -142.448, 3.150, 276.506, 29.530, -97.713, -13.916, 3.143, 21.385, -117.548
3.160, 276.762, 28.971, -102.151, 13.614, 3.143, 21.129, -142.448, 3.160, 276.792, 28.551, -97.849, -13.615, 3.143, 21.100, -117.548
3.170, 277.042, 27.951, -102.018, 13.299, 3.143, 20.850, -142.449, 3.170, 277.067, 27.571, -97.982, -13.299, 3.143, 20.824, -117.549
3.180, 277.311, 26.932, -101.889, 12.970, 3.142, 20.580, -142.449, 3.180, 277.333, 26.590, -98.111, -12.970, 3.142, 20.558, -117.549
3.190, 277.570, 25.914, -101.762, 12.627, 3.142, 20.321, -142.449, 3.190, 277.589, 25.608, -98.238, -12.627, 3.142, 20.302, -117.549
3.200, 277.819, 24.898, -101.640, 12.271, 3.142, 20.072, -142.449, 3.200, 277.836, 24.624, -98.360, -12.272, 3.142, 20.056, -117.549
3.210, 278.058, 23.883, -101.521, 11.904, 3.142, 19.833, -142.449, 3.210, 278.072, 23.639, -98.479, -11.903, 3.142, 19.819, -117.549
3.220, 278.287, 22.868, -101.405, 11.523, 3.142, 19.605, -142.450, 3.220, 278.299, 22.653, -98.595, -11.523, 3.142, 19.593, -117.550
3.230, 278.505, 21.856, -101.294, 11.131, 3.142, 19.386, -142.450, 3.230, 278.515, 21.666, -98.706, -11.131, 3.142, 19.376, -117.550
3.240, 278.714, 20.844, -101.187, 10.727, 3.142, 19.178, -142.450, 3.240, 278.722, 20.678, -98.813, -10.727, 3.142, 19.169, -117.550
3.250, 278.912, 19.833, -101.084, 10.312, 3.142, 18.979, -142.450, 3.250, 278.919, 19.689, -98.916, -10.313, 3.142, 18.972, -117.550
3.260, 279.100, 18.823, -100.985, 9.887, 3.142, 18.791, -142.450, 3.260, 279.106, 18.699, -99.015, -9.887, 3.142, 18.785, -117.550
3.270, 279.278, 17.814, -100.890, 9.452, 3.142, 18.613, -142.450, 3.270, 279.283, 17.708, -99.110, -9.452, 3.142, 18.608, -117.550
3.280, 279.446, 16.806, -100.800, 9.006, 3.142, 18.445, -142.450, 3.280, 279.450, 16.716, -99.200, -9.006, 3.142, 18.441, -117.550
3.290, 279.604, 15.799, -100.715, 8.551, 3.142, 18.287, -142.450, 3.290, 279.607, 15.723, -99.285, -8.551, 3.142, 18.284, -117.550
3.300, 279.752, 14.793, -100.634, 8.088, 3.142, 18.139, -142.450, 3.300, 279.755, 14.729, -99.366, -8.088, 3.142, 18.137, -117.550
3.310, 279.890, 13.787, -100.558, 7.616, 3.142, 18.001, -142.450, 3.310, 279.892, 13.735, -99.442, -7.616, 3.142, 17.999, -117.550
3.320, 280.018, 12.782, -100.486, 7.136, 3.142, 17.873, -142.450, 3.320, 280.019, 12.740, -99.514, -7.136, 3.142, 17.872, -117.550
3.330, 280.136, 11.778, -100.420, 6.648, 3.142, 17.755, -142.450, 3.330, 280.137, 11.744, -99.580, -6.648, 3.142, 17.755, -117.550
3.340, 280.244, 10.774, -100.358, 6.154, 3.142, 17.648, -142.450, 3.340, 280.244, 10.748, -99.642, -6.154, 3.142, 17.647, -117.550
3.350, 280.341, 9.771, -100.302, 5.653, 3.142, 17.550, -142.450, 3.350, 280.342, 9.751, -99.698, -5.653, 3.142, 17.550, -117.550
3.360, 280.429, 8.769, -100.250, 5.147, 3.142, 17.462, -142.450, 3.360, 280.429, 8.753, -99.750, -5.147, 3.142, 17.462, -117.550
3.370, 280.507, 7.789, -98.029, 222.155, 3.142, 17.384, -142.450, 3.370, 280.507, 7.777, -97.624, 212.588, 3.142, 17.384, -117.550
3.380, 280.575, 6.860, -92.871, 515.816, 3.142, 17.316, -142.450, 3.380, 280.576, 6.851, -92.552, 507.161, 3.142, 17.316, -117.550
3.390, 280.635, 5.990, -86.952, 591.884, 3.142, 17.256, -142.450, 3.390, 280.635, 5.984, -86.706, 584.586, 3.142, 17.256, -117.550
3.400, 280.687, 5.180, -81.040, 591.220, 3.142, 17.204, -142.450, 3.400, 280.687, 5.176, -80.854, 585.250, 3.142, 17.204, -117.550
3.410, 280.731, 4.429, -75.133, 590.641, 3.142, 17.160, -142.450, 3.410, 280.731, 4.426, -74.996, 585.830, 3.142, 17.160, -117.550
3.420, 280.769, 3.736, -69.232, 590.141, 3.142, 17.123, -142.450, 3.420, 280.769, 3.734, -69.132, 586.330, 3.142, 17.123, -117.550
3.430, 280.800, 3.103, -63.335, 589.715, 3.142, 17.091, -142.450, 3.430, 280.800, 3.102, -63.265, 586.755, 3.142, 17.092, -117.550
3.440, 280.825, 2.529, -57.441, 589.358, 3.142, 17.066, -142.450, 3.440, 280.825, 2.528, -57.394, 587.113, 3.142, 17.066, -117.550
3.450, 280.845, 2.013, -51.550, 589.063, 3.142, 17.046, -142.450, 3.450, 280.845, 2.013, -51.519, 587.408, 3.142, 17.046, -117.550
3.460, 280.861, 1.556, -45.662, 588.824, 3.142, 17.030, -142.450, 3.460, 280.861, 1.556, -45.643, 587.646, 3.142, 17.031, -117.550
3.470, 280.872, 1.159, -39.776, 588.637, 3.142, 17.019, -142.450, 3.470, 280.872, 1.159, -39.765, 587.834, 3.142, 17.019, -117.550
3.480, 280.881, 0.820, -33.891, 588.494, 3.142, 17.011, -142.450, 3.480, 280.881, 0.820, -33.885, 587.976, 3.142, 17.011, -117.550
3.490, 280.886, 0.540, -28.007, 588.391, 3.142, 17.005, -142.450, 3.490, 280.886, 0.540, -28.004, 588.080, 3.142, 17.005, -117.550
3.500, 280.889, 0.318, -22.124, 588.319, 3.142, 17.002, -142.450, 3.500, 280.889, 0.318, -22.123, 588.151, 3.142, 17.002, -117.550
3.510, 280.891, 0.156, -16.241, 588.274, 3.142, 17.001, -142.450, 3.510, 280.891, 0.156, -16.241, 588.196, 3.142, 17.001, -117.550
3.520, 280.891, 0.052, -10.358, 588.249, 3.142, 17.000, -142.450, 3.520, 280.891, 0.052, -10.358, 588.221, 3.142, 17.000, -117.550
3.530, 280.891, 0.008, -4.476, 588.239, 3.142, 17.000, -142.450, 3.530, 280.891, 0.008, -4.476, 588.232, 3.142, 17.000, -117.550
3.540, 280.891, 0.000, -0.767, 370.864, 3.142, 17.000, -142.450, 3.540, 280.891, 0.000, -0.767, 370.864, 3.142, 17.000, -117.550
