0.000, 0.000, 0.060, 5.988, 598.802, 4.712, 12.450, -0.001, 0.000, 0.000, 0.060, 5.988, 598.802, 4.712, -12.450, 0.001
0.010, 0.001, 0.120, 5.988, -0.015, 4.712, 12.450, -0.003, 0.010, 0.001, 0.120, 5.988, 0.015, 4.712, -12.450, -0.000
0.020, 0.004, 0.269, 14.969, 898.128, 4.712, 12.450, -0.005, 0.020, 0.004, 0.269, 14.971, 898.279, 4.712, -12.450, -0.003
0.030, 0.009, 0.479, 20.955, 598.566, 4.712, 12.450, -0.010, 0.030, 0.009, 0.479, 20.961, 599.039, 4.712, -12.450, -0.008
0.040, 0.016, 0.748, 26.937, 598.258, 4.712, 12.450, -0.018, 0.040, 0.016, 0.749, 26.955, 599.346, 4.712, -12.450, -0.015
0.050, 0.027, 1.078, 32.915, 597.756, 4.712, 12.450, -0.028, 0.050, 0.027, 1.078, 32.953, 599.848, 4.712, -12.450, -0.026
0.060, 0.042, 1.466, 38.885, 597.013, 4.712, 12.450, -0.043, 0.060, 0.042, 1.468, 38.959, 600.592, 4.712, -12.450, -0.041
0.070, 0.061, 1.915, 44.845, 595.982, 4.712, 12.450, -0.062, 0.070, 0.061, 1.918, 44.975, 601.623, 4.712, -12.450, -0.060
0.080, 0.085, 2.423, 50.791, 594.620, 4.712, 12.450, -0.086, 0.080, 0.085, 2.428, 51.005, 602.984, 4.712, -12.450, -0.084
0.090, 0.115, 2.990, 56.720, 592.889, 4.712, 12.450, -0.116, 0.090, 0.115, 2.998, 57.052, 604.715, 4.712, -12.450, -0.114
0.100, 0.151, 3.586, 59.640, 291.965, 4.712, 12.450, -0.152, 0.100, 0.151, 3.599, 60.121, 306.838, 4.712, -12.450, -0.150
0.110, 0.193, 4.182, 59.554, -8.548, 4.712, 12.450, -0.194, 0.110, 0.193, 4.201, 60.206, 8.548, 4.712, -12.450, -0.192
0.120, 0.241, 4.776, 59.455, -9.869, 4.712, 12.450, -0.242, 0.120, 0.241, 4.804, 60.305, 9.869, 4.712, -12.450, -0.240
0.130, 0.294, 5.370, 59.344, -11.140, 4.712, 12.450, -0.296, 0.130, 0.295, 5.409, 60.416, 11.140, 4.712, -12.450, -0.294
0.140, 0.354, 5.962, 59.221, -12.357, 4.712, 12.450, -0.355, 0.140, 0.356, 6.014, 60.540, 12.357, 4.712, -12.450, -0.354
0.150, 0.419, 6.553, 59.085, -13.511, 4.712, 12.450, -0.421, 0.150, 0.422, 6.621, 60.675, 13.511, 4.712, -12.450, -0.421
0.160, 0.491, 7.142, 58.939, -14.596, 4.712, 12.450, -0.492, 0.160, 0.494, 7.229, 60.821, 14.596, 4.712, -12.450, -0.493
0.170, 0.568, 7.730, 58.783, -15.605, 4.712, 12.450, -0.569, 0.170, 0.573, 7.839, 60.977, 15.605, 4.712, -12.450, -0.571
0.180, 0.651, 8.316, 58.618, -16.531, 4.713, 12.450, -0.653, 0.180, 0.657, 8.450, 61.142, 16.531, 4.713, -12.450, -0.656
0.190, 0.740, 8.901, 58.444, -17.367, 4.713, 12.450, -0.742, 0.190, 0.748, 9.063, 61.316, 17.367, 4.713, -12.450, -0.746
0.200, 0.835, 9.483, 58.263, -18.107, 4.713, 12.450, -0.836, 0.200, 0.844, 9.678, 61.497, 18.107, 4.713, -12.450, -0.843
0.210, 0.936, 10.064, 58.076, -18.743, 4.713, 12.450, -0.937, 0.210, 0.947, 10.295, 61.685, 18.743, 4.713, -12.450, -0.946
0.220, 1.042, 10.643, 57.883, -19.270, 4.713, 12.450, -1.043, 0.220, 1.057, 10.914, 61.877, 19.270, 4.713, -12.450, -1.055
0.230, 1.154, 11.220, 57.686, -19.681, 4.713, 12.450, -1.156, 0.230, 1.172, 11.535, 62.074, 19.681, 4.713, -12.450, -1.171
0.240, 1.272, 11.795, 57.487, -19.969, 4.713, 12.450, -1.274, 0.240, 1.293, 12.157, 62.274, 19.969, 4.713, -12.450, -1.292
0.250, 1.396, 12.368, 57.285, -20.130, 4.713, 12.450, -1.397, 0.250, 1.421, 12.782, 62.475, 20.130, 4.713, -12.450, -1.420
0.260, 1.525, 12.938, 57.084, -20.157, 4.713, 12.450, -1.527, 0.260, 1.555, 13.409, 62.677, 20.157, 4.713, -12.450, -1.554
0.270, 1.661, 13.507, 56.883, -20.045, 4.714, 12.451, -1.662, 0.270, 1.696, 14.038, 62.877, 20.045, 4.714, -12.449, -1.695
0.280, 1.801, 14.074, 56.685, -19.789, 4.714, 12.451, -1.802, 0.280, 1.842, 14.668, 63.075, 19.789, 4.714, -12.449, -1.841
0.290, 1.948, 14.639, 56.492, -19.385, 4.714, 12.451, -1.949, 0.290, 1.995, 15.301, 63.269, 19.385, 4.714, -12.449, -1.994
0.300, 2.100, 15.202, 56.303, -18.829, 4.715, 12.451, -2.101, 0.300, 2.155, 15.936, 63.457, 18.829, 4.715, -12.449, -2.154
0.310, 2.257, 15.763, 56.122, -18.117, 4.715, 12.452, -2.259, 0.310, 2.321, 16.572, 63.638, 18.117, 4.715, -12.448, -2.319
0.320, 2.421, 16.323, 55.950, -17.246, 4.715, 12.452, -2.422, 0.320, 2.493, 17.210, 63.811, 17.247, 4.715, -12.448, -2.491
0.330, 2.589, 16.881, 55.788, -16.215, 4.716, 12.453, -2.591, 0.330, 2.671, 17.850, 63.973, 16.215, 4.716, -12.447, -2.670
0.340, 2.764, 17.437, 55.637, -15.021, 4.716, 12.453, -2.765, 0.340, 2.856, 18.491, 64.123, 15.020, 4.716, -12.447, -2.855
0.350, 2.944, 17.992, 55.501, -13.662, 4.716, 12.454, -2.945, 0.350, 3.047, 19.134, 64.260, 13.663, 4.716, -12.446, -3.046
0.360, 3.129, 18.546, 55.379, -12.141, 4.717, 12.455, -3.130, 0.360, 3.245, 19.778, 64.381, 12.140, 4.717, -12.445, -3.244
0.370, 3.320, 19.099, 55.275, -10.454, 4.717, 12.456, -3.321, 0.370, 3.449, 20.422, 64.486, 10.455, 4.717, -12.444, -3.448
0.380, 3.517, 19.650, 55.189, -8.606, 4.718, 12.457, -3.518, 0.380, 3.660, 21.068, 64.572, 8.606, 4.718, -12.443, -3.659
0.390, 3.719, 20.202, 55.123, -6.598, 4.719, 12.458, -3.720, 0.390, 3.877, 21.714, 64.638, 6.597, 4.719, -12.442, -3.876
0.400, 3.926, 20.752, 55.078, -4.430, 4.719, 12.459, -3.927, 0.400, 4.101, 22.361, 64.682, 4.431, 4.719, -12.440, -4.100
0.410, 4.139, 21.303, 55.057, -2.109, 4.720, 12.461, -4.140, 0.410, 4.331, 23.008, 64.703, 2.109, 4.720, -12.438, -4.330
0.420, 4.358, 21.854, 55.061, 0.362, 4.721, 12.463, -4.359, 0.420, 4.567, 23.655, 64.699, -0.363, 4.721, -12.437, -4.566
0.430, 4.582, 22.405, 55.091, 2.980, 4.721, 12.465, -4.583, 0.430, 4.810, 24.302, 64.670, -2.980, 4.721, -12.434, -4.809
0.440, 4.811, 22.956, 55.148, 5.737, 4.722, 12.467, -4.812, 0.440, 5.060, 24.948, 64.612, -5.737, 4.722, -12.432, -5.059
0.450, 5.046, 23.508, 55.234, 8.628, 4.723, 12.469, -5.048, 0.450, 5.316, 25.593, 64.526, -8.628, 4.723, -12.429, -5.315
0.460, 5.287, 24.062, 55.351, 11.647, 4.724, 12.472, -5.288, 0.460, 5.578, 26.237, 64.410, -11.647, 4.724, -12.426, -5.577
0.470, 5.533, 24.617, 55.499, 14.786, 4.725, 12.475, -5.534, 0.470, 5.847, 26.880, 64.262, -14.786, 4.725, -12.423, -5.846
0.480, 5.785, 25.174, 55.679, 18.037, 4.726, 12.478, -5.786, 0.480, 6.122, 27.521, 64.081, -18.037, 4.726, -12.420, -6.121
0.490, 6.042, 25.733, 55.893, 21.393, 4.727, 12.482, -6.043, 0.490, 6.404, 28.160, 63.867, -21.393, 4.727, -12.416, -6.402
0.500, 6.305, 26.294, 56.142, 24.846, 4.728, 12.486, -6.306, 0.500, 6.692, 28.796, 63.619, -24.846, 4.728, -12.411, -6.690
0.510, 6.574, 26.858, 56.425, 28.388, 4.729, 12.490, -6.575, 0.510, 6.986, 29.429, 63.335, -28.387, 4.729, -12.407, -6.985
0.520, 6.848, 27.426, 56.745, 32.010, 4.730, 12.495, -6.849, 0.520, 7.287, 30.059, 63.015, -32.010, 4.730, -12.402, -7.285
0.530, 7.128, 27.997, 57.103, 35.706, 4.731, 12.500, -7.129, 0.530, 7.594, 30.686, 62.658, -35.706, 4.731, -12.396, -7.592
0.540, 7.414, 28.572, 57.497, 39.467, 4.732, 12.505, -7.415, 0.540, 7.907, 31.308, 62.263, -39.467, 4.732, -12.390, -7.905
0.550, 7.705, 29.151, 57.930, 43.287, 4.733, 12.511, -7.706, 0.550, 8.226, 31.927, 61.830, -43.287, 4.733, -12.384, -8.224
0.560, 8.003, 29.735, 58.402, 47.159, 4.734, 12.517, -8.003, 0.560, 8.551, 32.540, 61.359, -47.159, 4.734, -12.377, -8.550
0.570, 8.306, 30.324, 58.912, 51.079, 4.735, 12.524, -8.306, 0.570, 8.883, 33.149, 60.848, -51.079, 4.735, -12.369, -8.881
0.580, 8.615, 30.919, 59.463, 55.041, 4.737, 12.531, -8.616, 0.580, 9.220, 33.752, 60.298, -55.041, 4.737, -12.361, -9.218
0.590, 8.930, 31.519, 60.053, 59.043, 4.738, 12.539, -8.931, 0.590, 9.564, 34.349, 59.707, -59.043, 4.738, -12.353, -9.562
0.600, 9.251, 32.126, 60.684, 63.083, 4.739, 12.548, -9.252, 0.600, 9.913, 34.940, 59.076, -63.082, 4.739, -12.344, -9.911
0.610, 9.579, 32.740, 61.356, 67.159, 4.740, 12.556, -9.579, 0.610, 10.268, 35.524, 58.405, -67.159, 4.740, -12.334, -10.266
0.620, 9.912, 33.360, 62.068, 71.275, 4.741, 12.566, -9.913, 0.620, 10.629, 36.101, 57.692, -71.275, 4.741, -12.324, -10.627
0.630, 10.252, 33.989, 62.823, 75.433, 4.742, 12.576, -10.252, 0.630, 10.996, 36.670, 56.938, -75.432, 4.742, -12.313, -10.994
0.640, 10.599, 34.625, 63.619, 79.638, 4.743, 12.586, -10.598, 0.640, 11.368, 37.231, 56.141, -79.638, 4.743, -12.302, -11.366
0.650, 10.951, 35.269, 64.458, 83.898, 4.744, 12.597, -10.951, 0.650, 11.746, 37.784, 55.302, -83.898, 4.744, -12.290, -11.743
0.660, 11.311, 35.923, 65.340, 88.223, 4.745, 12.609, -11.310, 0.660, 12.130, 38.329, 54.420, -88.223, 4.745, -12.278, -12.126
0.670, 11.676, 36.585, 66.267, 92.627, 4.746, 12.621, -11.676, 0.670, 12.518, 38.864, 53.494, -92.626, 4.746, -12.265, -12.515
0.680, 12.049, 37.258, 67.238, 97.123, 4.747, 12.634, -12.048, 0.680, 12.912, 39.389, 52.523, -97.123, 4.747, -12.251, -12.909
0.690, 12.428, 37.940, 68.255, 101.731, 4.748, 12.647, -12.427, 0.690, 13.311, 39.904, 51.505, -101.730, 4.748, -12.237, -13.307
0.700, 12.815, 38.634, 69.320, 106.472, 4.748, 12.661, -12.813, 0.700, 13.715, 40.408, 50.441, -106.473, 4.748, -12.223, -13.711
0.710, 13.208, 39.338, 70.434, 111.373, 4.749, 12.675, -13.206, 0.710, 14.124, 40.902, 49.327, -111.373, 4.749, -12.208, -14.120
0.720, 13.609, 40.054, 71.598, 116.461, 4.750, 12.690, -13.607, 0.720, 14.538, 41.383, 48.162, -116.461, 4.750, -12.193, -14.533
0.730, 14.016, 40.782, 72.816, 121.770, 4.750, 12.705, -14.014, 0.730, 14.957, 41.853, 46.945, -121.770, 4.750, -12.177, -14.952
0.740, 14.432, 41.523, 74.089, 127.337, 4.750, 12.721, -14.429, 0.740, 15.380, 42.309, 45.671, -127.337, 4.750, -12.161, -15.374
0.750, 14.854, 42.277, 75.421, 133.203, 4.751, 12.737, -14.852, 0.750, 15.807, 42.753, 44.339, -133.204, 4.751, -12.145, -15.802
0.760, 15.285, 43.045, 76.816, 139.416, 4.751, 12.753, -15.282, 0.760, 16.239, 43.182, 42.945, -139.417, 4.751, -12.128, -16.233
0.770, 15.723, 43.828, 78.276, 146.027, 4.751, 12.770, -15.720, 0.770, 16.675, 43.597, 41.485, -146.029, 4.751, -12.112, -16.669
0.780, 16.169, 44.626, 79.807, 153.095, 4.750, 12.787, -16.166, 0.780, 17.115, 43.997, 39.954, -153.097, 4.750, -12.095, -17.109
0.790, 16.624, 45.440, 81.414, 160.684, 4.750, 12.804, -16.620, 0.790, 17.559, 44.380, 38.347, -160.686, 4.750, -12.078, -17.552
0.800, 17.087, 46.271, 83.102, 168.865, 4.749, 12.821, -17.082, 0.800, 18.006, 44.747, 36.658, -168.868, 4.749, -12.062, -17.999
0.810, 17.558, 47.120, 84.879, 177.718, 4.748, 12.839, -17.553, 0.810, 18.457, 45.095, 34.881, -177.722, 4.748, -12.045, -18.450
0.820, 18.038, 47.988, 86.753, 187.329, 4.747, 12.856, -18.033, 0.820, 18.911, 45.425, 33.008, -187.334, 4.747, -12.029, -18.904
0.830, 18.526, 48.875, 88.731, 197.796, 4.746, 12.873, -18.521, 0.830, 19.369, 45.736, 31.030, -197.802, 4.746, -12.013, -19.361
0.840, 19.024, 49.783, 90.823, 209.225, 4.745, 12.889, -19.019, 0.840, 19.829, 46.025, 28.937, -209.232, 4.745, -11.998, -19.821
0.850, 19.531, 50.714, 93.040, 221.735, 4.743, 12.905, -19.525, 0.850, 20.292, 46.292, 26.720, -221.743, 4.743, -11.984, -20.284
0.860, 20.048, 51.668, 95.395, 235.455, 4.741, 12.920, -20.042, 0.860, 20.757, 46.536, 24.365, -235.465, 4.741, -11.970, -20.749
0.870, 20.575, 52.647, 97.900, 250.531, 4.738, 12.934, -20.568, 0.870, 21.225, 46.755, 21.860, -250.542, 4.738, -11.957, -21.216
0.880, 21.111, 53.652, 100.571, 267.120, 4.736, 12.948, -21.105, 0.880, 21.694, 46.946, 19.188, -267.134, 4.736, -11.946, -21.685
0.890, 21.658, 54.687, 103.425, 285.397, 4.733, 12.960, -21.651, 0.890, 22.165, 47.110, 16.334, -285.415, 4.733, -11.935, -22.156
0.900, 22.215, 55.751, 106.481, 305.558, 4.729, 12.970, -22.209, 0.900, 22.638, 47.243, 13.279, -305.577, 4.729, -11.927, -22.629
0.910, 22.784, 56.849, 109.759, 327.809, 4.725, 12.978, -22.777, 0.910, 23.111, 47.343, 10.000, -327.832, 4.725, -11.919, -23.102
0.920, 23.364, 57.982, 113.283, 352.384, 4.721, 12.985, -23.357, 0.920, 23.585, 47.407, 6.476, -352.411, 4.721, -11.914, -23.576
0.930, 23.955, 59.153, 117.078, 379.532, 4.716, 12.989, -23.948, 0.930, 24.060, 47.434, 2.680, -379.565, 4.716, -11.911, -24.051
0.940, 24.559, 60.364, 121.173, 409.526, 4.711, 12.990, -24.552, 0.940, 24.534, 47.420, -1.415, -409.564, 4.711, -11.910, -24.525
0.950, 25.175, 61.620, 125.600, 442.653, 4.706, 12.987, -25.168, 0.950, 25.008, 47.362, -5.842, -442.700, 4.706, -11.912, -24.998
0.960, 25.804, 62.924, 130.392, 479.225, 4.699, 12.981, -25.797, 0.960, 25.480, 47.255, -10.635, -479.276, 4.699, -11.917, -25.471
0.970, 26.447, 64.280, 135.588, 519.553, 4.692, 12.970, -26.440, 0.970, 25.951, 47.097, -15.831, -519.617, 4.692, -11.925, -25.942
0.980, 27.104, 65.692, 141.227, 563.966, 4.685, 12.955, -27.097, 0.980, 26.420, 46.882, -21.472, -564.040, 4.685, -11.936, -26.410
0.990, 27.776, 67.166, 147.355, 612.774, 4.677, 12.933, -27.768, 0.990, 26.886, 46.606, -27.600, -612.862, 4.677, -11.951, -26.876
1.000, 28.463, 68.706, 154.018, 666.266, 4.668, 12.906, -28.455, 1.000, 27.349, 46.264, -34.264, -666.371, 4.668, -11.969, -27.339
1.010, 29.166, 70.319, 161.265, 724.677, 4.658, 12.871, -29.157, 1.010, 27.807, 45.848, -41.512, -724.800, 4.658, -11.992, -27.796
1.020, 29.886, 72.010, 169.146, 788.149, 4.647, 12.828, -29.876, 1.020, 28.261, 45.355, -49.395, -788.293, 4.647, -12.019, -28.249
1.030, 30.624, 73.787, 177.713, 856.674, 4.635, 12.775, -30.612, 1.030, 28.708, 44.775, -57.963, -856.849, 4.635, -12.051, -28.696
1.040, 31.381, 75.657, 187.013, 930.037, 4.623, 12.712, -31.366, 1.040, 29.149, 44.102, -67.266, -930.241, 4.623, -12.088, -29.135
1.050, 32.157, 77.628, 197.090, 1007.685, 4.609, 12.637, -32.138, 1.050, 29.583, 43.329, -77.345, -1007.927, 4.609, -12.129, -29.567
1.060, 32.954, 79.708, 207.976, 1088.619, 4.594, 12.549, -32.931, 1.060, 30.007, 42.446, -88.234, -1088.903, 4.594, -12.176, -29.988
1.070, 33.773, 81.905, 219.688, 1171.193, 4.578, 12.446, -33.743, 1.070, 30.422, 41.447, -99.949, -1171.532, 4.578, -12.229, -30.400
1.080, 34.615, 84.227, 232.217, 1252.911, 4.560, 12.326, -34.577, 1.080, 30.825, 40.322, -112.482, -1253.304, 4.560, -12.286, -30.799
1.090, 35.482, 86.682, 245.518, 1330.102, 4.541, 12.186, -35.432, 1.090, 31.215, 39.064, -125.788, -1330.564, 4.541, -12.349, -31.184
1.100, 36.375, 89.277, 259.494, 1397.617, 4.520, 12.025, -36.310, 1.100, 31.592, 37.667, -139.770, -1398.151, 4.520, -12.417, -31.555
1.110, 37.295, 92.017, 273.978, 1448.399, 4.498, 11.839, -37.212, 1.110, 31.953, 36.124, -154.260, -1449.017, 4.498, -12.490, -31.909
1.120, 38.244, 94.904, 288.709, 1473.105, 4.473, 11.625, -38.136, 1.120, 32.298, 34.434, -168.998, -1473.806, 4.473, -12.567, -32.244
1.130, 39.223, 97.937, 303.307, 1459.720, 4.447, 11.381, -39.085, 1.130, 32.624, 32.598, -183.603, -1460.509, 4.447, -12.649, -32.560
1.140, 40.234, 101.110, 317.241, 1393.387, 4.419, 11.103, -40.057, 1.140, 32.930, 30.622, -197.545, -1394.249, 4.419, -12.733, -32.854
1.150, 41.279, 104.408, 329.806, 1256.517, 4.388, 10.786, -41.052, 1.150, 33.215, 28.521, -210.120, -1257.447, 4.388, -12.819, -33.126
1.160, 42.357, 107.809, 340.102, 1029.598, 4.356, 10.426, -42.068, 1.160, 33.478, 26.317, -220.425, -1030.550, 4.356, -12.907, -33.374
1.170, 43.469, 111.279, 347.029, 692.778, 4.321, 10.019, -43.104, 1.170, 33.719, 24.043, -227.362, -693.715, 4.321, -12.995, -33.598
1.180, 44.617, 114.772, 349.318, 228.828, 4.283, 9.561, -44.156, 1.180, 33.936, 21.747, -229.659, -229.669, 4.283, -13.082, -33.797
1.190, 45.799, 118.228, 345.591, -372.662, 4.244, 9.048, -45.221, 1.190, 34.131, 19.487, -225.939, 372.008, 4.244, -13.166, -33.973
1.200, 47.015, 121.573, 334.493, -1109.805, 4.202, 8.477, -46.294, 1.200, 34.304, 17.339, -214.845, 1109.450, 4.202, -13.247, -34.126
1.210, 48.262, 124.722, 314.866, -1962.657, 4.158, 7.844, -47.369, 1.210, 34.458, 15.387, -195.217, 1962.714, 4.158, -13.326, -34.259
1.220, 49.538, 127.581, 285.980, -2888.674, 4.112, 7.147, -48.438, 1.220, 34.596, 13.724, -166.325, 2889.256, 4.112, -13.400, -34.374
1.230, 50.839, 130.059, 247.762, -3821.761, 4.065, 6.388, -49.494, 1.230, 34.720, 12.443, -128.096, 3822.932, 4.065, -13.473, -34.475
1.240, 52.159, 132.069, 200.992, -4676.973, 4.017, 5.566, -50.527, 1.240, 34.836, 11.630, -81.308, 4678.747, 4.017, -13.545, -34.566
1.250, 53.495, 133.543, 147.372, -5361.992, 3.967, 4.685, -51.531, 1.250, 34.950, 11.353, -27.665, 5364.298, 3.967, -13.620, -34.651
1.260, 54.839, 134.437, 89.434, -5793.842, 3.918, 3.749, -52.497, 1.260, 35.066, 11.656, 30.300, 5796.529, 3.918, -13.701, -34.735
1.270, 56.187, 134.740, 30.267, -5916.707, 3.869, 2.765, -53.417, 1.270, 35.192, 12.551, 89.496, 5919.561, 3.869, -13.793, -34.820
1.280, 57.531, 134.471, -26.884, -5715.103, 3.821, 1.740, -54.287, 1.280, 35.332, 14.018, 146.675, 5717.890, 3.821, -13.900, -34.911
1.290, 58.868, 133.680, -79.060, -5217.640, 3.773, 0.680, -55.101, 1.290, 35.492, 16.006, 198.876, 5220.126, 3.773, -14.027, -35.009
1.300, 60.193, 132.441, -123.959, -4489.857, 3.728, -0.407, -55.859, 1.300, 35.677, 18.444, 243.795, 4491.892, 3.728, -14.178, -35.114
1.310, 61.501, 130.839, -160.150, -3619.058, 3.684, -1.512, -56.558, 1.310, 35.889, 21.244, 280.000, 3620.546, 3.684, -14.358, -35.227
1.320, 62.791, 128.968, -187.112, -2696.276, 3.642, -2.631, -57.200, 1.320, 36.132, 24.314, 306.972, 2697.193, 3.642, -14.569, -35.348
1.330, 64.060, 126.917, -205.122, -1800.974, 3.602, -3.757, -57.786, 1.330, 36.408, 27.564, 324.986, 1801.384, 3.602, -14.813, -35.475
1.340, 65.307, 124.766, -215.041, -991.852, 3.564, -4.885, -58.319, 1.340, 36.717, 30.913, 334.904, 991.823, 3.564, -15.093, -35.607
1.350, 66.533, 122.586, -218.081, -304.033, 3.529, -6.012, -58.801, 1.350, 37.060, 34.292, 337.941, 303.680, 3.529, -15.408, -35.742
1.360, 67.738, 120.430, -215.596, 248.506, 3.495, -7.135, -59.237, 1.360, 37.436, 37.647, 335.450, -249.092, 3.495, -15.759, -35.878
1.370, 68.921, 118.341, -208.916, 667.945, 3.464, -8.251, -59.629, 1.370, 37.846, 40.934, 328.764, -668.663, 3.464, -16.146, -36.014
1.380, 70.085, 116.348, -199.248, 966.822, 3.435, -9.360, -59.982, 1.380, 38.287, 44.125, 319.088, -967.607, 3.435, -16.566, -36.148
1.390, 71.229, 114.472, -187.618, 1163.030, 3.408, -10.460, -60.298, 1.390, 38.759, 47.200, 307.449, -1163.828, 3.408, -17.020, -36.278
1.400, 72.356, 112.723, -174.858, 1276.020, 3.383, -11.551, -60.581, 1.400, 39.260, 50.147, 294.681, -1276.799, 3.383, -17.505, -36.404
1.410, 73.468, 111.107, -161.614, 1324.380, 3.360, -12.633, -60.834, 1.410, 39.790, 52.961, 281.430, -1325.104, 3.360, -18.021, -36.524
1.420, 74.564, 109.623, -148.369, 1324.467, 3.338, -13.706, -61.060, 1.420, 40.346, 55.643, 268.179, -1325.134, 3.338, -18.565, -36.639
1.430, 75.646, 108.269, -135.470, 1289.933, 3.318, -14.770, -61.260, 1.430, 40.928, 58.195, 255.274, -1290.532, 3.318, -19.137, -36.746
1.440, 76.717, 107.037, -123.153, 1231.646, 3.299, -15.825, -61.438, 1.440, 41.535, 60.625, 242.952, -1232.187, 3.299, -19.735, -36.847
1.450, 77.776, 105.922, -111.574, 1157.994, 3.282, -16.873, -61.595, 1.450, 42.164, 62.939, 231.367, -1158.458, 3.282, -20.358, -36.940
1.460, 78.825, 104.913, -100.822, 1075.171, 3.266, -17.913, -61.734, 1.460, 42.815, 65.145, 220.611, -1075.594, 3.266, -21.003, -37.026
1.470, 79.865, 104.004, -90.945, 987.696, 3.251, -18.946, -61.855, 1.470, 43.488, 67.252, 210.731, -988.050, 3.251, -21.671, -37.105
1.480, 80.897, 103.184, -81.959, 898.628, 3.238, -19.972, -61.961, 1.480, 44.181, 69.270, 201.741, -898.949, 3.238, -22.360, -37.176
1.490, 81.922, 102.446, -73.858, 810.031, 3.225, -20.992, -62.053, 1.490, 44.893, 71.206, 193.638, -810.299, 3.225, -23.069, -37.240
1.500, 82.939, 101.779, -66.627, 723.097, 3.214, -22.007, -62.132, 1.500, 45.623, 73.070, 186.405, -723.336, 3.214, -23.798, -37.296
1.510, 83.951, 101.177, -60.243, 638.452, 3.203, -23.017, -62.199, 1.510, 46.372, 74.870, 180.018, -638.658, 3.203, -24.545, -37.346
1.520, 84.957, 100.630, -54.680, 556.239, 3.193, -24.021, -62.256, 1.520, 47.138, 76.615, 174.454, -556.418, 3.193, -25.310, -37.389
1.530, 85.959, 100.131, -49.918, 476.257, 3.185, -25.021, -62.303, 1.530, 47.921, 78.312, 169.690, -476.416, 3.185, -26.092, -37.426
1.540, 86.955, 99.672, -45.937, 398.035, 3.177, -26.017, -62.342, 1.540, 48.721, 79.969, 165.708, -398.173, 3.177, -26.891, -37.458
1.550, 87.948, 99.244, -42.729, 320.867, 3.170, -27.009, -62.374, 1.550, 49.537, 81.594, 162.498, -320.987, 3.170, -27.707, -37.483
1.560, 88.936, 98.841, -40.290, 243.839, 3.163, -27.997, -62.398, 1.560, 50.369, 83.194, 160.059, -243.947, 3.163, -28.538, -37.504
1.570, 89.921, 98.455, -38.632, 165.832, 3.158, -28.982, -62.417, 1.570, 51.217, 84.778, 158.399, -165.935, 3.158, -29.386, -37.520
1.580, 90.902, 98.077, -37.777, 85.504, 3.153, -29.963, -62.430, 1.580, 52.080, 86.354, 157.544, -85.595, 3.153, -30.250, -37.532
1.590, 91.879, 97.700, -37.765, 1.224, 3.149, -30.939, -62.440, 1.590, 52.960, 87.929, 157.530, -1.311, 3.149, -31.129, -37.540
1.600, 92.852, 97.313, -38.655, -88.972, 3.146, -31.913, -62.445, 1.600, 53.855, 89.513, 158.419, 88.885, 3.146, -32.024, -37.546
1.610, 93.821, 96.908, -40.529, -187.494, 3.144, -32.882, -62.448, 1.610, 54.766, 91.116, 160.293, 187.409, 3.144, -32.935, -37.549
1.620, 94.786, 96.473, -43.503, -297.353, 3.142, -33.846, -62.450, 1.620, 55.693, 92.749, 163.266, 297.260, 3.142, -33.863, -37.550
1.630, 95.745, 95.996, -47.726, -422.345, 3.142, -34.806, -62.450, 1.630, 56.638, 94.424, 167.488, 422.242, 3.142, -34.807, -37.550
1.640, 96.703, 95.748, -24.720, 2300.672, 3.142, -35.764, -62.450, 1.640, 57.596, 95.868, 144.481, -2300.785, 3.142, -35.765, -37.550
1.650, 97.664, 96.068, 31.993, 5671.297, 3.142, -36.724, -62.450, 1.650, 58.564, 96.746, 87.767, -5671.334, 3.142, -36.733, -37.550
1.660, 98.628, 96.409, 34.037, 204.369, 3.142, -37.689, -62.451, 1.660, 59.540, 97.603, 85.723, -204.376, 3.142, -37.709, -37.551
1.670, 99.595, 96.722, 31.328, -270.854, 3.143, -38.656, -62.452, 1.670, 60.524, 98.428, 82.444, -327.955, 3.143, -38.693, -37.552
1.680, 100.565, 96.979, 25.703, -562.587, 3.144, -39.626, -62.454, 1.680, 61.516, 99.189, 76.094, -635.025, 3.144, -39.685, -37.554
1.690, 101.537, 97.180, 20.144, -555.874, 3.145, -40.597, -62.457, 1.690, 62.515, 99.885, 69.676, -641.737, 3.145, -40.684, -37.557
1.700, 102.510, 97.327, 14.649, -549.468, 3.146, -41.571, -62.461, 1.700, 63.520, 100.517, 63.195, -648.143, 3.146, -41.689, -37.561
1.710, 103.484, 97.419, 9.215, -543.372, 3.148, -42.545, -62.466, 1.710, 64.531, 101.084, 56.652, -654.239, 3.148, -42.700, -37.566
1.720, 104.459, 97.457, 3.840, -537.586, 3.149, -43.519, -62.473, 1.720, 65.547, 101.584, 50.052, -660.024, 3.149, -43.716, -37.574
1.730, 105.433, 97.443, -1.482, -532.114, 3.151, -44.494, -62.481, 1.730, 66.567, 102.018, 43.397, -665.495, 3.151, -44.736, -37.582
1.740, 106.407, 97.375, -6.751, -526.958, 3.153, -45.467, -62.492, 1.740, 67.591, 102.385, 36.691, -670.651, 3.153, -45.760, -37.593
1.750, 107.379, 97.255, -11.972, -522.121, 3.156, -46.440, -62.504, 1.750, 68.618, 102.685, 29.936, -675.486, 3.156, -46.786, -37.607
1.760, 108.350, 97.084, -17.148, -517.608, 3.158, -47.411, -62.519, 1.760, 69.647, 102.916, 23.136, -680.000, 3.158, -47.816, -37.622
1.770, 109.319, 96.890, -19.385, -223.614, 3.160, -48.379, -62.536, 1.770, 70.678, 103.110, 19.384, -375.189, 3.160, -48.846, -37.640
1.780, 110.286, 96.703, -18.712, 67.298, 3.163, -49.346, -62.555, 1.780, 71.711, 103.297, 18.711, -67.300, 3.163, -49.879, -37.661
1.790, 111.251, 96.522, -18.045, 66.703, 3.166, -50.311, -62.577, 1.790, 72.746, 103.477, 18.044, -66.704, 3.166, -50.914, -37.684
1.800, 112.215, 96.349, -17.383, 66.173, 3.169, -51.274, -62.602, 1.800, 73.782, 103.651, 17.382, -66.173, 3.169, -51.950, -37.711
1.810, 113.177, 96.181, -16.726, 65.701, 3.172, -52.236, -62.629, 1.810, 74.820, 103.819, 16.725, -65.702, 3.172, -52.988, -37.741
1.820, 114.137, 96.021, -16.073, 65.283, 3.175, -53.196, -62.660, 1.820, 75.860, 103.979, 16.072, -65.283, 3.175, -54.027, -37.774
1.830, 115.095, 95.866, -15.424, 64.912, 3.178, -54.154, -62.694, 1.830, 76.901, 104.133, 15.423, -64.912, 3.178, -55.068, -37.810
1.840, 116.053, 95.719, -14.778, 64.583, 3.182, -55.110, -62.730, 1.840, 77.944, 104.281, 14.777, -64.582, 3.182, -56.110, -37.850
1.850, 117.008, 95.577, -14.135, 64.288, 3.185, -56.065, -62.770, 1.850, 78.988, 104.423, 14.135, -64.288, 3.185, -57.153, -37.894
1.860, 117.963, 95.442, -13.495, 64.024, 3.189, -57.018, -62.814, 1.860, 80.034, 104.558, 13.494, -64.023, 3.189, -58.197, -37.942
1.870, 118.916, 95.314, -12.857, 63.783, 3.193, -57.970, -62.861, 1.870, 81.081, 104.686, 12.857, -63.782, 3.193, -59.243, -37.993
1.880, 119.868, 95.192, -12.222, 63.560, 3.197, -58.921, -62.911, 1.880, 82.129, 104.808, 12.221, -63.558, 3.197, -60.290, -38.049
1.890, 120.819, 95.076, -11.588, 63.349, 3.201, -59.870, -62.965, 1.890, 83.178, 104.924, 11.587, -63.348, 3.201, -61.337, -38.109
1.900, 121.768, 94.966, -10.957, 63.146, 3.205, -60.818, -63.023, 1.900, 84.228, 105.034, 10.956, -63.144, 3.205, -62.386, -38.173
1.910, 122.717, 94.863, -10.327, 62.944, 3.209, -61.765, -63.085, 1.910, 85.280, 105.137, 10.327, -62.942, 3.209, -63.435, -38.241
1.920, 123.665, 94.766, -9.700, 62.739, 3.213, -62.710, -63.150, 1.920, 86.332, 105.234, 9.699, -62.736, 3.213, -64.485, -38.314
1.930, 124.611, 94.675, -9.075, 62.525, 3.217, -63.654, -63.220, 1.930, 87.385, 105.325, 9.074, -62.522, 3.217, -65.535, -38.391
1.940, 125.557, 94.591, -8.452, 62.298, 3.222, -64.597, -63.293, 1.940, 88.440, 105.409, 8.451, -62.295, 3.222, -66.586, -38.473
1.950, 126.502, 94.512, -7.831, 62.053, 3.226, -65.539, -63.371, 1.950, 89.494, 105.488, 7.831, -62.051, 3.226, -67.637, -38.559
1.960, 127.447, 94.440, -7.213, 61.788, 3.230, -66.480, -63.453, 1.960, 90.550, 105.560, 7.213, -61.785, 3.230, -68.689, -38.651
1.970, 128.391, 94.374, -6.598, 61.497, 3.235, -67.420, -63.538, 1.970, 91.606, 105.626, 6.598, -61.493, 3.235, -69.741, -38.747
1.980, 129.334, 94.314, -5.986, 61.176, 3.239, -68.359, -63.628, 1.980, 92.663, 105.686, 5.986, -61.173, 3.239, -70.793, -38.848
1.990, 130.276, 94.261, -5.378, 60.824, 3.244, -69.297, -63.723, 1.990, 93.721, 105.739, 5.378, -60.821, 3.244, -71.845, -38.954
2.000, 131.218, 94.213, -4.774, 60.437, 3.249, -70.234, -63.821, 2.000, 94.778, 105.787, 4.773, -60.433, 3.249, -72.897, -39.064
2.010, 132.160, 94.171, -4.174, 60.012, 3.253, -71.170, -63.924, 2.010, 95.837, 105.829, 4.173, -60.009, 3.253, -73.949, -39.180
2.020, 133.101, 94.135, -3.578, 59.548, 3.258, -72.105, -64.032, 2.020, 96.895, 105.865, 3.578, -59.545, 3.258, -75.001, -39.300
2.030, 134.043, 94.105, -2.988, 59.043, 3.263, -73.039, -64.143, 2.030, 97.954, 105.894, 2.988, -59.039, 3.263, -76.052, -39.426
2.040, 134.983, 94.081, -2.403, 58.495, 3.268, -73.973, -64.259, 2.040, 99.013, 105.918, 2.403, -58.491, 3.268, -77.103, -39.557
2.050, 135.924, 94.063, -1.824, 57.902, 3.272, -74.906, -64.380, 2.050, 100.073, 105.937, 1.824, -57.899, 3.272, -78.154, -39.692
2.060, 136.864, 94.051, -1.251, 57.266, 3.277, -75.838, -64.505, 2.060, 101.132, 105.949, 1.251, -57.262, 3.277, -79.204, -39.833
2.070, 137.805, 94.044, -0.685, 56.585, 3.282, -76.770, -64.634, 2.070, 102.192, 105.956, 0.685, -56.581, 3.282, -80.253, -39.979
2.080, 138.745, 94.042, -0.127, 55.859, 3.287, -77.700, -64.768, 2.080, 103.251, 105.957, 0.127, -55.855, 3.287, -81.302, -40.130
2.090, 139.686, 94.047, 0.424, 55.089, 3.292, -78.631, -64.906, 2.090, 104.311, 105.953, -0.424, -55.086, 3.292, -82.350, -40.285
2.100, 140.626, 94.056, 0.967, 54.275, 3.296, -79.560, -65.049, 2.100, 105.370, 105.943, -0.967, -54.272, 3.296, -83.397, -40.446
2.110, 141.567, 94.071, 1.501, 53.419, 3.301, -80.489, -65.196, 2.110, 106.430, 105.928, -1.501, -53.416, 3.301, -84.444, -40.612
2.120, 142.508, 94.092, 2.026, 52.521, 3.306, -81.418, -65.348, 2.120, 107.489, 105.908, -2.026, -52.518, 3.306, -85.489, -40.783
2.130, 143.449, 94.117, 2.542, 51.584, 3.311, -82.346, -65.504, 2.130, 108.548, 105.883, -2.542, -51.581, 3.311, -86.533, -40.958
2.140, 144.391, 94.148, 3.048, 50.609, 3.315, -83.274, -65.664, 2.140, 109.606, 105.852, -3.048, -50.606, 3.315, -87.576, -41.139
2.150, 145.333, 94.183, 3.544, 49.598, 3.320, -84.201, -65.829, 2.150, 110.664, 105.817, -3.544, -49.595, 3.320, -88.618, -41.324
2.160, 146.275, 94.223, 4.030, 48.554, 3.325, -85.128, -65.998, 2.160, 111.722, 105.776, -4.030, -48.551, 3.325, -89.658, -41.514
2.170, 147.217, 94.268, 4.505, 47.479, 3.329, -86.055, -66.172, 2.170, 112.779, 105.731, -4.504, -47.476, 3.329, -90.698, -41.709
2.180, 148.161, 94.318, 4.968, 46.375, 3.334, -86.981, -66.350, 2.180, 113.836, 105.682, -4.968, -46.373, 3.334, -91.735, -41.908
2.190, 149.104, 94.372, 5.421, 45.246, 3.338, -87.907, -66.532, 2.190, 114.892, 105.628, -5.420, -45.243, 3.338, -92.772, -42.112
2.200, 150.049, 94.431, 5.862, 44.093, 3.343, -88.833, -66.719, 2.200, 115.948, 105.569, -5.861, -44.091, 3.343, -93.807, -42.321
2.210, 150.994, 94.494, 6.291, 42.921, 3.347, -89.758, -66.910, 2.210, 117.003, 105.506, -6.291, -42.919, 3.347, -94.840, -42.534
2.220, 151.939, 94.561, 6.708, 41.732, 3.352, -90.683, -67.105, 2.220, 118.058, 105.439, -6.708, -41.729, 3.352, -95.872, -42.751
2.230, 152.885, 94.632, 7.114, 40.528, 3.356, -91.608, -67.304, 2.230, 119.111, 105.368, -7.113, -40.526, 3.356, -96.902, -42.973
2.240, 153.833, 94.707, 7.507, 39.313, 3.360, -92.533, -67.507, 2.240, 120.164, 105.293, -7.506, -39.312, 3.360, -97.930, -43.199
2.250, 154.780, 94.786, 7.888, 38.091, 3.364, -93.458, -67.715, 2.250, 121.216, 105.214, -7.887, -38.089, 3.364, -98.957, -43.429
2.260, 155.729, 94.869, 8.256, 36.863, 3.368, -94.383, -67.926, 2.260, 122.268, 105.131, -8.256, -36.862, 3.368, -99.982, -43.664
2.270, 156.679, 94.955, 8.613, 35.633, 3.372, -95.308, -68.141, 2.270, 123.318, 105.045, -8.612, -35.632, 3.372, -101.005, -43.902
2.280, 157.629, 95.044, 8.957, 34.403, 3.376, -96.233, -68.361, 2.280, 124.368, 104.956, -8.956, -34.402, 3.376, -102.026, -44.144
2.290, 158.580, 95.137, 9.288, 33.176, 3.380, -97.158, -68.584, 2.290, 125.416, 104.863, -9.288, -33.176, 3.380, -103.045, -44.390
2.300, 159.533, 95.233, 9.608, 31.955, 3.384, -98.082, -68.811, 2.300, 126.464, 104.767, -9.607, -31.954, 3.384, -104.063, -44.640
2.310, 160.486, 95.332, 9.915, 30.742, 3.388, -99.007, -69.041, 2.310, 127.511, 104.668, -9.915, -30.742, 3.388, -105.079, -44.893
2.320, 161.440, 95.434, 10.211, 29.540, 3.392, -99.933, -69.276, 2.320, 128.556, 104.565, -10.210, -29.539, 3.392, -106.092, -45.150
2.330, 162.396, 95.539, 10.494, 28.350, 3.395, -100.858, -69.514, 2.330, 129.601, 104.461, -10.494, -28.349, 3.395, -107.104, -45.410
2.340, 163.352, 95.647, 10.766, 27.174, 3.399, -101.783, -69.755, 2.340, 130.644, 104.353, -10.765, -27.174, 3.399, -108.114, -45.674
2.350, 164.310, 95.757, 11.026, 26.015, 3.402, -102.709, -70.000, 2.350, 131.687, 104.243, -11.026, -26.015, 3.402, -109.121, -45.940
2.360, 165.269, 95.870, 11.275, 24.874, 3.405, -103.635, -70.249, 2.360, 132.728, 104.130, -11.274, -24.874, 3.405, -110.127, -46.210
2.370, 166.228, 95.985, 11.512, 23.752, 3.409, -104.561, -70.501, 2.370, 133.768, 104.015, -11.512, -23.753, 3.409, -111.131, -46.483
2.380, 167.189, 96.103, 11.739, 22.652, 3.412, -105.488, -70.756, 2.380, 134.807, 103.897, -11.738, -22.652, 3.412, -112.132, -46.759
2.390, 168.152, 96.222, 11.955, 21.573, 3.415, -106.415, -71.014, 2.390, 135.845, 103.778, -11.954, -21.574, 3.415, -113.132, -47.037
2.400, 169.115, 96.344, 12.160, 20.517, 3.418, -107.342, -71.275, 2.400, 136.882, 103.656, -12.159, -20.518, 3.418, -114.130, -47.318
2.410, 170.080, 96.467, 12.355, 19.485, 3.421, -108.270, -71.539, 2.410, 137.917, 103.533, -12.354, -19.487, 3.421, -115.126, -47.602
2.420, 171.046, 96.593, 12.539, 18.478, 3.423, -109.198, -71.807, 2.420, 138.951, 103.407, -12.539, -18.478, 3.423, -116.119, -47.888
2.430, 172.013, 96.720, 12.714, 17.495, 3.426, -110.127, -72.077, 2.430, 139.984, 103.280, -12.714, -17.497, 3.426, -117.111, -48.176
2.440, 172.981, 96.849, 12.880, 16.538, 3.428, -111.056, -72.350, 2.440, 141.015, 103.151, -12.879, -16.538, 3.428, -118.101, -48.467
2.450, 173.951, 96.979, 13.036, 15.605, 3.431, -111.986, -72.625, 2.450, 142.046, 103.021, -13.035, -15.607, 3.431, -119.088, -48.760
2.460, 174.922, 97.111, 13.183, 14.698, 3.433, -112.916, -72.903, 2.460, 143.074, 102.889, -13.182, -14.700, 3.433, -120.074, -49.054
2.470, 175.895, 97.244, 13.321, 13.817, 3.435, -113.847, -73.184, 2.470, 144.102, 102.756, -13.321, -13.818, 3.435, -121.058, -49.351
2.480, 176.869, 97.378, 13.451, 12.959, 3.437, -114.779, -73.467, 2.480, 145.128, 102.621, -13.450, -12.962, 3.437, -122.040, -49.649
2.490, 177.844, 97.514, 13.572, 12.128, 3.439, -115.712, -73.752, 2.490, 146.153, 102.486, -13.571, -12.128, 3.439, -123.020, -49.949
2.500, 178.820, 97.651, 13.685, 11.318, 3.441, -116.645, -74.040, 2.500, 147.177, 102.349, -13.685, -11.321, 3.441, -123.998, -50.250
2.510, 179.798, 97.789, 13.790, 10.534, 3.443, -117.579, -74.329, 2.510, 148.199, 102.211, -13.790, -10.535, 3.443, -124.974, -50.553
2.520, 180.777, 97.928, 13.888, 9.771, 3.445, -118.514, -74.621, 2.520, 149.219, 102.072, -13.888, -9.773, 3.445, -125.949, -50.857
2.530, 181.758, 98.068, 13.978, 9.030, 3.446, -119.449, -74.914, 2.530, 150.239, 101.932, -13.978, -9.032, 3.446, -126.921, -51.162
2.540, 182.740, 98.208, 14.061, 8.309, 3.448, -120.386, -75.210, 2.540, 151.257, 101.792, -14.061, -8.311, 3.448, -127.892, -51.468
2.550, 183.724, 98.350, 14.138, 7.609, 3.449, -121.323, -75.507, 2.550, 152.273, 101.650, -14.137, -7.611, 3.449, -128.861, -51.775
2.560, 184.709, 98.492, 14.207, 6.926, 3.450, -122.262, -75.806, 2.560, 153.288, 101.508, -14.207, -6.928, 3.450, -129.829, -52.083
2.570, 185.695, 98.634, 14.269, 6.261, 3.451, -123.202, -76.106, 2.570, 154.302, 101.366, -14.269, -6.263, 3.451, -130.794, -52.392
2.580, 186.683, 98.778, 14.326, 5.612, 3.452, -124.142, -76.408, 2.580, 155.314, 101.222, -14.325, -5.614, 3.452, -131.758, -52.701
2.590, 187.672, 98.921, 14.375, 4.977, 3.453, -125.084, -76.711, 2.590, 156.325, 101.079, -14.375, -4.979, 3.453, -132.720, -53.010
2.600, 188.663, 99.066, 14.419, 4.356, 3.454, -126.027, -77.015, 2.600, 157.334, 100.934, -14.419, -4.358, 3.454, -133.681, -53.320
2.610, 189.655, 99.210, 14.456, 3.746, 3.455, -126.971, -77.320, 2.610, 158.342, 100.790, -14.456, -3.748, 3.455, -134.640, -53.630
2.620, 190.648, 99.355, 14.488, 3.146, 3.455, -127.916, -77.626, 2.620, 159.349, 100.645, -14.488, -3.148, 3.455, -135.597, -53.941
2.630, 191.643, 99.500, 14.513, 2.556, 3.456, -128.862, -77.933, 2.630, 160.354, 100.500, -14.513, -2.558, 3.456, -136.553, -54.251
2.640, 192.640, 99.645, 14.533, 1.972, 3.456, -129.810, -78.241, 2.640, 161.357, 100.355, -14.533, -1.974, 3.456, -137.508, -54.561
2.650, 193.638, 99.791, 14.547, 1.394, 3.456, -130.759, -78.550, 2.650, 162.359, 100.209, -14.547, -1.396, 3.456, -138.460, -54.871
2.660, 194.637, 99.936, 14.555, 0.820, 3.456, -131.709, -78.859, 2.660, 163.360, 100.064, -14.555, -0.822, 3.456, -139.412, -55.180
2.670, 195.638, 100.082, 14.558, 0.248, 3.456, -132.661, -79.169, 2.670, 164.359, 99.918, -14.558, -0.250, 3.456, -140.362, -55.489
2.680, 196.640, 100.228, 14.554, -0.323, 3.456, -133.614, -79.479, 2.680, 165.357, 99.772, -14.554, 0.321, 3.456, -141.311, -55.798
2.690, 197.644, 100.373, 14.545, -0.895, 3.456, -134.569, -79.789, 2.690, 166.353, 99.627, -14.546, 0.893, 3.456, -142.259, -56.106
2.700, 198.649, 100.518, 14.531, -1.470, 3.455, -135.525, -80.099, 2.700, 167.348, 99.482, -14.531, 1.467, 3.455, -143.205, -56.413
2.710, 199.656, 100.663, 14.510, -2.048, 3.455, -136.482, -80.409, 2.710, 168.341, 99.337, -14.510, 2.046, 3.455, -144.150, -56.719
2.720, 200.664, 100.808, 14.484, -2.633, 3.454, -137.442, -80.719, 2.720, 169.333, 99.192, -14.484, 2.630, 3.454, -145.094, -57.024
2.730, 201.673, 100.953, 14.452, -3.224, 3.453, -138.402, -81.029, 2.730, 170.324, 99.047, -14.452, 3.222, 3.453, -146.036, -57.328
2.740, 202.684, 101.097, 14.413, -3.825, 3.452, -139.365, -81.339, 2.740, 171.313, 98.903, -14.414, 3.823, 3.452, -146.978, -57.631
2.750, 203.697, 101.241, 14.369, -4.436, 3.451, -140.329, -81.648, 2.750, 172.300, 98.759, -14.369, 4.434, 3.451, -147.918, -57.932
2.760, 204.710, 101.384, 14.319, -5.059, 3.450, -141.295, -81.956, 2.760, 173.286, 98.616, -14.319, 5.057, 3.450, -148.858, -58.233
2.770, 205.726, 101.526, 14.262, -5.696, 3.449, -142.262, -82.264, 2.770, 174.271, 98.474, -14.262, 5.694, 3.449, -149.796, -58.531
2.780, 206.742, 101.668, 14.198, -6.347, 3.448, -143.231, -82.571, 2.780, 175.254, 98.332, -14.198, 6.345, 3.448, -150.733, -58.828
2.790, 207.760, 101.810, 14.128, -7.014, 3.446, -144.202, -82.877, 2.790, 176.236, 98.190, -14.128, 7.012, 3.446, -151.670, -59.123
2.800, 208.780, 101.950, 14.051, -7.699, 3.445, -145.175, -83.182, 2.800, 177.217, 98.050, -14.051, 7.697, 3.445, -152.606, -59.416
2.810, 209.801, 102.074, 12.395, -165.624, 3.443, -146.150, -83.486, 2.810, 178.196, 97.895, -15.473, -142.175, 3.443, -153.540, -59.708
2.820, 210.822, 102.151, 7.660, -473.479, 3.441, -147.125, -83.788, 2.820, 179.173, 97.697, -19.804, -433.123, 3.441, -154.473, -59.997
2.830, 211.844, 102.165, 1.403, -625.743, 3.439, -148.102, -84.089, 2.830, 180.147, 97.442, -25.523, -571.863, 3.439, -155.405, -60.284
2.840, 212.865, 102.116, -4.895, -629.718, 3.437, -149.078, -84.387, 2.840, 181.118, 97.130, -31.202, -567.888, 3.437, -156.334, -60.568
2.850, 213.885, 102.004, -11.231, -633.628, 3.435, -150.055, -84.683, 2.850, 182.086, 96.761, -36.842, -563.977, 3.435, -157.259, -60.849
2.860, 214.903, 101.827, -17.606, -637.461, 3.433, -151.030, -84.977, 2.860, 183.049, 96.337, -42.443, -560.144, 3.433, -158.182, -61.126
2.870, 215.919, 101.587, -24.018, -641.202, 3.431, -152.003, -85.268, 2.870, 184.008, 95.857, -48.007, -556.402, 3.431, -159.100, -61.401
2.880, 216.932, 101.283, -30.466, -644.839, 3.428, -152.974, -85.555, 2.880, 184.961, 95.321, -53.535, -552.766, 3.428, -160.014, -61.671
2.890, 217.941, 100.913, -36.950, -648.357, 3.426, -153.942, -85.839, 2.890, 185.909, 94.731, -59.027, -549.248, 3.426, -160.923, -61.938
2.900, 218.946, 100.478, -43.467, -651.743, 3.423, -154.907, -86.120, 2.900, 186.849, 94.086, -64.486, -545.860, 3.423, -161.827, -62.201
2.910, 219.946, 99.994, -48.424, -495.747, 3.421, -155.868, -86.396, 2.910, 187.783, 93.402, -68.426, -394.059, 3.421, -162.724, -62.459
2.920, 220.941, 99.491, -50.304, -187.949, 3.418, -156.825, -86.669, 2.920, 188.710, 92.708, -69.457, -103.055, 3.418, -163.616, -62.713
2.930, 221.931, 98.984, -50.683, -37.870, 3.415, -157.778, -86.938, 2.930, 189.631, 92.017, -69.078, 37.871, 3.415, -164.502, -62.963
2.940, 222.915, 98.474, -51.062, -37.961, 3.412, -158.726, -87.202, 2.940, 190.544, 91.330, -68.699, 37.961, 3.412, -165.381, -63.208
2.950, 223.895, 97.959, -51.442, -38.027, 3.409, -159.671, -87.463, 2.950, 191.450, 90.647, -68.318, 38.028, 3.409, -166.255, -63.449
2.960, 224.869, 97.441, -51.823, -38.069, 3.406, -160.611, -87.719, 2.960, 192.350, 89.967, -67.938, 38.071, 3.406, -167.123, -63.686
2.970, 225.839, 96.919, -52.204, -38.086, 3.403, -161.547, -87.971, 2.970, 193.243, 89.292, -67.557, 38.087, 3.403, -167.985, -63.918
2.980, 226.802, 96.393, -52.585, -38.077, 3.400, -162.478, -88.219, 2.980, 194.129, 88.620, -67.176, 38.079, 3.400, -168.842, -64.146
2.990, 227.761, 95.864, -52.965, -38.041, 3.397, -163.405, -88.462, 2.990, 195.009, 87.952, -66.795, 38.042, 3.397, -169.692, -64.369
3.000, 228.714, 95.330, -53.345, -37.977, 3.394, -164.328, -88.702, 3.000, 195.882, 87.288, -66.416, 37.979, 3.394, -170.537, -64.588
3.010, 229.662, 94.793, -53.724, -37.886, 3.390, -165.246, -88.936, 3.010, 196.748, 86.627, -66.037, 37.887, 3.390, -171.377, -64.803
3.020, 230.605, 94.252, -54.102, -37.766, 3.387, -166.160, -89.167, 3.020, 197.608, 85.971, -65.659, 37.766, 3.387, -172.210, -65.013
3.030, 231.542, 93.707, -54.478, -37.615, 3.384, -167.070, -89.393, 3.030, 198.461, 85.318, -65.283, 37.617, 3.384, -173.038, -65.219
3.040, 232.474, 93.159, -54.852, -37.436, 3.380, -167.974, -89.615, 3.040, 199.307, 84.669, -64.909, 37.438, 3.380, -173.861, -65.421
3.050, 233.400, 92.606, -55.224, -37.226, 3.377, -168.875, -89.832, 3.050, 200.148, 84.024, -64.536, 37.228, 3.377, -174.677, -65.618
3.060, 234.320, 92.050, -55.594, -36.986, 3.373, -169.770, -90.045, 3.060, 200.982, 83.382, -64.166, 36.988, 3.373, -175.489, -65.811
3.070, 235.235, 91.491, -55.961, -36.715, 3.370, -170.661, -90.254, 3.070, 201.809, 82.744, -63.799, 36.717, 3.370, -176.294, -65.999
3.080, 236.144, 90.928, -56.325, -36.414, 3.366, -171.547, -90.458, 3.080, 202.630, 82.109, -63.435, 36.416, 3.366, -177.094, -66.184
3.090, 237.048, 90.361, -56.686, -36.082, 3.363, -172.428, -90.658, 3.090, 203.445, 81.479, -63.074, 36.083, 3.363, -177.889, -66.364
3.100, 237.946, 89.790, -57.043, -35.719, 3.359, -173.305, -90.853, 3.100, 204.253, 80.852, -62.717, 35.721, 3.359, -178.678, -66.540
3.110, 238.838, 89.216, -57.397, -35.326, 3.355, -174.176, -91.044, 3.110, 205.056, 80.228, -62.364, 35.327, 3.355, -179.462, -66.711
3.120, 239.724, 88.639, -57.746, -34.903, 3.352, -175.043, -91.231, 3.120, 205.852, 79.608, -62.015, 34.904, 3.352, -180.240, -66.879
3.130, 240.605, 88.058, -58.090, -34.450, 3.348, -175.904, -91.413, 3.130, 206.642, 78.991, -61.670, 34.452, 3.348, -181.013, -67.042
3.140, 241.480, 87.474, -58.430, -33.968, 3.345, -176.761, -91.591, 3.140, 207.425, 78.378, -61.331, 33.969, 3.345, -181.780, -67.202
3.150, 242.348, 86.886, -58.764, -33.458, 3.341, -177.612, -91.764, 3.150, 208.203, 77.768, -60.996, 33.459, 3.341, -182.542, -67.357
3.160, 243.211, 86.295, -59.094, -32.920, 3.337, -178.458, -91.934, 3.160, 208.975, 77.161, -60.667, 32.921, 3.337, -183.299, -67.509
3.170, 244.068, 85.701, -59.417, -32.355, 3.334, -179.299, -92.099, 3.170, 209.740, 76.558, -60.343, 32.356, 3.334, -184.050, -67.656
3.180, 244.919, 85.103, -59.735, -31.764, 3.330, -180.135, -92.260, 3.180, 210.500, 75.957, -60.026, 31.766, 3.330, -184.796, -67.800
3.190, 245.765, 84.503, -60.046, -31.149, 3.326, -180.965, -92.416, 3.190, 211.253, 75.360, -59.714, 31.150, 3.326, -185.537, -67.939
3.200, 246.604, 83.900, -60.351, -30.509, 3.323, -181.790, -92.569, 3.200, 212.001, 74.766, -59.409, 30.510, 3.323, -186.272, -68.075
3.210, 247.436, 83.293, -60.650, -29.847, 3.319, -182.610, -92.717, 3.210, 212.743, 74.175, -59.110, 29.848, 3.319, -187.002, -68.207
3.220, 248.263, 82.684, -60.942, -29.163, 3.315, -183.424, -92.861, 3.220, 213.479, 73.587, -58.819, 29.164, 3.315, -187.726, -68.336
3.230, 249.084, 82.071, -61.226, -28.459, 3.312, -184.233, -93.002, 3.230, 214.209, 73.002, -58.534, 28.460, 3.312, -188.445, -68.461
3.240, 249.899, 81.456, -61.503, -27.736, 3.308, -185.036, -93.138, 3.240, 214.933, 72.419, -58.257, 27.737, 3.308, -189.159, -68.582
3.250, 250.707, 80.839, -61.773, -26.996, 3.304, -185.833, -93.271, 3.250, 215.651, 71.839, -57.987, 26.997, 3.304, -189.868, -68.700
3.260, 251.509, 80.218, -62.036, -26.239, 3.301, -186.625, -93.399, 3.260, 216.364, 71.262, -57.724, 26.240, 3.301, -190.572, -68.814
3.270, 252.305, 79.595, -62.291, -25.468, 3.297, -187.411, -93.524, 3.270, 217.071, 70.687, -57.470, 25.469, 3.297, -191.270, -68.925
3.280, 253.095, 78.970, -62.537, -24.684, 3.294, -188.192, -93.645, 3.280, 217.772, 70.115, -57.223, 24.685, 3.294, -191.963, -69.032
3.290, 253.878, 78.342, -62.776, -23.888, 3.290, -188.966, -93.762, 3.290, 218.467, 69.545, -56.984, 23.889, 3.290, -192.650, -69.136
3.300, 254.655, 77.712, -63.007, -23.083, 3.287, -189.735, -93.876, 3.300, 219.157, 68.978, -56.753, 23.083, 3.287, -193.332, -69.237
3.310, 255.426, 77.080, -63.230, -22.268, 3.283, -190.498, -93.986, 3.310, 219.841, 68.412, -56.531, 22.268, 3.283, -194.010, -69.335
3.320, 256.191, 76.445, -63.444, -21.446, 3.280, -191.255, -94.092, 3.320, 220.520, 67.849, -56.316, 21.447, 3.280, -194.681, -69.429
3.330, 256.949, 75.809, -63.650, -20.619, 3.276, -192.006, -94.195, 3.330, 221.193, 67.288, -56.110, 20.619, 3.276, -195.348, -69.521
3.340, 257.700, 75.170, -63.848, -19.787, 3.273, -192.751, -94.295, 3.340, 221.860, 66.729, -55.912, 19.787, 3.273, -196.010, -69.609
3.350, 258.446, 74.530, -64.038, -18.952, 3.269, -193.490, -94.391, 3.350, 222.522, 66.172, -55.722, 18.953, 3.269, -196.666, -69.695
3.360, 259.185, 73.888, -64.219, -18.116, 3.266, -194.223, -94.484, 3.360, 223.178, 65.616, -55.541, 18.116, 3.266, -197.317, -69.777
3.370, 259.917, 73.244, -64.392, -17.280, 3.263, -194.950, -94.574, 3.370, 223.828, 65.063, -55.369, 17.280, 3.263, -197.962, -69.857
3.380, 260.643, 72.598, -64.556, -16.445, 3.260, -195.671, -94.661, 3.380, 224.474, 64.511, -55.204, 16.445, 3.260, -198.603, -69.934
3.390, 261.362, 71.951, -64.712, -15.613, 3.256, -196.385, -94.744, 3.390, 225.113, 63.960, -55.048, 15.613, 3.256, -199.238, -70.008
3.400, 262.076, 71.303, -64.860, -14.784, 3.253, -197.094, -94.825, 3.400, 225.747, 63.411, -54.900, 14.784, 3.253, -199.868, -70.080
3.410, 262.782, 70.653, -65.000, -13.961, 3.250, -197.796, -94.903, 3.410, 226.376, 62.863, -54.760, 13.960, 3.250, -200.493, -70.149
3.420, 263.482, 70.001, -65.131, -13.143, 3.247, -198.492, -94.977, 3.420, 226.999, 62.317, -54.629, 13.143, 3.247, -201.113, -70.216
3.430, 264.176, 69.349, -65.255, -12.332, 3.244, -199.182, -95.049, 3.430, 227.617, 61.772, -54.506, 12.332, 3.244, -201.727, -70.280
3.440, 264.862, 68.695, -65.370, -11.530, 3.241, -199.865, -95.118, 3.440, 228.229, 61.228, -54.390, 11.530, 3.241, -202.336, -70.341
3.450, 265.543, 68.040, -65.477, -10.736, 3.238, -200.542, -95.185, 3.450, 228.836, 60.685, -54.283, 10.736, 3.238, -202.940, -70.401
3.460, 266.217, 67.384, -65.577, -9.953, 3.235, -201.213, -95.249, 3.460, 229.437, 60.144, -54.184, 9.953, 3.235, -203.539, -70.458
3.470, 266.884, 66.728, -65.669, -9.180, 3.232, -201.878, -95.310, 3.470, 230.033, 59.603, -54.092, 9.180, 3.232, -204.132, -70.513
3.480, 267.545, 66.070, -65.753, -8.419, 3.229, -202.536, -95.369, 3.480, 230.624, 59.063, -54.008, 8.419, 3.229, -204.721, -70.565
3.490, 268.199, 65.412, -65.829, -7.671, 3.227, -203.187, -95.426, 3.490, 231.209, 58.523, -53.931, 7.670, 3.227, -205.304, -70.616
3.500, 268.846, 64.753, -65.899, -6.935, 3.224, -203.833, -95.480, 3.500, 231.789, 57.985, -53.862, 6.934, 3.224, -205.881, -70.664
3.510, 269.487, 64.093, -65.961, -6.212, 3.221, -204.471, -95.532, 3.510, 232.364, 57.447, -53.799, 6.212, 3.221, -206.454, -70.711
3.520, 270.122, 63.433, -66.016, -5.504, 3.219, -205.104, -95.581, 3.520, 232.933, 56.909, -53.744, 5.504, 3.219, -207.021, -70.755
3.530, 270.749, 62.773, -66.064, -4.810, 3.216, -205.730, -95.629, 3.530, 233.496, 56.372, -53.696, 4.810, 3.216, -207.583, -70.798
3.540, 271.370, 62.112, -66.105, -4.131, 3.214, -206.349, -95.674, 3.540, 234.055, 55.836, -53.655, 4.131, 3.214, -208.140, -70.839
3.550, 271.985, 61.450, -66.140, -3.468, 3.211, -206.962, -95.718, 3.550, 234.608, 55.300, -53.620, 3.468, 3.211, -208.692, -70.878
3.560, 272.593, 60.788, -66.168, -2.820, 3.209, -207.569, -95.759, 3.560, 235.155, 54.764, -53.592, 2.820, 3.209, -209.238, -70.915
3.570, 273.194, 60.127, -66.190, -2.188, 3.206, -208.169, -95.799, 3.570, 235.698, 54.228, -53.570, 2.188, 3.206, -209.779, -70.951
3.580, 273.789, 59.464, -66.206, -1.572, 3.204, -208.762, -95.837, 3.580, 236.235, 53.692, -53.554, 1.572, 3.204, -210.315, -70.985
3.590, 274.377, 58.802, -66.216, -0.973, 3.202, -209.349, -95.873, 3.590, 236.766, 53.157, -53.545, 0.973, 3.202, -210.846, -71.018
3.600, 274.958, 58.140, -66.219, -0.390, 3.200, -209.929, -95.907, 3.600, 237.292, 52.621, -53.541, 0.390, 3.200, -211.371, -71.049
3.610, 275.533, 57.478, -66.218, 0.176, 3.197, -210.503, -95.940, 3.610, 237.813, 52.086, -53.543, -0.177, 3.197, -211.891, -71.078
3.620, 276.101, 56.816, -66.210, 0.726, 3.195, -211.071, -95.971, 3.620, 238.329, 51.551, -53.550, -0.726, 3.195, -212.406, -71.107
3.630, 276.663, 56.154, -66.198, 1.259, 3.193, -211.631, -96.000, 3.630, 238.839, 51.015, -53.562, -1.259, 3.193, -212.915, -71.133
3.640, 277.218, 55.492, -66.180, 1.775, 3.191, -212.185, -96.028, 3.640, 239.344, 50.479, -53.580, -1.776, 3.191, -213.419, -71.159
3.650, 277.766, 54.831, -66.157, 2.275, 3.189, -212.733, -96.055, 3.650, 239.843, 49.943, -53.603, -2.275, 3.189, -213.918, -71.183
3.660, 278.308, 54.169, -66.130, 2.758, 3.187, -213.274, -96.080, 3.660, 240.337, 49.407, -53.631, -2.758, 3.187, -214.412, -71.206
3.670, 278.843, 53.508, -66.098, 3.224, 3.185, -213.809, -96.104, 3.670, 240.826, 48.870, -53.663, -3.225, 3.185, -214.900, -71.228
3.680, 279.371, 52.848, -66.061, 3.674, 3.184, -214.337, -96.127, 3.680, 241.309, 48.333, -53.700, -3.674, 3.184, -215.383, -71.249
3.690, 279.893, 52.187, -66.020, 4.108, 3.182, -214.858, -96.148, 3.690, 241.787, 47.796, -53.741, -4.108, 3.182, -215.860, -71.268
3.700, 280.408, 51.528, -65.975, 4.525, 3.180, -215.373, -96.169, 3.700, 242.260, 47.258, -53.786, -4.525, 3.180, -216.333, -71.287
3.710, 280.917, 50.868, -65.925, 4.926, 3.178, -215.881, -96.188, 3.710, 242.727, 46.720, -53.835, -4.927, 3.178, -216.800, -71.305
3.720, 281.419, 50.210, -65.872, 5.312, 3.177, -216.383, -96.206, 3.720, 243.189, 46.181, -53.888, -5.311, 3.177, -217.261, -71.321
3.730, 281.915, 49.552, -65.815, 5.680, 3.175, -216.878, -96.223, 3.730, 243.645, 45.641, -53.945, -5.682, 3.175, -217.717, -71.337
3.740, 282.404, 48.894, -65.755, 6.035, 3.174, -217.367, -96.239, 3.740, 244.096, 45.101, -54.005, -6.035, 3.174, -218.168, -71.352
3.750, 282.886, 48.237, -65.691, 6.373, 3.172, -217.849, -96.254, 3.750, 244.542, 44.560, -54.069, -6.374, 3.172, -218.613, -71.366
3.760, 283.362, 47.581, -65.624, 6.697, 3.171, -218.325, -96.268, 3.760, 244.982, 44.019, -54.136, -6.697, 3.171, -219.053, -71.379
3.770, 283.831, 46.925, -65.554, 7.005, 3.169, -218.794, -96.282, 3.770, 245.417, 43.477, -54.206, -7.005, 3.169, -219.488, -71.392
3.780, 284.294, 46.270, -65.481, 7.299, 3.168, -219.256, -96.294, 3.780, 245.846, 42.934, -54.279, -7.299, 3.168, -219.917, -71.403
3.790, 284.750, 45.616, -65.405, 7.577, 3.167, -219.712, -96.306, 3.790, 246.270, 42.391, -54.355, -7.578, 3.167, -220.341, -71.414
3.800, 285.199, 44.963, -65.327, 7.843, 3.166, -220.162, -96.317, 3.800, 246.688, 41.846, -54.433, -7.842, 3.166, -220.759, -71.424
3.810, 285.643, 44.311, -65.246, 8.092, 3.164, -220.605, -96.328, 3.810, 247.101, 41.301, -54.514, -8.093, 3.164, -221.172, -71.434
3.820, 286.079, 43.659, -65.163, 8.329, 3.163, -221.041, -96.337, 3.820, 247.509, 40.755, -54.598, -8.329, 3.163, -221.580, -71.443
3.830, 286.509, 43.008, -65.077, 8.552, 3.162, -221.471, -96.346, 3.830, 247.911, 40.208, -54.683, -8.552, 3.162, -221.982, -71.452
3.840, 286.933, 42.358, -64.990, 8.761, 3.161, -221.895, -96.355, 3.840, 248.308, 39.661, -54.771, -8.761, 3.161, -222.378, -71.460
3.850, 287.350, 41.709, -64.900, 8.957, 3.160, -222.312, -96.363, 3.850, 248.699, 39.112, -54.860, -8.957, 3.160, -222.769, -71.467
3.860, 287.761, 41.061, -64.809, 9.139, 3.159, -222.722, -96.370, 3.860, 249.084, 38.563, -54.952, -9.140, 3.159, -223.155, -71.474
3.870, 288.165, 40.414, -64.716, 9.309, 3.158, -223.127, -96.377, 3.870, 249.465, 38.012, -55.045, -9.309, 3.158, -223.535, -71.480
3.880, 288.562, 39.768, -64.621, 9.466, 3.157, -223.524, -96.383, 3.880, 249.839, 37.461, -55.139, -9.466, 3.157, -223.909, -71.486
3.890, 288.954, 39.123, -64.525, 9.611, 3.156, -223.915, -96.389, 3.890, 250.208, 36.908, -55.236, -9.611, 3.156, -224.278, -71.492
3.900, 289.338, 38.478, -64.427, 9.742, 3.155, -224.300, -96.395, 3.900, 250.572, 36.355, -55.333, -9.743, 3.155, -224.642, -71.497
3.910, 289.717, 37.835, -64.329, 9.863, 3.155, -224.678, -96.400, 3.910, 250.930, 35.801, -55.432, -9.862, 3.155, -225.000, -71.502
3.920, 290.089, 37.193, -64.229, 9.970, 3.154, -225.050, -96.404, 3.920, 251.282, 35.245, -55.531, -9.971, 3.154, -225.352, -71.506
3.930, 290.454, 36.552, -64.128, 10.067, 3.153, -225.416, -96.409, 3.930, 251.629, 34.689, -55.632, -10.066, 3.153, -225.699, -71.510
3.940, 290.813, 35.911, -64.027, 10.151, 3.152, -225.775, -96.413, 3.940, 251.971, 34.132, -55.734, -10.151, 3.152, -226.040, -71.514
3.950, 291.166, 35.272, -63.925, 10.224, 3.152, -226.128, -96.416, 3.950, 252.306, 33.573, -55.836, -10.224, 3.152, -226.376, -71.517
3.960, 291.512, 34.634, -63.822, 10.285, 3.151, -226.474, -96.420, 3.960, 252.636, 33.014, -55.939, -10.285, 3.151, -226.706, -71.521
3.970, 291.852, 33.997, -63.719, 10.336, 3.150, -226.814, -96.423, 3.970, 252.961, 32.454, -56.042, -10.336, 3.150, -227.031, -71.524
3.980, 292.186, 33.361, -63.615, 10.375, 3.150, -227.147, -96.425, 3.980, 253.280, 31.892, -56.146, -10.375, 3.150, -227.350, -71.526
3.990, 292.513, 32.725, -63.511, 10.403, 3.149, -227.475, -96.428, 3.990, 253.593, 31.330, -56.250, -10.404, 3.149, -227.663, -71.529
4.000, 292.834, 32.091, -63.407, 10.421, 3.149, -227.796, -96.430, 4.000, 253.901, 30.766, -56.354, -10.421, 3.149, -227.971, -71.531
4.010, 293.149, 31.458, -63.302, 10.429, 3.148, -228.110, -96.432, 4.010, 254.203, 30.202, -56.458, -10.429, 3.148, -228.273, -71.533
4.020, 293.457, 30.826, -63.198, 10.425, 3.148, -228.418, -96.434, 4.020, 254.499, 29.636, -56.563, -10.425, 3.148, -228.569, -71.535
4.030, 293.759, 30.195, -63.094, 10.412, 3.147, -228.720, -96.436, 4.030, 254.790, 29.069, -56.667, -10.412, 3.147, -228.860, -71.537
4.040, 294.055, 29.565, -62.990, 10.388, 3.147, -229.016, -96.438, 4.040, 255.075, 28.502, -56.771, -10.388, 3.147, -229.145, -71.538
4.050, 294.344, 28.937, -62.886, 10.354, 3.146, -229.305, -96.439, 4.050, 255.354, 27.933, -56.874, -10.355, 3.146, -229.424, -71.539
4.060, 294.627, 28.309, -62.783, 10.311, 3.146, -229.588, -96.440, 4.060, 255.628, 27.363, -56.977, -10.311, 3.146, -229.698, -71.541
4.070, 294.904, 27.682, -62.681, 10.258, 3.146, -229.865, -96.442, 4.070, 255.896, 26.792, -57.080, -10.258, 3.146, -229.966, -71.542
4.080, 295.174, 27.056, -62.579, 10.195, 3.145, -230.136, -96.443, 4.080, 256.158, 26.220, -57.182, -10.195, 3.145, -230.228, -71.543
4.090, 295.439, 26.431, -62.478, 10.123, 3.145, -230.400, -96.444, 4.090, 256.414, 25.648, -57.283, -10.123, 3.145, -230.484, -71.544
4.100, 295.697, 25.808, -62.377, 10.041, 3.145, -230.658, -96.444, 4.100, 256.665, 25.074, -57.383, -10.041, 3.145, -230.735, -71.545
4.110, 295.949, 25.185, -62.278, 9.951, 3.144, -230.910, -96.445, 4.110, 256.910, 24.499, -57.483, -9.951, 3.144, -230.980, -71.545
4.120, 296.194, 24.563, -62.179, 9.851, 3.144, -231.156, -96.446, 4.120, 257.149, 23.923, -57.581, -9.851, 3.144, -231.219, -71.546
4.130, 296.434, 23.942, -62.082, 9.742, 3.144, -231.395, -96.446, 4.130, 257.383, 23.346, -57.679, -9.743, 3.144, -231.453, -71.546
4.140, 296.667, 23.322, -61.985, 9.626, 3.144, -231.628, -96.447, 4.140, 257.611, 22.769, -57.775, -9.625, 3.144, -231.680, -71.547
4.150, 296.894, 22.704, -61.890, 9.499, 3.143, -231.855, -96.447, 4.150, 257.832, 22.190, -57.870, -9.500, 3.143, -231.902, -71.547
4.160, 297.115, 22.086, -61.797, 9.365, 3.143, -232.076, -96.448, 4.160, 258.049, 21.610, -57.964, -9.365, 3.143, -232.118, -71.548
4.170, 297.329, 21.468, -61.705, 9.222, 3.143, -232.291, -96.448, 4.170, 258.259, 21.030, -58.056, -9.223, 3.143, -232.329, -71.548
4.180, 297.538, 20.852, -61.614, 9.072, 3.143, -232.499, -96.448, 4.180, 258.463, 20.448, -58.147, -9.072, 3.143, -232.533, -71.548
4.190, 297.740, 20.237, -61.525, 8.913, 3.143, -232.702, -96.449, 4.190, 258.662, 19.866, -58.236, -8.913, 3.143, -232.732, -71.549
4.200, 297.937, 19.623, -61.437, 8.747, 3.143, -232.898, -96.449, 4.200, 258.855, 19.283, -58.323, -8.747, 3.143, -232.925, -71.549
4.210, 298.127, 19.009, -61.352, 8.572, 3.143, -233.088, -96.449, 4.210, 259.042, 18.699, -58.409, -8.572, 3.143, -233.112, -71.549
4.220, 298.311, 18.397, -61.268, 8.391, 3.142, -233.272, -96.449, 4.220, 259.223, 18.114, -58.493, -8.391, 3.142, -233.293, -71.549
4.230, 298.488, 17.785, -61.186, 8.202, 3.142, -233.450, -96.449, 4.230, 259.398, 17.528, -58.575, -8.202, 3.142, -233.468, -71.549
4.240, 298.660, 17.174, -61.106, 8.005, 3.142, -233.622, -96.449, 4.240, 259.568, 16.941, -58.655, -8.006, 3.142, -233.637, -71.549
4.250, 298.826, 16.563, -61.028, 7.803, 3.142, -233.787, -96.450, 4.250, 259.731, 16.354, -58.733, -7.802, 3.142, -233.801, -71.550
4.260, 298.985, 15.954, -60.952, 7.593, 3.142, -233.947, -96.450, 4.260, 259.889, 15.766, -58.809, -7.593, 3.142, -233.959, -71.550
4.270, 299.139, 15.345, -60.878, 7.376, 3.142, -234.100, -96.450, 4.270, 260.041, 15.177, -58.883, -7.376, 3.142, -234.110, -71.550
4.280, 299.286, 14.737, -60.806, 7.153, 3.142, -234.248, -96.450, 4.280, 260.186, 14.588, -58.954, -7.153, 3.142, -234.256, -71.550
4.290, 299.428, 14.130, -60.737, 6.924, 3.142, -234.389, -96.450, 4.290, 260.326, 13.997, -59.023, -6.924, 3.142, -234.396, -71.550
4.300, 299.563, 13.523, -60.670, 6.689, 3.142, -234.524, -96.450, 4.300, 260.461, 13.406, -59.090, -6.689, 3.142, -234.530, -71.550
4.310, 299.692, 12.917, -60.606, 6.449, 3.142, -234.653, -96.450, 4.310, 260.589, 12.815, -59.155, -6.449, 3.142, -234.659, -71.550
4.320, 299.815, 12.311, -60.544, 6.202, 3.142, -234.777, -96.450, 4.320, 260.711, 12.223, -59.217, -6.202, 3.142, -234.781, -71.550
4.330, 299.932, 11.707, -60.484, 5.950, 3.142, -234.894, -96.450, 4.330, 260.827, 11.630, -59.276, -5.950, 3.142, -234.897, -71.550
4.340, 300.043, 11.102, -60.427, 5.694, 3.142, -235.005, -96.450, 4.340, 260.938, 11.037, -59.333, -5.694, 3.142, -235.007, -71.550
4.350, 300.148, 10.499, -60.373, 5.432, 3.142, -235.110, -96.450, 4.350, 261.042, 10.443, -59.388, -5.432, 3.142, -235.112, -71.550
4.360, 300.247, 9.895, -60.321, 5.165, 3.142, -235.209, -96.450, 4.360, 261.140, 9.848, -59.439, -5.165, 3.142, -235.210, -71.550
4.370, 300.340, 9.293, -60.272, 4.894, 3.142, -235.301, -96.450, 4.370, 261.233, 9.253, -59.488, -4.894, 3.142, -235.303, -71.550
4.380, 300.427, 8.690, -60.226, 4.619, 3.142, -235.388, -96.450, 4.380, 261.320, 8.658, -59.534, -4.619, 3.142, -235.389, -71.550
4.390, 300.508, 8.089, -60.183, 4.340, 3.142, -235.469, -96.450, 4.390, 261.400, 8.062, -59.578, -4.340, 3.142, -235.470, -71.550
4.400, 300.583, 7.487, -60.142, 4.057, 3.142, -235.544, -96.450, 4.400, 261.475, 7.466, -59.618, -4.057, 3.142, -235.545, -71.550
4.410, 300.652, 6.886, -60.104, 3.770, 3.142, -235.613, -96.450, 4.410, 261.544, 6.870, -59.656, -3.770, 3.142, -235.613, -71.550
4.420, 300.714, 6.285, -60.070, 3.480, 3.142, -235.676, -96.450, 4.420, 261.606, 6.273, -59.691, -3.480, 3.142, -235.676, -71.550
4.430, 300.771, 5.685, -60.038, 3.188, 3.142, -235.733, -96.450, 4.430, 261.663, 5.675, -59.723, -3.187, 3.142, -235.733, -71.550
4.440, 300.822, 5.085, -60.009, 2.892, 3.142, -235.784, -96.450, 4.440, 261.714, 5.078, -59.752, -2.892, 3.142, -235.784, -71.550
4.450, 300.867, 4.485, -59.983, 2.594, 3.142, -235.828, -96.450, 4.450, 261.759, 4.480, -59.778, -2.594, 3.142, -235.828, -71.550
4.460, 300.906, 3.886, -59.960, 2.293, 3.142, -235.867, -96.450, 4.460, 261.797, 3.882, -59.800, -2.293, 3.142, -235.867, -71.550
4.470, 300.939, 3.286, -59.940, 1.991, 3.142, -235.900, -96.450, 4.470, 261.830, 3.284, -59.820, -1.991, 3.142, -235.900, -71.550
4.480, 300.966, 2.702, -58.384, 155.618, 3.142, -235.927, -96.450, 4.480, 261.857, 2.701, -58.299, 152.180, 3.142, -235.927, -71.550
4.490, 300.987, 2.164, -53.837, 454.721, 3.142, -235.949, -96.450, 4.490, 261.879, 2.163, -53.780, 451.880, 3.142, -235.949, -71.550
4.500, 301.004, 1.686, -47.838, 599.863, 3.142, -235.966, -96.450, 4.500, 261.896, 1.685, -47.802, 597.742, 3.142, -235.966, -71.550
4.510, 301.017, 1.267, -41.843, 599.534, 3.142, -235.978, -96.450, 4.510, 261.908, 1.267, -41.822, 598.071, 3.142, -235.978, -71.550
4.520, 301.026, 0.909, -35.850, 599.281, 3.142, -235.987, -96.450, 4.520, 261.918, 0.909, -35.838, 598.324, 3.142, -235.987, -71.550
4.530, 301.032, 0.610, -29.859, 599.095, 3.142, -235.993, -96.450, 4.530, 261.924, 0.610, -29.853, 598.510, 3.142, -235.993, -71.550
4.540, 301.036, 0.371, -23.869, 598.965, 3.142, -235.997, -96.450, 4.540, 261.927, 0.371, -23.867, 598.640, 3.142, -235.997, -71.550
4.550, 301.038, 0.193, -17.880, 598.881, 3.142, -235.999, -96.450, 4.550, 261.929, 0.193, -17.880, 598.724, 3.142, -235.999, -71.550
4.560, 301.038, 0.074, -11.892, 598.833, 3.142, -236.000, -96.450, 4.560, 261.930, 0.074, -11.892, 598.772, 3.142, -236.000, -71.550
4.570, 301.039, 0.015, -5.904, 598.810, 3.142, -236.000, -96.450, 4.570, 261.930, 0.015, -5.904, 598.794, 3.142, -236.000, -71.550
4.580, 301.039, 0.000, -1.455, 444.904, 3.142, -236.000, -96.450, 4.580, 261.930, 0.000, -1.455, 444.902, 3.142, -236.000, -71.550
