0.000, 0.000, 0.059, 5.882, 588.235, 0.000, 0.000, 12.000, 0.000, 0.000, 0.059, 5.882, 588.235, 0.000, 0.000, -12.000
0.010, 0.001, 0.118, 5.882, 0.000, 0.000, 0.001, 12.000, 0.010, 0.001, 0.118, 5.882, 0.000, 0.000, 0.001, -12.000
0.020, 0.004, 0.265, 14.706, 882.353, 0.000, 0.004, 12.000, 0.020, 0.004, 0.265, 14.706, 882.353, 0.000, 0.004, -12.000
0.030, 0.009, 0.471, 20.588, 588.235, 0.000, 0.009, 12.000, 0.030, 0.009, 0.471, 20.588, 588.235, 0.000, 0.009, -12.000
0.040, 0.016, 0.735, 26.471, 588.235, 0.000, 0.016, 12.000, 0.040, 0.016, 0.735, 26.471, 588.235, 0.000, 0.016, -12.000
0.050, 0.027, 1.059, 32.353, 588.235, 0.000, 0.027, 12.000, 0.050, 0.027, 1.059, 32.353, 588.235, 0.000, 0.027, -12.000
0.060, 0.041, 1.441, 38.235, 588.235, 0.000, 0.041, 12.000, 0.060, 0.041, 1.441, 38.235, 588.235, 0.000, 0.041, -12.000
0.070, 0.060, 1.882, 44.118, 588.235, 0.000, 0.060, 12.000, 0.070, 0.060, 1.882, 44.118, 588.235, 0.000, 0.060, -12.000
0.080, 0.084, 2.382, 50.000, 588.235, 0.000, 0.084, 12.000, 0.080, 0.084, 2.382, 50.000, 588.235, 0.000, 0.084, -12.000
0.090, 0.113, 2.941, 55.882, 588.235, 0.000, 0.113, 12.000, 0.090, 0.113, 2.941, 55.882, 588.235, 0.000, 0.113, -12.000
0.100, 0.149, 3.559, 61.765, 588.235, 0.000, 0.149, 12.000, 0.100, 0.149, 3.559, 61.765, 588.235, 0.000, 0.149, -12.000
0.110, 0.191, 4.235, 67.647, 588.235, 0.000, 0.191, 12.000, 0.110, 0.191, 4.235, 67.647, 588.235, 0.000, 0.191, -12.000
0.120, 0.241, 4.971, 73.529, 588.235, 0.000, 0.241, 12.000, 0.120, 0.241, 4.971, 73.529, 588.235, 0.000, 0.241, -12.000
0.130, 0.299, 5.765, 79.412, 588.235, 0.000, 0.299, 12.000, 0.130, 0.299, 5.765, 79.412, 588.235, 0.000, 0.299, -12.000
0.140, 0.365, 6.618, 85.294, 588.235, 0.000, 0.365, 12.000, 0.140, 0.365, 6.618, 85.294, 588.235, 0.000, 0.365, -12.000
0.150, 0.440, 7.529, 91.176, 588.235, 0.000, 0.440, 12.000, 0.150, 0.440, 7.529, 91.176, 588.235, 0.000, 0.440, -12.000
0.160, 0.525, 8.500, 97.059, 588.235, 0.000, 0.525, 12.000, 0.160, 0.525, 8.500, 97.059, 588.235, 0.000, 0.525, -12.000
0.170, 0.620, 9.500, 100.000, 294.118, 0.000, 0.620, 12.000, 0.170, 0.620, 9.500, 100.000, 294.118, 0.000, 0.620, -12.000
0.180, 0.725, 10.500, 100.000, -0.000, 0.000, 0.725, 12.000, 0.180, 0.725, 10.500, 100.000, -0.000, 0.000, 0.725, -12.000
0.190, 0.840, 11.500, 100.000, 0.000, 0.000, 0.840, 12.000, 0.190, 0.840, 11.500, 100.000, 0.000, 0.000, 0.840, -12.000
0.200, 0.965, 12.500, 100.000, -0.000, 0.000, 0.965, 12.000, 0.200, 0.965, 12.500, 100.000, -0.000, 0.000, 0.965, -12.000
0.210, 1.100, 13.500, 100.000, 0.000, 0.000, 1.100, 12.000, 0.210, 1.100, 13.500, 100.000, 0.000, 0.000, 1.100, -12.000
0.220, 1.245, 14.500, 100.000, -0.000, 0.000, 1.245, 12.000, 0.220, 1.245, 14.500, 100.000, -0.000, 0.000, 1.245, -12.000
0.230, 1.400, 15.500, 100.000, 0.000, 0.000, 1.400, 12.000, 0.230, 1.400, 15.500, 100.000, 0.000, 0.000, 1.400, -12.000
0.240, 1.565, 16.500, 100.000, -0.000, 0.000, 1.565, 12.000, 0.240, 1.565, 16.500, 100.000, -0.000, 0.000, 1.565, -12.000
0.250, 1.740, 17.500, 100.000, 0.000, 0.000, 1.740, 12.000, 0.250, 1.740, 17.500, 100.000, 0.000, 0.000, 1.740, -12.000
0.260, 1.925, 18.500, 100.000, 0.000, 0.000, 1.925, 12.000, 0.260, 1.925, 18.500, 100.000, 0.000, 0.000, 1.925, -12.000
0.270, 2.120, 19.500, 100.000, -0.000, 0.000, 2.120, 12.000, 0.270, 2.120, 19.500, 100.000, -0.000, 0.000, 2.120, -12.000
0.280, 2.325, 20.500, 100.000, 0.000, 0.000, 2.325, 12.000, 0.280, 2.325, 20.500, 100.000, 0.000, 0.000, 2.325, -12.000
0.290, 2.540, 21.500, 100.000, -0.000, 0.000, 2.540, 12.000, 0.290, 2.540, 21.500, 100.000, -0.000, 0.000, 2.540, -12.000
0.300, 2.765, 22.500, 100.000, 0.000, 0.000, 2.765, 12.000, 0.300, 2.765, 22.500, 100.000, 0.000, 0.000, 2.765, -12.000
0.310, 3.000, 23.500, 100.000, -0.000, 0.000, 3.000, 12.000, 0.310, 3.000, 23.500, 100.000, -0.000, 0.000, 3.000, -12.000
0.320, 3.245, 24.500, 100.000, 0.000, 0.000, 3.245, 12.000, 0.320, 3.245, 24.500, 100.000, 0.000, 0.000, 3.245, -12.000
0.330, 3.500, 25.500, 100.000, 0.000, 0.000, 3.500, 12.000, 0.330, 3.500, 25.500, 100.000, 0.000, 0.000, 3.500, -12.000
0.340, 3.765, 26.500, 100.000, -0.000, 0.000, 3.765, 12.000, 0.340, 3.765, 26.500, 100.000, -0.000, 0.000, 3.765, -12.000
0.350, 4.040, 27.500, 100.000, 0.000, 0.000, 4.040, 12.000, 0.350, 4.040, 27.500, 100.000, 0.000, 0.000, 4.040, -12.000
0.360, 4.325, 28.500, 100.000, -0.000, 0.000, 4.325, 12.000, 0.360, 4.325, 28.500, 100.000, -0.000, 0.000, 4.325, -12.000
0.370, 4.620, 29.500, 100.000, 0.000, 0.000, 4.620, 12.000, 0.370, 4.620, 29.500, 100.000, 0.000, 0.000, 4.620, -12.000
0.380, 4.925, 30.500, 100.000, 0.000, 0.000, 4.925, 12.000, 0.380, 4.925, 30.500, 100.000, 0.000, 0.000, 4.925, -12.000
0.390, 5.240, 31.500, 100.000, 0.000, 0.000, 5.240, 12.000, 0.390, 5.240, 31.500, 100.000, 0.000, 0.000, 5.240, -12.000
0.400, 5.565, 32.500, 100.000, -0.000, 0.000, 5.565, 12.000, 0.400, 5.565, 32.500, 100.000, -0.000, 0.000, 5.565, -12.000
0.410, 5.900, 33.500, 100.000, -0.000, 0.000, 5.900, 12.000, 0.410, 5.900, 33.500, 100.000, -0.000, 0.000, 5.900, -12.000
0.420, 6.245, 34.500, 100.000, 0.000, 0.000, 6.245, 12.000, 0.420, 6.245, 34.500, 100.000, 0.000, 0.000, 6.245, -12.000
0.430, 6.600, 35.500, 100.000, -0.000, 0.000, 6.600, 12.000, 0.430, 6.600, 35.500, 100.000, -0.000, 0.000, 6.600, -12.000
0.440, 6.965, 36.500, 100.000, 0.000, 0.000, 6.965, 12.000, 0.440, 6.965, 36.500, 100.000, 0.000, 0.000, 6.965, -12.000
0.450, 7.340, 37.500, 100.000, -0.000, 0.000, 7.340, 12.000, 0.450, 7.340, 37.500, 100.000, -0.000, 0.000, 7.340, -12.000
0.460, 7.725, 38.500, 100.000, 0.000, 0.000, 7.725, 12.000, 0.460, 7.725, 38.500, 100.000, 0.000, 0.000, 7.725, -12.000
0.470, 8.120, 39.500, 100.000, 0.000, 0.000, 8.120, 12.000, 0.470, 8.120, 39.500, 100.000, 0.000, 0.000, 8.120, -12.000
0.480, 8.525, 40.500, 100.000, 0.000, 0.000, 8.525, 12.000, 0.480, 8.525, 40.500, 100.000, 0.000, 0.000, 8.525, -12.000
0.490, 8.940, 41.500, 100.000, -0.000, 0.000, 8.940, 12.000, 0.490, 8.940, 41.500, 100.000, -0.000, 0.000, 8.940, -12.000
0.500, 9.365, 42.500, 100.000, -0.000, 0.000, 9.365, 12.000, 0.500, 9.365, 42.500, 100.000, -0.000, 0.000, 9.365, -12.000
0.510, 9.800, 43.500, 100.000, 0.000, 0.000, 9.800, 12.000, 0.510, 9.800, 43.500, 100.000, 0.000, 0.000, 9.800, -12.000
0.520, 10.245, 44.500, 100.000, -0.000, 0.000, 10.245, 12.000, 0.520, 10.245, 44.500, 100.000, -0.000, 0.000, 10.245, -12.000
0.530, 10.700, 45.500, 100.000, 0.000, 0.000, 10.700, 12.000, 0.530, 10.700, 45.500, 100.000, 0.000, 0.000, 10.700, -12.000
0.540, 11.165, 46.500, 100.000, 0.000, 0.000, 11.165, 12.000, 0.540, 11.165, 46.500, 100.000, 0.000, 0.000, 11.165, -12.000
0.550, 11.640, 47.500, 100.000, -0.000, 0.000, 11.640, 12.000, 0.550, 11.640, 47.500, 100.000, -0.000, 0.000, 11.640, -12.000
0.560, 12.125, 48.500, 100.000, 0.000, 0.000, 12.125, 12.000, 0.560, 12.125, 48.500, 100.000, 0.000, 0.000, 12.125, -12.000
0.570, 12.620, 49.500, 100.000, -0.000, 0.000, 12.620, 12.000, 0.570, 12.620, 49.500, 100.000, -0.000, 0.000, 12.620, -12.000
0.580, 13.125, 50.500, 100.000, 0.000, 0.000, 13.125, 12.000, 0.580, 13.125, 50.500, 100.000, 0.000, 0.000, 13.125, -12.000
0.590, 13.640, 51.500, 100.000, -0.000, 0.000, 13.640, 12.000, 0.590, 13.640, 51.500, 100.000, -0.000, 0.000, 13.640, -12.000
0.600, 14.165, 52.500, 100.000, 0.000, 0.000, 14.165, 12.000, 0.600, 14.165, 52.500, 100.000, 0.000, 0.000, 14.165, -12.000
0.610, 14.700, 53.500, 100.000, -0.000, 0.000, 14.700, 12.000, 0.610, 14.700, 53.500, 100.000, -0.000, 0.000, 14.700, -12.000
0.620, 15.245, 54.500, 100.000, -0.000, 0.000, 15.245, 12.000, 0.620, 15.245, 54.500, 100.000, -0.000, 0.000, 15.245, -12.000
0.630, 15.800, 55.500, 100.000, 0.000, 0.000, 15.800, 12.000, 0.630, 15.800, 55.500, 100.000, 0.000, 0.000, 15.800, -12.000
0.640, 16.365, 56.500, 100.000, -0.000, 0.000, 16.365, 12.000, 0.640, 16.365, 56.500, 100.000, -0.000, 0.000, 16.365, -12.000
0.650, 16.940, 57.500, 100.000, -0.000, 0.000, 16.940, 12.000, 0.650, 16.940, 57.500, 100.000, -0.000, 0.000, 16.940, -12.000
0.660, 17.525, 58.500, 100.000, 0.000, 0.000, 17.525, 12.000, 0.660, 17.525, 58.500, 100.000, 0.000, 0.000, 17.525, -12.000
0.670, 18.120, 59.500, 100.000, -0.000, 0.000, 18.120, 12.000, 0.670, 18.120, 59.500, 100.000, -0.000, 0.000, 18.120, -12.000
0.680, 18.725, 60.500, 100.000, 0.000, 0.000, 18.725, 12.000, 0.680, 18.725, 60.500, 100.000, 0.000, 0.000, 18.725, -12.000
0.690, 19.340, 61.500, 100.000, -0.000, 0.000, 19.340, 12.000, 0.690, 19.340, 61.500, 100.000, -0.000, 0.000, 19.340, -12.000
0.700, 19.965, 62.500, 100.000, 0.000, 0.000, 19.965, 12.000, 0.700, 19.965, 62.500, 100.000, 0.000, 0.000, 19.965, -12.000
0.710, 20.600, 63.500, 100.000, -0.000, 0.000, 20.600, 12.000, 0.710, 20.600, 63.500, 100.000, -0.000, 0.000, 20.600, -12.000
0.720, 21.245, 64.500, 100.000, -0.000, 0.000, 21.245, 12.000, 0.720, 21.245, 64.500, 100.000, -0.000, 0.000, 21.245, -12.000
0.730, 21.900, 65.500, 100.000, 0.000, 0.000, 21.900, 12.000, 0.730, 21.900, 65.500, 100.000, 0.000, 0.000, 21.900, -12.000
0.740, 22.565, 66.500, 100.000, -0.000, 0.000, 22.565, 12.000, 0.740, 22.565, 66.500, 100.000, -0.000, 0.000, 22.565, -12.000
0.750, 23.240, 67.500, 100.000, -0.000, 0.000, 23.240, 12.000, 0.750, 23.240, 67.500, 100.000, -0.000, 0.000, 23.240, -12.000
0.760, 23.925, 68.500, 100.000, -0.000, 0.000, 23.925, 12.000, 0.760, 23.925, 68.500, 100.000, -0.000, 0.000, 23.925, -12.000
0.770, 24.620, 69.500, 100.000, 0.000, 0.000, 24.620, 12.000, 0.770, 24.620, 69.500, 100.000, 0.000, 0.000, 24.620, -12.000
0.780, 25.325, 70.500, 100.000, -0.000, 0.000, 25.325, 12.000, 0.780, 25.325, 70.500, 100.000, -0.000, 0.000, 25.325, -12.000
0.790, 26.040, 71.500, 100.000, 0.000, 0.000, 26.040, 12.000, 0.790, 26.040, 71.500, 100.000, 0.000, 0.000, 26.040, -12.000
0.800, 26.765, 72.500, 100.000, 0.000, 0.000, 26.765, 12.000, 0.800, 26.765, 72.500, 100.000, 0.000, 0.000, 26.765, -12.000
0.810, 27.500, 73.500, 100.000, -0.000, 0.000, 27.500, 12.000, 0.810, 27.500, 73.500, 100.000, -0.000, 0.000, 27.500, -12.000
0.820, 28.245, 74.500, 100.000, -0.000, 0.000, 28.245, 12.000, 0.820, 28.245, 74.500, 100.000, -0.000, 0.000, 28.245, -12.000
0.830, 29.000, 75.500, 100.000, 0.000, 0.000, 29.000, 12.000, 0.830, 29.000, 75.500, 100.000, 0.000, 0.000, 29.000, -12.000
0.840, 29.765, 76.500, 100.000, -0.000, 0.000, 29.765, 12.000, 0.840, 29.765, 76.500, 100.000, -0.000, 0.000, 29.765, -12.000
0.850, 30.540, 77.500, 100.000, 0.000, 0.000, 30.540, 12.000, 0.850, 30.540, 77.500, 100.000, 0.000, 0.000, 30.540, -12.000
0.860, 31.325, 78.500, 100.000, -0.000, 0.000, 31.325, 12.000, 0.860, 31.325, 78.500, 100.000, -0.000, 0.000, 31.325, -12.000
0.870, 32.120, 79.500, 100.000, 0.000, 0.000, 32.120, 12.000, 0.870, 32.120, 79.500, 100.000, 0.000, 0.000, 32.120, -12.000
0.880, 32.925, 80.500, 100.000, -0.000, 0.000, 32.925, 12.000, 0.880, 32.925, 80.500, 100.000, -0.000, 0.000, 32.925, -12.000
0.890, 33.740, 81.500, 100.000, 0.000, 0.000, 33.740, 12.000, 0.890, 33.740, 81.500, 100.000, 0.000, 0.000, 33.740, -12.000
0.900, 34.565, 82.500, 100.000, 0.000, 0.000, 34.565, 12.000, 0.900, 34.565, 82.500, 100.000, 0.000, 0.000, 34.565, -12.000
0.910, 35.400, 83.500, 100.000, -0.000, 0.000, 35.400, 12.000, 0.910, 35.400, 83.500, 100.000, -0.000, 0.000, 35.400, -12.000
0.920, 36.245, 84.500, 100.000, 0.000, 0.000, 36.245, 12.000, 0.920, 36.245, 84.500, 100.000, 0.000, 0.000, 36.245, -12.000
0.930, 37.100, 85.500, 100.000, -0.000, 0.000, 37.100, 12.000, 0.930, 37.100, 85.500, 100.000, -0.000, 0.000, 37.100, -12.000
0.940, 37.965, 86.500, 100.000, 0.000, 0.000, 37.965, 12.000, 0.940, 37.965, 86.500, 100.000, 0.000, 0.000, 37.965, -12.000
0.950, 38.840, 87.500, 100.000, -0.000, 0.000, 38.840, 12.000, 0.950, 38.840, 87.500, 100.000, -0.000, 0.000, 38.840, -12.000
0.960, 39.725, 88.500, 100.000, 0.000, 0.000, 39.725, 12.000, 0.960, 39.725, 88.500, 100.000, 0.000, 0.000, 39.725, -12.000
0.970, 40.620, 89.500, 100.000, -0.000, 0.000, 40.620, 12.000, 0.970, 40.620, 89.500, 100.000, -0.000, 0.000, 40.620, -12.000
0.980, 41.525, 90.500, 100.000, -0.000, 0.000, 41.525, 12.000, 0.980, 41.525, 90.500, 100.000, -0.000, 0.000, 41.525, -12.000
0.990, 42.440, 91.500, 100.000, 0.000, 0.000, 42.440, 12.000, 0.990, 42.440, 91.500, 100.000, 0.000, 0.000, 42.440, -12.000
1.000, 43.365, 92.500, 100.000, 0.000, 0.000, 43.365, 12.000, 1.000, 43.365, 92.500, 100.000, 0.000, 0.000, 43.365, -12.000
1.010, 44.300, 93.500, 100.000, 0.000, 0.000, 44.300, 12.000, 1.010, 44.300, 93.500, 100.000, 0.000, 0.000, 44.300, -12.000
1.020, 45.245, 94.500, 100.000, -0.000, 0.000, 45.245, 12.000, 1.020, 45.245, 94.500, 100.000, -0.000, 0.000, 45.245, -12.000
1.030, 46.200, 95.500, 100.000, 0.000, 0.000, 46.200, 12.000, 1.030, 46.200, 95.500, 100.000, 0.000, 0.000, 46.200, -12.000
1.040, 47.165, 96.500, 100.000, 0.000, 0.000, 47.165, 12.000, 1.040, 47.165, 96.500, 100.000, 0.000, 0.000, 47.165, -12.000
1.050, 48.140, 97.500, 100.000, -0.000, 0.000, 48.140, 12.000, 1.050, 48.140, 97.500, 100.000, -0.000, 0.000, 48.140, -12.000
1.060, 49.125, 98.500, 100.000, -0.000, 0.000, 49.125, 12.000, 1.060, 49.125, 98.500, 100.000, -0.000, 0.000, 49.125, -12.000
1.070, 50.120, 99.500, 100.000, 0.000, 0.000, 50.120, 12.000, 1.070, 50.120, 99.500, 100.000, 0.000, 0.000, 50.120, -12.000
1.080, 51.125, 100.500, 100.000, 0.000, 0.000, 51.125, 12.000, 1.080, 51.125, 100.500, 100.000, 0.000, 0.000, 51.125, -12.000
1.090, 52.140, 101.500, 100.000, -0.000, 0.000, 52.140, 12.000, 1.090, 52.140, 101.500, 100.000, -0.000, 0.000, 52.140, -12.000
1.100, 53.165, 102.500, 100.000, 0.000, 0.000, 53.165, 12.000, 1.100, 53.165, 102.500, 100.000, 0.000, 0.000, 53.165, -12.000
1.110, 54.200, 103.500, 100.000, 0.000, 0.000, 54.200, 12.000, 1.110, 54.200, 103.500, 100.000, 0.000, 0.000, 54.200, -12.000
1.120, 55.245, 104.500, 100.000, -0.000, 0.000, 55.245, 12.000, 1.120, 55.245, 104.500, 100.000, -0.000, 0.000, 55.245, -12.000
1.130, 56.300, 105.500, 100.000, 0.000, 0.000, 56.300, 12.000, 1.130, 56.300, 105.500, 100.000, 0.000, 0.000, 56.300, -12.000
1.140, 57.365, 106.500, 100.000, -0.000, 0.000, 57.365, 12.000, 1.140, 57.365, 106.500, 100.000, -0.000, 0.000, 57.365, -12.000
1.150, 58.440, 107.500, 100.000, 0.000, 0.000, 58.440, 12.000, 1.150, 58.440, 107.500, 100.000, 0.000, 0.000, 58.440, -12.000
1.160, 59.525, 108.500, 100.000, 0.000, 0.000, 59.525, 12.000, 1.160, 59.525, 108.500, 100.000, 0.000, 0.000, 59.525, -12.000
1.170, 60.620, 109.500, 100.000, -0.000, 0.000, 60.620, 12.000, 1.170, 60.620, 109.500, 100.000, -0.000, 0.000, 60.620, -12.000
1.180, 61.725, 110.500, 100.000, 0.000, 0.000, 61.725, 12.000, 1.180, 61.725, 110.500, 100.000, 0.000, 0.000, 61.725, -12.000
1.190, 62.840, 111.500, 100.000, 0.000, 0.000, 62.840, 12.000, 1.190, 62.840, 111.500, 100.000, 0.000, 0.000, 62.840, -12.000
1.200, 63.965, 112.500, 100.000, -0.000, 0.000, 63.965, 12.000, 1.200, 63.965, 112.500, 100.000, -0.000, 0.000, 63.965, -12.000
1.210, 65.100, 113.500, 100.000, 0.000, 0.000, 65.100, 12.000, 1.210, 65.100, 113.500, 100.000, 0.000, 0.000, 65.100, -12.000
1.220, 66.245, 114.500, 100.000, 0.000, 0.000, 66.245, 12.000, 1.220, 66.245, 114.500, 100.000, 0.000, 0.000, 66.245, -12.000
1.230, 67.400, 115.500, 100.000, -0.000, 0.000, 67.400, 12.000, 1.230, 67.400, 115.500, 100.000, -0.000, 0.000, 67.400, -12.000
1.240, 68.565, 116.500, 100.000, 0.000, 0.000, 68.565, 12.000, 1.240, 68.565, 116.500, 100.000, 0.000, 0.000, 68.565, -12.000
1.250, 69.740, 117.500, 100.000, -0.000, 0.000, 69.740, 12.000, 1.250, 69.740, 117.500, 100.000, -0.000, 0.000, 69.740, -12.000
1.260, 70.925, 118.500, 100.000, -0.000, 0.000, 70.925, 12.000, 1.260, 70.925, 118.500, 100.000, -0.000, 0.000, 70.925, -12.000
1.270, 72.120, 119.500, 100.000, 0.000, 0.000, 72.120, 12.000, 1.270, 72.120, 119.500, 100.000, 0.000, 0.000, 72.120, -12.000
1.280, 73.325, 120.500, 100.000, 0.000, 0.000, 73.325, 12.000, 1.280, 73.325, 120.500, 100.000, 0.000, 0.000, 73.325, -12.000
1.290, 74.540, 121.500, 100.000, -0.000, 0.000, 74.540, 12.000, 1.290, 74.540, 121.500, 100.000, -0.000, 0.000, 74.540, -12.000
1.300, 75.765, 122.500, 100.000, 0.000, 0.000, 75.765, 12.000, 1.300, 75.765, 122.500, 100.000, 0.000, 0.000, 75.765, -12.000
1.310, 77.000, 123.500, 100.000, -0.000, 0.000, 77.000, 12.000, 1.310, 77.000, 123.500, 100.000, -0.000, 0.000, 77.000, -12.000
1.320, 78.245, 124.500, 100.000, 0.000, 0.000, 78.245, 12.000, 1.320, 78.245, 124.500, 100.000, 0.000, 0.000, 78.245, -12.000
1.330, 79.500, 125.500, 100.000, -0.000, 0.000, 79.500, 12.000, 1.330, 79.500, 125.500, 100.000, -0.000, 0.000, 79.500, -12.000
1.340, 80.765, 126.500, 100.000, 0.000, 0.000, 80.765, 12.000, 1.340, 80.765, 126.500, 100.000, 0.000, 0.000, 80.765, -12.000
1.350, 82.040, 127.500, 100.000, -0.000, 0.000, 82.040, 12.000, 1.350, 82.040, 127.500, 100.000, -0.000, 0.000, 82.040, -12.000
1.360, 83.325, 128.500, 100.000, 0.000, 0.000, 83.325, 12.000, 1.360, 83.325, 128.500, 100.000, 0.000, 0.000, 83.325, -12.000
1.370, 84.620, 129.500, 100.000, -0.000, 0.000, 84.620, 12.000, 1.370, 84.620, 129.500, 100.000, -0.000, 0.000, 84.620, -12.000
1.380, 85.925, 130.500, 100.000, 0.000, 0.000, 85.925, 12.000, 1.380, 85.925, 130.500, 100.000, 0.000, 0.000, 85.925, -12.000
1.390, 87.240, 131.500, 100.000, -0.000, 0.000, 87.240, 12.000, 1.390, 87.240, 131.500, 100.000, -0.000, 0.000, 87.240, -12.000
1.400, 88.565, 132.500, 100.000, 0.000, 0.000, 88.565, 12.000, 1.400, 88.565, 132.500, 100.000, 0.000, 0.000, 88.565, -12.000
1.410, 89.900, 133.500, 100.000, 0.000, 0.000, 89.900, 12.000, 1.410, 89.900, 133.500, 100.000, 0.000, 0.000, 89.900, -12.000
1.420, 91.245, 134.500, 100.000, 0.000, 0.000, 91.245, 12.000, 1.420, 91.245, 134.500, 100.000, 0.000, 0.000, 91.245, -12.000
1.430, 92.600, 135.500, 100.000, 0.000, 0.000, 92.600, 12.000, 1.430, 92.600, 135.500, 100.000, 0.000, 0.000, 92.600, -12.000
1.440, 93.965, 136.500, 100.000, -0.000, 0.000, 93.965, 12.000, 1.440, 93.965, 136.500, 100.000, -0.000, 0.000, 93.965, -12.000
1.450, 95.340, 137.500, 100.000, 0.000, 0.000, 95.340, 12.000, 1.450, 95.340, 137.500, 100.000, 0.000, 0.000, 95.340, -12.000
1.460, 96.725, 138.500, 100.000, -0.000, 0.000, 96.725, 12.000, 1.460, 96.725, 138.500, 100.000, -0.000, 0.000, 96.725, -12.000
1.470, 98.120, 139.500, 100.000, -0.000, 0.000, 98.120, 12.000, 1.470, 98.120, 139.500, 100.000, -0.000, 0.000, 98.120, -12.000
1.480, 99.525, 140.500, 100.000, 0.000, 0.000, 99.525, 12.000, 1.480, 99.525, 140.500, 100.000, 0.000, 0.000, 99.525, -12.000
1.490, 100.940, 141.500, 100.000, -0.000, 0.000, 100.940, 12.000, 1.490, 100.940, 141.500, 100.000, -0.000, 0.000, 100.940, -12.000
1.500, 102.365, 142.471, 97.059, -294.118, 0.000, 102.365, 12.000, 1.500, 102.365, 142.471, 97.059, -294.118, 0.000, 102.365, -12.000
1.510, 103.799, 143.382, 91.176, -588.235, 0.000, 103.799, 12.000, 1.510, 103.799, 143.382, 91.176, -588.235, 0.000, 103.799, -12.000
1.520, 105.241, 144.235, 85.294, -588.235, 0.000, 105.241, 12.000, 1.520, 105.241, 144.235, 85.294, -588.235, 0.000, 105.241, -12.000
1.530, 106.691, 145.029, 79.412, -588.235, 0.000, 106.691, 12.000, 1.530, 106.691, 145.029, 79.412, -588.235, 0.000, 106.691, -12.000
1.540, 108.149, 145.765, 73.529, -588.235, 0.000, 108.149, 12.000, 1.540, 108.149, 145.765, 73.529, -588.235, 0.000, 108.149, -12.000
1.550, 109.613, 146.441, 67.647, -588.235, 0.000, 109.613, 12.000, 1.550, 109.613, 146.441, 67.647, -588.235, 0.000, 109.613, -12.000
1.560, 111.084, 147.059, 61.765, -588.235, 0.000, 111.084, 12.000, 1.560, 111.084, 147.059, 61.765, -588.235, 0.000, 111.084, -12.000
1.570, 112.560, 147.618, 55.882, -588.235, 0.000, 112.560, 12.000, 1.570, 112.560, 147.618, 55.882, -588.235, 0.000, 112.560, -12.000
1.580, 114.041, 148.118, 50.000, -588.235, 0.000, 114.041, 12.000, 1.580, 114.041, 148.118, 50.000, -588.235, 0.000, 114.041, -12.000
1.590, 115.527, 148.559, 44.118, -588.235, 0.000, 115.527, 12.000, 1.590, 115.527, 148.559, 44.118, -588.235, 0.000, 115.527, -12.000
1.600, 117.016, 148.941, 38.235, -588.235, 0.000, 117.016, 12.000, 1.600, 117.016, 148.941, 38.235, -588.235, 0.000, 117.016, -12.000
1.610, 118.509, 149.265, 32.353, -588.235, 0.000, 118.509, 12.000, 1.610, 118.509, 149.265, 32.353, -588.235, 0.000, 118.509, -12.000
1.620, 120.004, 149.529, 26.471, -588.235, 0.000, 120.004, 12.000, 1.620, 120.004, 149.529, 26.471, -588.235, 0.000, 120.004, -12.000
1.630, 121.501, 149.735, 20.588, -588.235, 0.000, 121.501, 12.000, 1.630, 121.501, 149.735, 20.588, -588.235, 0.000, 121.501, -12.000
1.640, 123.000, 149.882, 14.706, -588.235, 0.000, 123.000, 12.000, 1.640, 123.000, 149.882, 14.706, -588.235, 0.000, 123.000, -12.000
1.650, 124.500, 149.971, 8.824, -588.235, 0.000, 124.500, 12.000, 1.650, 124.500, 149.971, 8.824, -588.235, 0.000, 124.500, -12.000
1.660, 126.000, 150.000, 2.941, -588.235, 0.000, 126.000, 12.000, 1.660, 126.000, 150.000, 2.941, -588.235, 0.000, 126.000, -12.000
1.670, 127.500, 150.000, 0.000, -294.118, 0.000, 127.500, 12.000, 1.670, 127.500, 150.000, 0.000, -294.118, 0.000, 127.500, -12.000
1.680, 129.000, 150.000, 0.000, 0.000, 0.000, 129.000, 12.000, 1.680, 129.000, 150.000, 0.000, 0.000, 0.000, 129.000, -12.000
1.690, 130.498, 149.846, -15.353, -1535.293, 0.000, 130.498, 12.000, 1.690, 130.502, 150.154, 15.353, 1535.292, 0.000, 130.502, -12.000
1.700, 131.976, 147.749, -209.744, -19439.109, 0.002, 131.976, 12.001, 1.700, 132.024, 152.251, 209.740, 19438.660, 0.002, 132.024, -11.999
1.710, 133.428, 145.190, -255.941, -4619.745, 0.006, 133.428, 12.007, 1.710, 133.572, 154.810, 255.926, 4618.626, 0.006, 133.572, -11.993
1.720, 134.856, 142.776, -241.338, 1460.312, 0.012, 134.856, 12.020, 1.720, 135.144, 157.223, 241.313, -1461.265, 0.012, 135.144, -11.979
1.730, 136.260, 140.483, -229.352, 1198.661, 0.020, 136.260, 12.042, 1.730, 136.739, 159.493, 227.007, -1430.590, 0.020, 136.739, -11.953
1.740, 137.643, 138.272, -221.105, 824.659, 0.030, 137.642, 12.076, 1.740, 138.355, 161.599, 210.560, -1644.681, 0.030, 138.355, -11.914
1.750, 139.004, 136.122, -214.972, 613.359, 0.041, 139.003, 12.124, 1.750, 139.991, 163.526, 192.657, -1790.340, 0.041, 139.989, -11.856
1.760, 140.345, 134.033, -208.914, 605.783, 0.054, 140.342, 12.187, 1.760, 141.643, 165.274, 174.831, -1782.636, 0.054, 141.640, -11.778
1.770, 141.665, 132.006, -202.640, 627.349, 0.069, 141.659, 12.268, 1.770, 143.312, 166.842, 156.790, -1804.067, 0.069, 143.305, -11.675
1.780, 142.965, 130.047, -195.898, 674.190, 0.085, 142.956, 12.367, 1.780, 144.994, 168.225, 138.282, -1850.773, 0.085, 144.982, -11.547
1.790, 144.247, 128.163, -188.481, 741.695, 0.102, 144.232, 12.486, 1.790, 146.688, 169.416, 119.101, -1918.137, 0.102, 146.669, -11.389
1.800, 145.510, 126.360, -180.237, 824.428, 0.120, 145.488, 12.626, 1.800, 148.392, 170.407, 99.094, -2000.728, 0.120, 148.363, -11.201
1.810, 146.757, 124.649, -171.076, 916.161, 0.139, 146.724, 12.787, 1.810, 150.104, 171.188, 78.170, -2092.320, 0.139, 150.060, -10.980
1.820, 147.987, 123.040, -160.975, 1010.011, 0.160, 147.941, 12.971, 1.820, 151.822, 171.751, 56.310, -2186.027, 0.160, 151.759, -10.724
1.830, 149.203, 121.540, -149.988, 1098.699, 0.181, 149.138, 13.177, 1.830, 153.542, 172.087, 33.564, -2274.591, 0.181, 153.455, -10.432
1.840, 150.404, 120.157, -138.239, 1174.964, 0.203, 150.318, 13.405, 1.840, 155.264, 172.188, 10.057, -2350.745, 0.203, 155.145, -10.104
1.850, 151.593, 118.898, -125.919, 1232.018, 0.225, 151.480, 13.657, 1.850, 156.985, 172.047, -14.020, -2407.713, 0.225, 156.826, -9.740
1.860, 152.771, 117.765, -113.278, 1264.081, 0.247, 152.625, 13.932, 1.860, 158.701, 171.663, -38.417, -2439.714, 0.247, 158.495, -9.339
1.870, 153.939, 116.759, -100.609, 1266.842, 0.270, 153.754, 14.231, 1.870, 160.412, 171.035, -62.842, -2442.453, 0.270, 160.149, -8.901
1.880, 155.097, 115.877, -88.231, 1237.850, 0.292, 154.867, 14.552, 1.880, 162.113, 170.165, -86.977, -2413.467, 0.292, 161.784, -8.430
1.890, 156.248, 115.112, -76.464, 1176.689, 0.315, 155.966, 14.896, 1.890, 163.804, 169.060, -110.500, -2352.349, 0.315, 163.397, -7.924
1.900, 157.393, 114.466, -64.676, 1178.835, 0.337, 157.050, 15.263, 1.900, 165.481, 167.743, -131.735, -2123.442, 0.337, 164.986, -7.387
1.910, 158.533, 113.949, -51.667, 1300.846, 0.359, 158.121, 15.651, 1.910, 167.144, 166.260, -148.308, -1657.346, 0.359, 166.549, -6.820
1.920, 159.668, 113.564, -38.544, 1312.359, 0.380, 159.180, 16.061, 1.920, 168.791, 164.645, -161.427, -1311.885, 0.380, 168.085, -6.226
1.930, 160.801, 113.295, -26.865, 1167.851, 0.401, 160.228, 16.493, 1.930, 170.420, 162.914, -173.102, -1167.483, 0.401, 169.591, -5.605
1.940, 161.932, 113.128, -16.695, 1017.022, 0.421, 161.265, 16.945, 1.940, 172.030, 161.082, -183.269, -1016.762, 0.421, 171.068, -4.962
1.950, 163.063, 113.048, -8.047, 864.790, 0.440, 162.292, 17.416, 1.950, 173.622, 159.162, -191.916, -864.631, 0.440, 172.514, -4.298
1.960, 164.193, 113.039, -0.891, 715.581, 0.458, 163.311, 17.907, 1.960, 175.194, 157.172, -199.071, -715.516, 0.458, 173.930, -3.616
1.970, 165.324, 113.087, 4.840, 573.119, 0.476, 164.320, 18.416, 1.970, 176.745, 155.124, -204.802, -573.135, 0.476, 175.315, -2.917
1.980, 166.456, 113.179, 9.243, 440.299, 0.492, 165.322, 18.943, 1.980, 178.275, 153.032, -209.206, -440.386, 0.492, 176.670, -2.205
1.990, 167.589, 113.304, 12.435, 319.168, 0.508, 166.316, 19.487, 1.990, 179.784, 150.908, -212.399, -319.309, 0.508, 177.994, -1.481
2.000, 168.724, 113.449, 14.544, 210.959, 0.523, 167.303, 20.046, 2.000, 181.272, 148.763, -214.511, -211.146, 0.523, 179.288, -0.747
2.010, 169.860, 113.606, 15.706, 116.200, 0.537, 168.283, 20.620, 2.010, 182.738, 146.606, -215.675, -116.416, 0.537, 180.553, -0.006
2.020, 170.997, 113.767, 16.055, 34.821, 0.549, 169.257, 21.208, 2.020, 184.183, 144.446, -216.025, -35.059, 0.549, 181.790, 0.740
2.030, 172.137, 113.924, 15.717, -33.701, 0.561, 170.225, 21.809, 2.030, 185.605, 142.289, -215.691, 33.452, 0.561, 182.999, 1.490
2.040, 173.277, 114.072, 14.815, -90.219, 0.572, 171.188, 22.421, 2.040, 187.007, 140.141, -214.791, 89.966, 0.572, 184.181, 2.243
2.050, 174.419, 114.207, 13.457, -135.802, 0.582, 172.145, 23.045, 2.050, 188.387, 138.006, -213.436, 135.550, 0.582, 185.337, 2.996
2.060, 175.563, 114.324, 11.741, -171.634, 0.591, 173.097, 23.677, 2.060, 189.746, 135.889, -211.722, 171.388, 0.591, 186.469, 3.748
2.070, 176.707, 114.422, 9.752, -198.940, 0.599, 174.045, 24.319, 2.070, 191.084, 133.792, -209.735, 198.705, 0.599, 187.577, 4.498
2.080, 177.852, 114.497, 7.562, -218.930, 0.606, 174.988, 24.968, 2.080, 192.401, 131.716, -207.548, 218.705, 0.606, 188.662, 5.245
2.090, 178.997, 114.550, 5.235, -232.753, 0.613, 175.927, 25.624, 2.090, 193.698, 129.664, -205.222, 232.542, 0.613, 189.725, 5.987
2.100, 180.143, 114.578, 2.820, -241.478, 0.618, 176.863, 26.285, 2.100, 194.974, 127.636, -202.809, 241.281, 0.618, 190.768, 6.723
2.110, 181.289, 114.581, 0.359, -246.076, 0.623, 177.795, 26.951, 2.110, 196.230, 125.632, -200.351, 245.893, 0.623, 191.790, 7.454
2.120, 182.434, 114.560, -2.115, -247.412, 0.626, 178.724, 27.621, 2.120, 197.467, 123.654, -197.878, 247.244, 0.626, 192.793, 8.177
2.130, 183.580, 114.514, -4.577, -246.250, 0.629, 179.651, 28.294, 2.130, 198.684, 121.700, -195.417, 246.096, 0.629, 193.778, 8.892
2.140, 184.724, 114.444, -7.010, -243.254, 0.632, 180.576, 28.968, 2.140, 199.881, 119.770, -192.986, 243.113, 0.632, 194.745, 9.598
2.150, 185.868, 114.350, -9.400, -238.997, 0.633, 181.498, 29.644, 2.150, 201.060, 117.864, -190.597, 238.868, 0.633, 195.696, 10.295
2.160, 187.010, 114.233, -11.740, -233.966, 0.634, 182.419, 30.320, 2.160, 202.220, 115.981, -188.259, 233.850, 0.634, 196.631, 10.981
2.170, 188.151, 114.093, -14.025, -228.578, 0.634, 183.338, 30.996, 2.170, 203.361, 114.121, -185.974, 228.472, 0.634, 197.550, 11.657
2.180, 189.290, 113.930, -16.257, -223.180, 0.633, 184.256, 31.670, 2.180, 204.484, 112.284, -183.743, 223.085, 0.633, 198.455, 12.322
2.190, 190.428, 113.746, -18.438, -218.063, 0.632, 185.174, 32.343, 2.190, 205.589, 110.468, -181.563, 217.977, 0.632, 199.346, 12.975
2.200, 191.563, 113.540, -20.572, -213.467, 0.630, 186.091, 33.012, 2.200, 206.675, 108.674, -179.430, 213.390, 0.630, 200.224, 13.616
2.210, 192.696, 113.313, -22.668, -209.588, 0.627, 187.007, 33.679, 2.210, 207.744, 106.901, -177.334, 209.520, 0.627, 201.089, 14.244
2.220, 193.827, 113.066, -24.734, -206.583, 0.624, 187.924, 34.341, 2.220, 208.796, 105.148, -175.269, 206.523, 0.624, 201.941, 14.860
2.230, 194.955, 112.798, -26.780, -204.575, 0.620, 188.841, 34.998, 2.230, 209.830, 103.416, -173.224, 204.523, 0.620, 202.782, 15.462
2.240, 196.080, 112.510, -28.817, -203.655, 0.615, 189.758, 35.649, 2.240, 210.847, 101.704, -171.188, 203.609, 0.615, 203.611, 16.051
2.250, 197.202, 112.202, -30.855, -203.885, 0.610, 190.676, 36.295, 2.250, 211.847, 100.012, -169.149, 203.846, 0.610, 204.429, 16.626
2.260, 198.321, 111.872, -32.908, -205.301, 0.605, 191.594, 36.933, 2.260, 212.831, 98.341, -167.097, 205.269, 0.605, 205.237, 17.187
2.270, 199.436, 111.523, -34.987, -207.913, 0.598, 192.514, 37.564, 2.270, 213.798, 96.691, -165.018, 207.888, 0.598, 206.034, 17.735
2.280, 200.547, 111.152, -37.105, -211.709, 0.592, 193.434, 38.187, 2.280, 214.748, 95.062, -162.901, 211.689, 0.592, 206.821, 18.268
2.290, 201.655, 110.759, -39.271, -216.647, 0.585, 194.356, 38.802, 2.290, 215.683, 93.455, -160.735, 216.634, 0.585, 207.599, 18.786
2.300, 202.758, 110.344, -41.498, -222.667, 0.577, 195.278, 39.407, 2.300, 216.601, 91.870, -158.508, 222.660, 0.577, 208.367, 19.290
2.310, 203.857, 109.906, -43.795, -229.682, 0.569, 196.202, 40.003, 2.310, 217.504, 90.308, -156.211, 229.681, 0.569, 209.126, 19.780
2.320, 204.952, 109.444, -46.170, -237.583, 0.560, 197.127, 40.588, 2.320, 218.392, 88.769, -153.835, 237.586, 0.560, 209.876, 20.254
2.330, 206.041, 108.958, -48.633, -246.236, 0.551, 198.052, 41.163, 2.330, 219.265, 87.256, -151.373, 246.247, 0.551, 210.617, 20.715
2.340, 207.126, 108.446, -51.188, -255.490, 0.542, 198.979, 41.726, 2.340, 220.122, 85.767, -148.818, 255.505, 0.542, 211.350, 21.160
2.350, 208.205, 107.908, -53.839, -265.168, 0.532, 199.906, 42.278, 2.350, 220.965, 84.306, -146.166, 265.189, 0.532, 212.074, 21.591
2.360, 209.278, 107.342, -56.590, -275.082, 0.522, 200.834, 42.817, 2.360, 221.794, 82.872, -143.415, 275.107, 0.522, 212.791, 22.008
2.370, 210.346, 106.747, -59.440, -285.021, 0.511, 201.763, 43.344, 2.370, 222.609, 81.466, -140.564, 285.053, 0.511, 213.499, 22.410
2.380, 211.407, 106.123, -62.388, -294.772, 0.500, 202.691, 43.858, 2.380, 223.410, 80.090, -137.616, 294.806, 0.500, 214.200, 22.798
2.390, 212.462, 105.469, -65.429, -304.105, 0.489, 203.620, 44.359, 2.390, 224.197, 78.744, -134.575, 304.146, 0.489, 214.893, 23.172
2.400, 213.510, 104.784, -68.557, -312.798, 0.478, 204.547, 44.846, 2.400, 224.971, 77.430, -131.446, 312.839, 0.478, 215.579, 23.531
2.410, 214.550, 104.066, -71.763, -320.621, 0.466, 205.474, 45.319, 2.410, 225.733, 76.147, -128.240, 320.668, 0.466, 216.257, 23.877
2.420, 215.583, 103.316, -75.037, -327.363, 0.454, 206.400, 45.778, 2.420, 226.482, 74.898, -124.966, 327.412, 0.454, 216.928, 24.210
2.430, 216.609, 102.532, -78.365, -332.823, 0.442, 207.324, 46.222, 2.430, 227.219, 73.681, -121.637, 332.873, 0.442, 217.592, 24.529
2.440, 217.626, 101.715, -81.733, -336.819, 0.430, 208.246, 46.651, 2.440, 227.944, 72.498, -118.268, 336.872, 0.430, 218.249, 24.835
2.450, 218.634, 100.863, -85.125, -339.200, 0.418, 209.166, 47.066, 2.450, 228.657, 71.350, -114.876, 339.251, 0.418, 218.900, 25.129
2.460, 219.634, 99.978, -88.524, -339.837, 0.405, 210.082, 47.466, 2.460, 229.360, 70.235, -111.477, 339.890, 0.405, 219.543, 25.410
2.470, 220.625, 99.059, -91.910, -338.644, 0.393, 210.995, 47.851, 2.470, 230.051, 69.154, -108.090, 338.697, 0.393, 220.181, 25.678
2.480, 221.606, 98.106, -95.266, -335.568, 0.380, 211.903, 48.221, 2.480, 230.732, 68.107, -104.734, 335.617, 0.380, 220.811, 25.935
2.490, 222.577, 97.121, -98.572, -330.590, 0.368, 212.807, 48.576, 2.490, 231.403, 67.092, -101.427, 330.639, 0.368, 221.436, 26.180
2.500, 223.538, 96.102, -101.809, -323.739, 0.355, 213.706, 48.915, 2.500, 232.064, 66.111, -98.189, 323.784, 0.355, 222.054, 26.414
2.510, 224.489, 95.053, -104.960, -315.071, 0.343, 214.599, 49.241, 2.510, 232.716, 65.160, -95.038, 315.115, 0.343, 222.667, 26.637
2.520, 225.428, 93.973, -108.007, -304.686, 0.330, 215.486, 49.551, 2.520, 233.358, 64.240, -91.991, 304.725, 0.330, 223.273, 26.849
2.530, 226.357, 92.863, -110.934, -292.709, 0.318, 216.367, 49.847, 2.530, 233.992, 63.350, -89.063, 292.744, 0.318, 223.873, 27.051
2.540, 227.274, 91.726, -113.727, -279.294, 0.306, 217.240, 50.128, 2.540, 234.617, 62.487, -86.270, 279.326, 0.306, 224.468, 27.243
2.550, 228.180, 90.562, -116.373, -264.618, 0.294, 218.105, 50.396, 2.550, 235.233, 61.651, -83.624, 264.645, 0.294, 225.057, 27.425
2.560, 229.074, 89.374, -118.862, -248.872, 0.282, 218.962, 50.650, 2.560, 235.841, 60.839, -81.135, 248.895, 0.282, 225.640, 27.598
2.570, 229.955, 88.162, -121.184, -232.260, 0.270, 219.810, 50.890, 2.570, 236.442, 60.051, -78.812, 232.278, 0.270, 226.218, 27.761
2.580, 230.825, 86.929, -123.334, -214.987, 0.259, 220.649, 51.117, 2.580, 237.035, 59.285, -76.662, 215.001, 0.259, 226.790, 27.916
2.590, 231.681, 85.676, -125.307, -197.260, 0.247, 221.479, 51.332, 2.590, 237.620, 58.538, -74.689, 197.271, 0.247, 227.357, 28.063
2.600, 232.525, 84.405, -127.100, -179.282, 0.236, 222.298, 51.534, 2.600, 238.198, 57.809, -72.896, 179.287, 0.236, 227.918, 28.202
2.610, 233.357, 83.118, -128.712, -161.238, 0.226, 223.107, 51.724, 2.610, 238.769, 57.096, -71.284, 161.242, 0.226, 228.474, 28.332
2.620, 234.175, 81.816, -130.145, -143.312, 0.215, 223.906, 51.903, 2.620, 239.333, 56.397, -69.851, 143.310, 0.215, 229.025, 28.455
2.630, 234.980, 80.502, -131.402, -125.657, 0.205, 224.693, 52.071, 2.630, 239.890, 55.711, -68.594, 125.654, 0.205, 229.569, 28.571
2.640, 235.772, 79.177, -132.486, -108.421, 0.195, 225.469, 52.228, 2.640, 240.441, 55.036, -67.510, 108.415, 0.195, 230.109, 28.681
2.650, 236.550, 77.843, -133.403, -91.726, 0.185, 226.233, 52.375, 2.650, 240.984, 54.370, -66.593, 91.715, 0.185, 230.643, 28.783
2.660, 237.315, 76.502, -134.160, -75.670, 0.175, 226.986, 52.511, 2.660, 241.522, 53.712, -65.836, 75.661, 0.175, 231.171, 28.879
2.670, 238.066, 75.154, -134.763, -60.345, 0.166, 227.727, 52.639, 2.670, 242.052, 53.060, -65.233, 60.331, 0.166, 231.694, 28.969
2.680, 238.805, 73.802, -135.221, -45.807, 0.157, 228.455, 52.758, 2.680, 242.576, 52.412, -64.775, 45.794, 0.157, 232.211, 29.054
2.690, 239.529, 72.446, -135.542, -32.108, 0.149, 229.171, 52.868, 2.690, 243.094, 51.767, -64.454, 32.092, 0.149, 232.723, 29.132
2.700, 240.240, 71.089, -135.735, -19.273, 0.140, 229.875, 52.970, 2.700, 243.605, 51.125, -64.262, 19.258, 0.140, 233.229, 29.206
2.710, 240.937, 69.731, -135.808, -7.321, 0.132, 230.565, 53.065, 2.710, 244.110, 50.483, -64.189, 7.304, 0.132, 233.729, 29.275
2.720, 241.621, 68.373, -135.771, 3.749, 0.124, 231.244, 53.153, 2.720, 244.608, 49.841, -64.226, -3.767, 0.124, 234.224, 29.338
2.730, 242.291, 67.017, -135.631, 13.947, 0.117, 231.909, 53.233, 2.730, 245.100, 49.197, -64.366, -13.963, 0.117, 234.712, 29.398
2.740, 242.948, 65.663, -135.398, 23.289, 0.110, 232.561, 53.308, 2.740, 245.586, 48.551, -64.599, -23.308, 0.110, 235.194, 29.453
2.750, 243.591, 64.312, -135.080, 31.805, 0.103, 233.201, 53.376, 2.750, 246.065, 47.902, -64.917, -31.823, 0.103, 235.671, 29.504
2.760, 244.220, 62.965, -134.685, 39.529, 0.097, 233.827, 53.439, 2.760, 246.537, 47.249, -65.313, -39.543, 0.097, 236.141, 29.551
2.770, 244.837, 61.623, -134.220, 46.491, 0.090, 234.441, 53.496, 2.770, 247.003, 46.591, -65.778, -46.510, 0.090, 236.605, 29.594
2.780, 245.440, 60.286, -133.693, 52.743, 0.084, 235.041, 53.549, 2.780, 247.463, 45.928, -66.305, -52.758, 0.084, 237.062, 29.634
2.790, 246.029, 58.955, -133.110, 58.320, 0.079, 235.629, 53.597, 2.790, 247.915, 45.259, -66.889, -58.334, 0.079, 237.513, 29.671
2.800, 246.605, 57.630, -132.477, 63.267, 0.073, 236.204, 53.640, 2.800, 248.361, 44.584, -67.522, -63.281, 0.073, 237.958, 29.705
2.810, 247.169, 56.312, -131.801, 67.630, 0.068, 236.765, 53.680, 2.810, 248.800, 43.902, -68.198, -67.643, 0.068, 238.396, 29.736
2.820, 247.719, 55.001, -131.086, 71.449, 0.063, 237.314, 53.716, 2.820, 249.232, 43.213, -68.913, -71.464, 0.063, 238.827, 29.764
2.830, 248.256, 53.698, -130.338, 74.772, 0.058, 237.850, 53.749, 2.830, 249.657, 42.516, -69.660, -74.782, 0.058, 239.251, 29.790
2.840, 248.780, 52.402, -129.562, 77.633, 0.054, 238.373, 53.778, 2.840, 250.075, 41.812, -70.437, -77.644, 0.054, 239.669, 29.813
2.850, 249.291, 51.115, -128.761, 80.073, 0.050, 238.884, 53.805, 2.850, 250.486, 41.099, -71.238, -80.084, 0.050, 240.079, 29.835
2.860, 249.789, 49.835, -127.940, 82.129, 0.046, 239.382, 53.829, 2.860, 250.890, 40.379, -72.059, -82.139, 0.046, 240.483, 29.854
2.870, 250.275, 48.564, -127.102, 83.834, 0.042, 239.867, 53.850, 2.870, 251.287, 39.650, -72.898, -83.843, 0.042, 240.879, 29.871
2.880, 250.748, 47.302, -126.249, 85.218, 0.039, 240.339, 53.869, 2.880, 251.676, 38.912, -73.750, -85.226, 0.039, 241.267, 29.887
2.890, 251.208, 46.048, -125.386, 86.309, 0.035, 240.800, 53.886, 2.890, 252.057, 38.166, -74.613, -86.318, 0.035, 241.649, 29.901
2.900, 251.656, 44.803, -124.515, 87.136, 0.032, 241.247, 53.901, 2.900, 252.432, 37.411, -75.484, -87.142, 0.032, 242.023, 29.914
2.910, 252.092, 43.566, -123.638, 87.717, 0.029, 241.683, 53.915, 2.910, 252.798, 36.648, -76.362, -87.725, 0.029, 242.389, 29.925
2.920, 252.515, 42.339, -122.757, 88.079, 0.027, 242.106, 53.927, 2.920, 253.157, 35.875, -77.242, -88.084, 0.027, 242.748, 29.935
2.930, 252.926, 41.120, -121.875, 88.234, 0.024, 242.517, 53.937, 2.930, 253.508, 35.094, -78.125, -88.240, 0.024, 243.098, 29.944
2.940, 253.326, 39.910, -120.993, 88.203, 0.022, 242.916, 53.946, 2.940, 253.851, 34.304, -79.007, -88.208, 0.022, 243.441, 29.952
2.950, 253.713, 38.709, -120.113, 87.998, 0.020, 243.303, 53.954, 2.950, 254.186, 33.505, -79.887, -88.001, 0.020, 243.776, 29.959
2.960, 254.088, 37.517, -119.236, 87.630, 0.018, 243.678, 53.961, 2.960, 254.513, 32.697, -80.763, -87.633, 0.018, 244.103, 29.965
2.970, 254.451, 36.333, -118.365, 87.110, 0.016, 244.041, 53.967, 2.970, 254.832, 31.881, -81.634, -87.115, 0.016, 244.422, 29.970
2.980, 254.803, 35.158, -117.501, 86.450, 0.014, 244.393, 53.973, 2.980, 255.142, 31.056, -82.499, -86.451, 0.014, 244.733, 29.975
2.990, 255.143, 33.992, -116.644, 85.650, 0.013, 244.733, 53.977, 2.990, 255.444, 30.223, -83.356, -85.654, 0.013, 245.035, 29.979
3.000, 255.471, 32.834, -115.797, 84.723, 0.011, 245.061, 53.981, 3.000, 255.738, 29.381, -84.203, -84.725, 0.011, 245.329, 29.983
3.010, 255.788, 31.684, -114.960, 83.669, 0.010, 245.378, 53.984, 3.010, 256.024, 28.530, -85.039, -83.672, 0.010, 245.614, 29.986
3.020, 256.093, 30.543, -114.135, 82.496, 0.009, 245.683, 53.987, 3.020, 256.300, 27.671, -85.864, -82.496, 0.009, 245.891, 29.988
3.030, 256.387, 29.409, -113.323, 81.202, 0.008, 245.978, 53.990, 3.030, 256.568, 26.805, -86.676, -81.204, 0.008, 246.159, 29.990
3.040, 256.670, 28.284, -112.525, 79.794, 0.007, 246.260, 53.992, 3.040, 256.828, 25.930, -87.474, -79.794, 0.007, 246.418, 29.992
3.050, 256.942, 27.167, -111.743, 78.269, 0.006, 246.532, 53.993, 3.050, 257.078, 25.047, -88.257, -78.271, 0.006, 246.668, 29.994
3.060, 257.202, 26.057, -110.976, 76.633, 0.005, 246.793, 53.995, 3.060, 257.320, 24.157, -89.023, -76.633, 0.005, 246.910, 29.995
3.070, 257.452, 24.955, -110.228, 74.883, 0.004, 247.042, 53.996, 3.070, 257.552, 23.259, -89.772, -74.885, 0.004, 247.143, 29.996
3.080, 257.691, 23.860, -109.497, 73.023, 0.004, 247.281, 53.997, 3.080, 257.776, 22.354, -90.503, -73.023, 0.004, 247.366, 29.997
3.090, 257.918, 22.772, -108.787, 71.050, 0.003, 247.508, 53.997, 3.090, 257.990, 21.442, -91.213, -71.052, 0.003, 247.581, 29.998
3.100, 258.135, 21.691, -108.097, 68.969, 0.003, 247.725, 53.998, 3.100, 258.195, 20.523, -91.903, -68.969, 0.003, 247.786, 29.998
3.110, 258.341, 20.617, -107.429, 66.777, 0.002, 247.932, 53.999, 3.110, 258.391, 19.598, -92.571, -66.778, 0.002, 247.982, 29.999
3.120, 258.537, 19.549, -106.785, 64.478, 0.002, 248.127, 53.999, 3.120, 258.578, 18.665, -93.215, -64.478, 0.002, 248.168, 29.999
3.130, 258.722, 18.487, -106.164, 62.071, 0.001, 248.312, 53.999, 3.130, 258.755, 17.727, -93.836, -62.071, 0.001, 248.346, 29.999
3.140, 258.896, 17.431, -105.568, 59.557, 0.001, 248.486, 53.999, 3.140, 258.923, 16.783, -94.432, -59.558, 0.001, 248.513, 29.999
3.150, 259.060, 16.381, -104.999, 56.940, 0.001, 248.650, 54.000, 3.150, 259.081, 15.833, -95.001, -56.940, 0.001, 248.672, 30.000
3.160, 259.213, 15.337, -104.457, 54.221, 0.001, 248.803, 54.000, 3.160, 259.230, 14.877, -95.543, -54.221, 0.001, 248.821, 30.000
3.170, 259.356, 14.297, -103.943, 51.402, 0.001, 248.946, 54.000, 3.170, 259.369, 13.917, -96.057, -51.403, 0.001, 248.960, 30.000
3.180, 259.489, 13.263, -103.458, 48.488, 0.000, 249.079, 54.000, 3.180, 259.499, 12.951, -96.542, -48.488, 0.000, 249.089, 30.000
3.190, 259.611, 12.233, -103.003, 45.481, 0.000, 249.201, 54.000, 3.190, 259.619, 11.981, -96.997, -45.481, 0.000, 249.209, 30.000
3.200, 259.723, 11.207, -102.579, 42.385, 0.000, 249.313, 54.000, 3.200, 259.729, 11.007, -97.421, -42.385, 0.000, 249.319, 30.000
3.210, 259.825, 10.185, -102.187, 39.206, 0.000, 249.415, 54.000, 3.210, 259.829, 10.029, -97.813, -39.205, 0.000, 249.419, 30.000
3.220, 259.917, 9.167, -101.828, 35.947, 0.000, 249.507, 54.000, 3.220, 259.920, 9.047, -98.172, -35.947, 0.000, 249.510, 30.000
3.230, 259.998, 8.163, -100.340, 148.764, 0.000, 249.589, 54.000, 3.230, 260.000, 8.074, -97.349, 82.373, 0.000, 249.591, 30.000
3.240, 260.070, 7.204, -95.937, 440.305, 0.000, 249.661, 54.000, 3.240, 260.072, 7.138, -93.558, 379.068, 0.000, 249.662, 30.000
3.250, 260.133, 6.306, -89.789, 614.839, 0.000, 249.724, 54.000, 3.250, 260.134, 6.259, -87.942, 561.631, 0.000, 249.725, 30.000
3.260, 260.188, 5.469, -83.687, 610.148, 0.000, 249.778, 54.000, 3.260, 260.189, 5.436, -82.278, 566.323, 0.000, 249.779, 30.000
3.270, 260.235, 4.693, -77.627, 606.024, 0.000, 249.825, 54.000, 3.270, 260.235, 4.670, -76.574, 570.446, 0.000, 249.826, 30.000
3.280, 260.275, 3.977, -71.602, 602.440, 0.000, 249.865, 54.000, 3.280, 260.275, 3.962, -70.834, 574.031, 0.000, 249.865, 30.000
3.290, 260.308, 3.321, -65.609, 599.362, 0.000, 249.898, 54.000, 3.290, 260.308, 3.311, -65.063, 577.109, 0.000, 249.898, 30.000
3.300, 260.335, 2.725, -59.641, 596.758, 0.000, 249.926, 54.000, 3.300, 260.335, 2.719, -59.265, 579.713, 0.000, 249.926, 30.000
3.310, 260.357, 2.188, -53.695, 594.591, 0.000, 249.947, 54.000, 3.310, 260.357, 2.184, -53.447, 581.880, 0.000, 249.947, 30.000
3.320, 260.374, 1.710, -47.767, 592.824, 0.000, 249.964, 54.000, 3.320, 260.374, 1.708, -47.610, 583.647, 0.000, 249.964, 30.000
3.330, 260.387, 1.291, -41.853, 591.418, 0.000, 249.977, 54.000, 3.330, 260.387, 1.290, -41.760, 585.052, 0.000, 249.977, 30.000
3.340, 260.397, 0.932, -35.950, 590.333, 0.000, 249.987, 54.000, 3.340, 260.396, 0.931, -35.898, 586.137, 0.000, 249.987, 30.000
3.350, 260.403, 0.631, -30.054, 589.529, 0.000, 249.993, 54.000, 3.350, 260.403, 0.631, -30.029, 586.942, 0.000, 249.993, 30.000
3.360, 260.407, 0.390, -24.165, 588.963, 0.000, 249.997, 54.000, 3.360, 260.407, 0.390, -24.154, 587.507, 0.000, 249.997, 30.000
3.370, 260.409, 0.207, -18.279, 588.594, 0.000, 249.999, 54.000, 3.370, 260.409, 0.207, -18.275, 587.876, 0.000, 249.999, 30.000
3.380, 260.410, 0.083, -12.395, 588.379, 0.000, 250.000, 54.000, 3.380, 260.410, 0.083, -12.394, 588.091, 0.000, 250.000, 30.000
3.390, 260.410, 0.018, -6.512, 588.276, 6.283, 250.000, 54.000, 3.390, 260.410, 0.018, -6.512, 588.195, 6.283, 250.000, 30.000
3.400, 260.410, 0.000, -1.785, 472.672, 6.283, 250.000, 54.000, 3.400, 260.410, 0.000, -1.785, 472.661, 6.283, 250.000, 30.000
