0.000, 0.000, 0.080, 8.000, 800.000, 6.283, 0.000, 12.450, 0.000, 0.000, 0.080, 8.000, 800.000, 6.283, 0.000, -12.450
0.010, 0.002, 0.160, 8.000, 0.038, 6.283, 0.002, 12.450, 0.010, 0.002, 0.160, 8.000, -0.038, 6.283, 0.002, -12.450
0.020, 0.006, 0.360, 20.002, 1200.194, 6.283, 0.006, 12.450, 0.020, 0.006, 0.360, 19.998, 1199.806, 6.283, 0.006, -12.450
0.030, 0.012, 0.640, 28.008, 800.609, 6.283, 0.012, 12.450, 0.030, 0.012, 0.640, 27.992, 799.391, 6.283, 0.012, -12.450
0.040, 0.022, 1.000, 36.022, 801.400, 6.283, 0.022, 12.450, 0.040, 0.022, 1.000, 35.978, 798.600, 6.283, 0.022, -12.450
0.050, 0.036, 1.441, 44.049, 802.694, 6.283, 0.036, 12.450, 0.050, 0.036, 1.439, 43.951, 797.306, 6.283, 0.036, -12.450
0.060, 0.056, 1.962, 52.095, 804.613, 6.283, 0.056, 12.450, 0.060, 0.056, 1.958, 51.905, 795.387, 6.283, 0.056, -12.450
0.070, 0.082, 2.563, 60.168, 807.278, 6.283, 0.082, 12.450, 0.070, 0.082, 2.557, 59.832, 792.722, 6.283, 0.082, -12.450
0.080, 0.114, 3.246, 68.276, 810.806, 6.283, 0.114, 12.450, 0.080, 0.114, 3.234, 67.724, 789.194, 6.283, 0.114, -12.450
0.090, 0.154, 4.011, 76.429, 815.308, 6.283, 0.154, 12.450, 0.090, 0.154, 3.989, 75.571, 784.692, 6.283, 0.154, -12.450
0.100, 0.202, 4.817, 80.622, 419.305, 6.283, 0.202, 12.450, 0.100, 0.202, 4.783, 79.378, 380.695, 6.283, 0.202, -12.450
0.110, 0.259, 5.625, 80.845, 22.275, 6.283, 0.259, 12.450, 0.110, 0.257, 5.575, 79.155, -22.275, 6.283, 0.257, -12.450
0.120, 0.323, 6.436, 81.103, 25.824, 6.283, 0.323, 12.450, 0.120, 0.321, 6.364, 78.897, -25.824, 6.283, 0.321, -12.450
0.130, 0.396, 7.250, 81.396, 29.298, 6.283, 0.396, 12.450, 0.130, 0.392, 7.150, 78.604, -29.298, 6.283, 0.392, -12.450
0.140, 0.476, 8.067, 81.723, 32.688, 6.283, 0.476, 12.450, 0.140, 0.472, 7.933, 78.277, -32.688, 6.283, 0.472, -12.450
0.150, 0.565, 8.888, 82.083, 35.984, 6.283, 0.565, 12.450, 0.150, 0.559, 8.712, 77.917, -35.984, 6.283, 0.559, -12.450
0.160, 0.662, 9.713, 82.475, 39.177, 6.283, 0.662, 12.450, 0.160, 0.654, 9.487, 77.525, -39.177, 6.283, 0.654, -12.450
0.170, 0.768, 10.542, 82.898, 42.258, 6.283, 0.768, 12.450, 0.170, 0.756, 10.258, 77.102, -42.258, 6.283, 0.756, -12.450
0.180, 0.881, 11.375, 83.350, 45.218, 6.283, 0.881, 12.450, 0.180, 0.867, 11.025, 76.650, -45.218, 6.283, 0.867, -12.450
0.190, 1.004, 12.214, 83.830, 48.049, 6.282, 1.004, 12.450, 0.190, 0.984, 11.786, 76.170, -48.049, 6.282, 0.984, -12.450
0.200, 1.134, 13.057, 84.338, 50.743, 6.282, 1.134, 12.450, 0.200, 1.110, 12.543, 75.662, -50.743, 6.282, 1.110, -12.450
0.210, 1.273, 13.906, 84.871, 53.292, 6.282, 1.273, 12.449, 0.210, 1.243, 13.294, 75.129, -53.292, 6.282, 1.243, -12.451
0.220, 1.421, 14.760, 85.427, 55.688, 6.282, 1.421, 12.449, 0.220, 1.383, 14.040, 74.573, -55.688, 6.282, 1.383, -12.451
0.230, 1.577, 15.620, 86.007, 57.926, 6.281, 1.577, 12.449, 0.230, 1.531, 14.780, 73.993, -57.926, 6.281, 1.531, -12.451
0.240, 1.742, 16.486, 86.607, 59.998, 6.281, 1.742, 12.449, 0.240, 1.686, 15.514, 73.393, -59.999, 6.281, 1.686, -12.451
0.250, 1.915, 17.359, 87.226, 61.899, 6.281, 1.915, 12.448, 0.250, 1.849, 16.241, 72.774, -61.899, 6.281, 1.849, -12.452
0.260, 2.098, 18.237, 87.862, 63.621, 6.280, 2.098, 12.448, 0.260, 2.018, 16.963, 72.138, -63.621, 6.280, 2.018, -12.452
0.270, 2.289, 19.122, 88.513, 65.159, 6.279, 2.289, 12.447, 0.270, 2.195, 17.678, 71.487, -65.160, 6.279, 2.195, -12.453
0.280, 2.489, 20.014, 89.179, 66.508, 6.279, 2.489, 12.446, 0.280, 2.379, 18.386, 70.821, -66.508, 6.279, 2.379, -12.454
0.290, 2.698, 20.913, 89.855, 67.662, 6.278, 2.698, 12.445, 0.290, 2.570, 19.087, 70.145, -67.662, 6.278, 2.570, -12.454
0.300, 2.916, 21.818, 90.541, 68.614, 6.277, 2.916, 12.444, 0.300, 2.768, 19.782, 69.459, -68.615, 6.277, 2.768, -12.456
0.310, 3.144, 22.730, 91.235, 69.361, 6.276, 3.144, 12.443, 0.310, 2.972, 20.470, 68.765, -69.361, 6.276, 2.972, -12.457
0.320, 3.380, 23.650, 91.934, 69.895, 6.275, 3.380, 12.441, 0.320, 3.184, 21.150, 68.066, -69.896, 6.275, 3.184, -12.458
0.330, 3.626, 24.576, 92.636, 70.213, 6.274, 3.626, 12.439, 0.330, 3.402, 21.824, 67.364, -70.213, 6.274, 3.402, -12.460
0.340, 3.881, 25.509, 93.339, 70.306, 6.273, 3.881, 12.436, 0.340, 3.627, 22.491, 66.661, -70.307, 6.273, 3.627, -12.462
0.350, 4.146, 26.450, 94.041, 70.171, 6.272, 4.146, 12.433, 0.350, 3.858, 23.150, 65.959, -70.172, 6.272, 3.858, -12.465
0.360, 4.420, 27.397, 94.739, 69.800, 6.270, 4.419, 12.430, 0.360, 4.096, 23.803, 65.261, -69.801, 6.270, 4.096, -12.468
0.370, 4.703, 28.352, 95.431, 69.187, 6.269, 4.703, 12.426, 0.370, 4.341, 24.448, 64.569, -69.188, 6.269, 4.341, -12.471
0.380, 4.996, 29.313, 96.114, 68.323, 6.267, 4.996, 12.422, 0.380, 4.592, 25.087, 63.886, -68.325, 6.267, 4.592, -12.475
0.390, 5.299, 30.281, 96.786, 67.204, 6.265, 5.299, 12.416, 0.390, 4.849, 25.719, 63.214, -67.206, 6.265, 4.849, -12.479
0.400, 5.612, 31.255, 97.444, 65.820, 6.263, 5.611, 12.410, 0.400, 5.112, 26.345, 62.556, -65.822, 6.263, 5.112, -12.484
0.410, 5.934, 32.236, 98.086, 64.162, 6.261, 5.934, 12.404, 0.410, 5.382, 26.964, 61.914, -64.164, 6.261, 5.382, -12.490
0.420, 6.266, 33.223, 98.708, 62.222, 6.259, 6.266, 12.396, 0.420, 5.658, 27.577, 61.292, -62.224, 6.259, 5.658, -12.497
0.430, 6.608, 34.216, 99.308, 59.990, 6.256, 6.608, 12.387, 0.430, 5.940, 28.184, 60.692, -59.993, 6.256, 5.939, -12.504
0.440, 6.960, 35.215, 99.882, 57.457, 6.254, 6.960, 12.377, 0.440, 6.228, 28.785, 60.117, -57.460, 6.254, 6.227, -12.512
0.450, 7.323, 36.219, 100.428, 54.612, 6.251, 7.322, 12.366, 0.450, 6.521, 29.381, 59.571, -54.615, 6.251, 6.521, -12.521
0.460, 7.695, 37.229, 100.943, 51.444, 6.248, 7.694, 12.354, 0.460, 6.821, 29.971, 59.057, -51.448, 6.248, 6.820, -12.531
0.470, 8.077, 38.243, 101.422, 47.944, 6.245, 8.076, 12.340, 0.470, 7.127, 30.557, 58.577, -47.947, 6.245, 7.126, -12.542
0.480, 8.470, 39.261, 101.863, 44.099, 6.242, 8.468, 12.324, 0.480, 7.438, 31.139, 58.136, -44.103, 6.242, 7.437, -12.555
0.490, 8.873, 40.284, 102.262, 39.900, 6.238, 8.871, 12.307, 0.490, 7.755, 31.716, 57.737, -39.904, 6.238, 7.754, -12.568
0.500, 9.286, 41.310, 102.616, 35.335, 6.235, 9.283, 12.287, 0.500, 8.078, 32.290, 57.384, -35.339, 6.235, 8.076, -12.583
0.510, 9.709, 42.339, 102.920, 30.395, 6.231, 9.706, 12.266, 0.510, 8.407, 32.861, 57.080, -30.399, 6.231, 8.404, -12.600
0.520, 10.143, 43.371, 103.170, 25.071, 6.227, 10.139, 12.242, 0.520, 8.741, 33.429, 56.829, -25.075, 6.227, 8.738, -12.618
0.530, 10.587, 44.405, 103.364, 19.354, 6.223, 10.583, 12.217, 0.530, 9.081, 33.995, 56.635, -19.359, 6.223, 9.077, -12.638
0.540, 11.041, 45.440, 103.496, 13.239, 6.218, 11.036, 12.188, 0.540, 9.427, 34.560, 56.503, -13.243, 6.218, 9.422, -12.660
0.550, 11.506, 46.475, 103.563, 6.719, 6.214, 11.500, 12.157, 0.550, 9.778, 35.125, 56.436, -6.724, 6.214, 9.773, -12.683
0.560, 11.981, 47.511, 103.561, -0.206, 6.209, 11.974, 12.123, 0.560, 10.135, 35.689, 56.438, 0.201, 6.209, 10.129, -12.709
0.570, 12.467, 48.546, 103.486, -7.537, 6.204, 12.458, 12.086, 0.570, 10.497, 36.254, 56.513, 7.532, 6.204, 10.490, -12.736
0.580, 12.963, 49.579, 103.333, -15.270, 6.199, 12.952, 12.045, 0.580, 10.865, 36.821, 56.666, 15.265, 6.199, 10.857, -12.767
0.590, 13.469, 50.610, 103.099, -23.399, 6.194, 13.456, 12.001, 0.590, 11.239, 37.390, 56.900, 23.395, 6.194, 11.230, -12.799
0.600, 13.985, 51.638, 102.780, -31.914, 6.188, 13.970, 11.954, 0.600, 11.619, 37.962, 57.219, 31.910, 6.188, 11.608, -12.834
0.610, 14.512, 52.662, 102.372, -40.798, 6.182, 14.494, 11.902, 0.610, 12.004, 38.538, 57.627, 40.794, 6.182, 11.991, -12.872
0.620, 15.048, 53.680, 101.872, -50.033, 6.177, 15.028, 11.847, 0.620, 12.395, 39.119, 58.127, 50.030, 6.177, 12.380, -12.912
0.630, 15.595, 54.693, 101.276, -59.593, 6.171, 15.572, 11.787, 0.630, 12.793, 39.707, 58.723, 59.590, 6.171, 12.775, -12.955
0.640, 16.152, 55.699, 100.581, -69.449, 6.164, 16.125, 11.723, 0.640, 13.196, 40.301, 59.417, 69.447, 6.164, 13.175, -13.002
0.650, 16.719, 56.697, 99.786, -79.565, 6.158, 16.688, 11.654, 0.650, 13.605, 40.903, 60.213, 79.563, 6.158, 13.581, -13.052
0.660, 17.296, 57.686, 98.887, -89.899, 6.152, 17.260, 11.580, 0.660, 14.020, 41.514, 61.112, 89.898, 6.152, 13.993, -13.105
0.670, 17.883, 58.665, 97.883, -100.406, 6.145, 17.841, 11.501, 0.670, 14.441, 42.135, 62.116, 100.406, 6.145, 14.411, -13.161
0.680, 18.479, 59.632, 96.772, -111.034, 6.138, 18.432, 11.417, 0.680, 14.869, 42.768, 63.226, 111.035, 6.138, 14.834, -13.222
0.690, 19.085, 60.588, 95.555, -121.726, 6.131, 19.031, 11.327, 0.690, 15.303, 43.412, 64.444, 121.727, 6.131, 15.263, -13.286
0.700, 19.700, 61.530, 94.231, -132.420, 6.124, 19.639, 11.232, 0.700, 15.744, 44.070, 65.768, 132.423, 6.124, 15.699, -13.354
0.710, 20.325, 62.458, 92.800, -143.053, 6.117, 20.255, 11.131, 0.710, 16.191, 44.742, 67.199, 143.057, 6.117, 16.140, -13.427
0.720, 20.959, 63.371, 91.265, -153.556, 6.110, 20.880, 11.024, 0.720, 16.645, 45.429, 68.734, 153.561, 6.110, 16.588, -13.503
0.730, 21.601, 64.267, 89.626, -163.860, 6.103, 21.513, 10.911, 0.730, 17.107, 46.133, 70.373, 163.866, 6.103, 17.042, -13.585
0.740, 22.253, 65.146, 87.887, -173.894, 6.095, 22.153, 10.792, 0.740, 17.575, 46.854, 72.112, 173.901, 6.095, 17.503, -13.670
0.750, 22.913, 66.006, 86.052, -183.587, 6.088, 22.801, 10.666, 0.750, 18.051, 47.593, 73.948, 183.596, 6.088, 17.970, -13.761
0.760, 23.581, 66.848, 84.123, -192.872, 6.081, 23.456, 10.534, 0.760, 18.535, 48.352, 75.877, 192.882, 6.081, 18.444, -13.857
0.770, 24.258, 67.669, 82.106, -201.681, 6.073, 24.119, 10.395, 0.770, 19.026, 49.131, 77.894, 201.692, 6.073, 18.925, -13.957
0.780, 24.943, 68.469, 80.006, -209.954, 6.066, 24.788, 10.250, 0.780, 19.525, 49.931, 79.993, 209.966, 6.066, 19.413, -14.063
0.790, 25.635, 69.247, 77.830, -217.634, 6.058, 25.463, 10.098, 0.790, 20.033, 50.753, 82.170, 217.647, 6.058, 19.908, -14.175
0.800, 26.335, 70.003, 75.583, -224.673, 6.051, 26.145, 9.939, 0.800, 20.549, 51.597, 84.417, 224.687, 6.051, 20.411, -14.292
0.810, 27.043, 70.736, 73.273, -231.029, 6.043, 26.833, 9.774, 0.810, 21.073, 52.464, 86.727, 231.043, 6.043, 20.921, -14.414
0.820, 27.757, 71.445, 70.906, -236.668, 6.036, 27.526, 9.602, 0.820, 21.607, 53.355, 89.094, 236.683, 6.036, 21.438, -14.543
0.830, 28.478, 72.130, 68.491, -241.569, 6.029, 28.225, 9.423, 0.830, 22.150, 54.270, 91.510, 241.585, 6.029, 21.964, -14.677
0.840, 29.206, 72.790, 66.034, -245.718, 6.022, 28.929, 9.237, 0.840, 22.702, 55.210, 93.967, 245.734, 6.022, 22.498, -14.818
0.850, 29.940, 73.425, 63.542, -249.112, 6.015, 29.638, 9.045, 0.850, 23.263, 56.174, 96.458, 249.127, 6.015, 23.040, -14.965
0.860, 30.681, 74.036, 61.025, -251.757, 6.008, 30.351, 8.846, 0.860, 23.835, 57.164, 98.976, 251.773, 6.008, 23.591, -15.118
0.870, 31.427, 74.620, 58.488, -253.671, 6.002, 31.068, 8.641, 0.870, 24.417, 58.179, 101.513, 253.687, 6.002, 24.150, -15.278
0.880, 32.179, 75.180, 55.939, -254.879, 5.995, 31.790, 8.430, 0.880, 25.009, 59.220, 104.062, 254.894, 5.995, 24.719, -15.445
0.890, 32.936, 75.714, 53.385, -255.414, 5.989, 32.515, 8.213, 0.890, 25.612, 60.286, 106.616, 255.428, 5.989, 25.296, -15.618
0.900, 33.698, 76.222, 50.832, -255.316, 5.983, 33.244, 7.990, 0.900, 26.226, 61.378, 109.169, 255.328, 5.983, 25.883, -15.797
0.910, 34.465, 76.705, 48.286, -254.629, 5.977, 33.976, 7.761, 0.910, 26.851, 62.495, 111.716, 254.640, 5.977, 26.480, -15.984
0.920, 35.237, 77.162, 45.752, -253.403, 5.972, 34.711, 7.527, 0.920, 27.487, 63.637, 114.250, 253.412, 5.972, 27.086, -16.177
0.930, 36.013, 77.595, 43.235, -251.686, 5.967, 35.449, 7.287, 0.930, 28.135, 64.805, 116.767, 251.693, 5.967, 27.702, -16.377
0.940, 36.793, 78.002, 40.740, -249.528, 5.962, 36.190, 7.043, 0.940, 28.795, 65.998, 119.262, 249.533, 5.962, 28.329, -16.584
0.950, 37.577, 78.385, 38.270, -246.975, 5.958, 36.933, 6.793, 0.950, 29.467, 67.215, 121.732, 246.978, 5.958, 28.966, -16.798
0.960, 38.364, 78.743, 35.829, -244.067, 5.953, 37.679, 6.540, 0.960, 30.152, 68.457, 124.173, 244.068, 5.953, 29.614, -17.018
0.970, 39.155, 79.077, 33.421, -240.840, 5.950, 38.426, 6.282, 0.970, 30.849, 69.723, 126.581, 240.837, 5.950, 30.274, -17.245
0.980, 39.949, 79.388, 31.048, -237.315, 5.946, 39.176, 6.021, 0.980, 31.559, 71.012, 128.954, 237.310, 5.946, 30.944, -17.479
0.990, 40.746, 79.675, 28.713, -233.507, 5.943, 39.928, 5.757, 0.990, 32.282, 72.325, 131.289, 233.498, 5.943, 31.626, -17.719
1.000, 41.545, 79.939, 26.418, -229.410, 5.941, 40.681, 5.489, 1.000, 33.019, 73.661, 133.583, 229.397, 5.941, 32.321, -17.965
1.010, 42.347, 80.181, 24.168, -225.005, 5.939, 41.436, 5.219, 1.010, 33.769, 75.019, 135.833, 224.989, 5.939, 33.027, -18.218
1.020, 43.151, 80.400, 21.966, -220.255, 5.937, 42.192, 4.947, 1.020, 34.533, 76.399, 138.035, 220.235, 5.937, 33.746, -18.477
1.030, 43.957, 80.599, 19.815, -215.097, 5.936, 42.950, 4.673, 1.030, 35.311, 77.801, 140.186, 215.073, 5.936, 34.478, -18.741
1.040, 44.764, 80.776, 17.720, -209.448, 5.935, 43.710, 4.398, 1.040, 36.103, 79.224, 142.280, 209.420, 5.935, 35.222, -19.011
1.050, 45.574, 80.933, 15.688, -203.197, 5.935, 44.471, 4.122, 1.050, 36.910, 80.667, 144.312, 203.165, 5.935, 35.981, -19.286
1.060, 46.384, 81.070, 13.726, -196.207, 5.936, 45.233, 3.846, 1.060, 37.731, 82.130, 146.274, 196.170, 5.936, 36.753, -19.566
1.070, 47.196, 81.188, 11.843, -188.309, 5.937, 45.996, 3.570, 1.070, 38.568, 83.612, 148.156, 188.268, 5.937, 37.539, -19.850
1.080, 48.009, 81.289, 10.050, -179.304, 5.938, 46.761, 3.294, 1.080, 39.419, 85.111, 149.949, 179.258, 5.938, 38.340, -20.139
1.090, 48.823, 81.373, 8.361, -168.960, 5.940, 47.527, 3.020, 1.090, 40.285, 86.627, 151.638, 168.910, 5.940, 39.155, -20.431
1.100, 49.637, 81.440, 6.790, -157.014, 5.943, 48.294, 2.747, 1.100, 41.167, 88.160, 153.208, 156.960, 5.943, 39.986, -20.726
1.110, 50.452, 81.494, 5.359, -143.169, 5.946, 49.063, 2.476, 1.110, 42.064, 89.706, 154.639, 143.110, 5.946, 40.832, -21.024
1.120, 51.268, 81.535, 4.088, -127.097, 5.950, 49.833, 2.208, 1.120, 42.976, 91.265, 155.909, 127.035, 5.950, 41.694, -21.324
1.130, 52.083, 81.565, 3.003, -108.444, 5.955, 50.605, 1.943, 1.130, 43.905, 92.835, 156.993, 108.378, 5.955, 42.572, -21.626
1.140, 52.899, 81.586, 2.135, -86.831, 5.960, 51.378, 1.682, 1.140, 44.849, 94.414, 157.860, 86.763, 5.960, 43.467, -21.928
1.150, 53.715, 81.601, 1.516, -61.863, 5.966, 52.152, 1.425, 1.150, 45.809, 95.998, 158.478, 61.793, 5.966, 44.378, -22.230
1.160, 54.531, 81.613, 1.185, -33.137, 5.972, 52.928, 1.173, 1.160, 46.785, 97.586, 158.809, 33.066, 5.972, 45.306, -22.532
1.170, 55.348, 81.625, 1.182, -0.256, 5.979, 53.706, 0.925, 1.170, 47.776, 99.174, 158.811, 0.186, 5.979, 46.251, -22.832
1.180, 56.164, 81.641, 1.554, 37.158, 5.987, 54.486, 0.684, 1.180, 48.784, 100.759, 158.439, -37.227, 5.987, 47.213, -23.130
1.190, 56.981, 81.664, 2.349, 79.448, 5.995, 55.268, 0.449, 1.190, 49.807, 102.335, 157.643, -79.513, 5.995, 48.193, -23.425
1.200, 57.798, 81.700, 3.618, 126.896, 6.004, 56.052, 0.220, 1.200, 50.846, 103.899, 156.374, -126.955, 6.004, 49.191, -23.716
1.210, 58.615, 81.754, 5.415, 179.703, 6.014, 56.839, -0.002, 1.210, 51.901, 105.445, 154.576, -179.754, 6.014, 50.206, -24.002
1.220, 59.434, 81.832, 7.794, 237.965, 6.024, 57.629, -0.216, 1.220, 52.970, 106.967, 152.196, -238.006, 6.024, 51.238, -24.282
1.230, 60.253, 81.941, 10.811, 301.648, 6.034, 58.422, -0.422, 1.230, 54.055, 108.459, 149.180, -301.675, 6.034, 52.288, -24.554
1.240, 61.074, 82.086, 14.516, 370.564, 6.045, 59.219, -0.620, 1.240, 55.154, 109.913, 145.474, -370.576, 6.045, 53.355, -24.819
1.250, 61.896, 82.241, 15.569, 105.319, 6.057, 60.019, -0.809, 1.250, 56.267, 111.278, 136.421, -905.298, 6.057, 54.438, -25.075
1.260, 62.720, 82.382, 14.097, -147.282, 6.069, 60.823, -0.989, 1.260, 57.392, 112.496, 121.894, -1452.657, 6.069, 55.536, -25.321
1.270, 63.545, 82.518, 13.534, -56.297, 6.082, 61.631, -1.159, 1.270, 58.527, 113.561, 106.458, -1543.613, 6.082, 56.647, -25.555
1.280, 64.372, 82.656, 13.842, 30.823, 6.094, 62.441, -1.319, 1.280, 59.672, 114.463, 90.151, -1630.704, 6.094, 57.770, -25.777
1.290, 65.200, 82.806, 14.962, 112.038, 6.107, 63.256, -1.469, 1.290, 60.824, 115.193, 73.032, -1711.891, 6.107, 58.902, -25.986
1.300, 66.030, 82.974, 16.816, 185.336, 6.121, 64.074, -1.609, 1.300, 61.981, 115.745, 55.180, -1785.165, 6.121, 60.043, -26.180
1.310, 66.861, 83.167, 19.304, 248.844, 6.134, 64.895, -1.738, 1.310, 63.143, 116.112, 36.694, -1848.653, 6.134, 61.190, -26.361
1.320, 67.695, 83.390, 22.314, 300.943, 6.147, 65.721, -1.857, 1.320, 64.305, 116.288, 17.687, -1900.738, 6.147, 62.341, -26.526
1.330, 68.532, 83.647, 25.717, 340.373, 6.160, 66.550, -1.965, 1.330, 65.468, 116.271, -1.715, -1940.160, 6.160, 63.494, -26.676
1.340, 69.371, 83.941, 29.380, 366.317, 6.173, 67.384, -2.062, 1.340, 66.629, 116.058, -21.376, -1966.106, 6.173, 64.647, -26.811
1.350, 70.214, 84.306, 36.546, 716.552, 6.186, 68.222, -2.150, 1.350, 67.786, 115.692, -36.540, -1516.363, 6.186, 65.798, -26.931
1.360, 71.062, 84.778, 47.183, 1063.676, 6.198, 69.067, -2.227, 1.360, 68.938, 115.220, -47.175, -1063.516, 6.198, 66.945, -27.036
1.370, 71.915, 85.357, 57.903, 1072.063, 6.210, 69.918, -2.295, 1.370, 70.084, 114.641, -57.894, -1071.917, 6.210, 68.088, -27.127
1.380, 72.776, 86.044, 68.675, 1077.160, 6.221, 70.776, -2.353, 1.380, 71.224, 113.955, -68.664, -1077.034, 6.221, 69.225, -27.205
1.390, 73.644, 86.839, 79.478, 1080.330, 6.231, 71.643, -2.403, 1.390, 72.355, 113.160, -79.467, -1080.228, 6.231, 70.355, -27.269
1.400, 74.522, 87.742, 90.310, 1083.142, 6.241, 72.519, -2.444, 1.400, 73.478, 112.257, -90.297, -1083.066, 6.241, 71.476, -27.322
1.410, 75.409, 88.754, 101.183, 1087.317, 6.250, 73.406, -2.477, 1.410, 74.590, 111.246, -101.170, -1087.273, 6.250, 72.588, -27.363
1.420, 76.308, 89.875, 112.130, 1094.682, 6.258, 74.305, -2.502, 1.420, 75.692, 110.124, -112.117, -1094.672, 6.258, 73.689, -27.395
1.430, 77.219, 91.107, 123.201, 1107.110, 6.266, 75.216, -2.522, 1.430, 76.781, 108.892, -123.188, -1107.139, 6.266, 74.777, -27.418
1.440, 78.144, 92.452, 134.466, 1126.479, 6.272, 76.140, -2.535, 1.440, 77.856, 107.548, -134.454, -1126.550, 6.272, 75.853, -27.433
1.450, 79.083, 93.912, 146.012, 1154.610, 6.277, 77.079, -2.543, 1.450, 78.917, 106.088, -146.001, -1154.728, 6.277, 76.913, -27.443
1.460, 80.038, 95.491, 157.944, 1193.221, 6.280, 78.034, -2.548, 1.460, 79.962, 104.509, -157.935, -1193.392, 6.280, 77.958, -27.448
1.470, 81.010, 97.195, 170.383, 1243.866, 6.282, 79.006, -2.550, 1.470, 80.990, 102.805, -170.376, -1244.096, 6.282, 78.987, -27.450
1.480, 82.000, 99.030, 183.461, 1307.850, 6.283, 79.996, -2.550, 1.480, 82.000, 100.970, -183.457, -1308.147, 6.283, 79.996, -27.450
1.490, 83.000, 99.975, 94.522, -8893.934, 0.000, 80.996, -2.550, 1.490, 83.000, 100.025, -94.521, 8893.616, 0.000, 80.996, -27.450
1.500, 83.999, 99.924, -5.121, -9964.279, 0.000, 81.995, -2.550, 1.500, 84.001, 100.076, 5.121, 9964.225, 0.000, 81.997, -27.450
1.510, 84.998, 99.871, -5.249, -12.829, 0.000, 82.994, -2.550, 1.510, 85.002, 100.129, 5.249, 12.829, 0.000, 82.999, -27.450
1.520, 85.996, 99.818, -5.376, -12.679, 0.000, 83.992, -2.550, 1.520, 86.004, 100.182, 5.376, 12.678, 0.000, 84.000, -27.450
1.530, 86.993, 99.762, -5.503, -12.688, 0.001, 84.990, -2.549, 1.530, 87.006, 100.238, 5.503, 12.688, 0.001, 85.003, -27.449
1.540, 87.990, 99.706, -5.630, -12.714, 0.001, 85.987, -2.549, 1.540, 88.009, 100.294, 5.630, 12.713, 0.001, 86.006, -27.448
1.550, 88.987, 99.649, -5.758, -12.755, 0.001, 86.983, -2.548, 1.550, 89.013, 100.351, 5.758, 12.755, 0.001, 87.009, -27.448
1.560, 89.983, 99.590, -5.886, -12.813, 0.001, 87.979, -2.546, 1.560, 90.017, 100.410, 5.886, 12.813, 0.001, 88.013, -27.446
1.570, 90.978, 99.530, -6.015, -12.887, 0.002, 88.974, -2.545, 1.570, 91.022, 100.470, 6.015, 12.887, 0.002, 89.018, -27.445
1.580, 91.973, 99.468, -6.145, -12.979, 0.002, 89.969, -2.543, 1.580, 92.027, 100.532, 6.144, 12.978, 0.002, 90.023, -27.443
1.590, 92.967, 99.405, -6.275, -13.086, 0.003, 90.963, -2.541, 1.590, 93.033, 100.595, 6.275, 13.086, 0.003, 91.029, -27.440
1.600, 93.960, 99.341, -6.408, -13.211, 0.003, 91.957, -2.538, 1.600, 94.039, 100.659, 6.407, 13.211, 0.003, 92.036, -27.438
1.610, 94.953, 99.276, -6.541, -13.353, 0.004, 92.949, -2.534, 1.610, 95.047, 100.724, 6.541, 13.352, 0.004, 93.043, -27.434
1.620, 95.945, 99.209, -6.676, -13.513, 0.004, 93.941, -2.530, 1.620, 96.055, 100.791, 6.676, 13.511, 0.004, 94.051, -27.430
1.630, 96.936, 99.141, -6.813, -13.689, 0.005, 94.933, -2.525, 1.630, 97.063, 100.859, 6.813, 13.688, 0.005, 95.060, -27.425
1.640, 97.927, 99.072, -6.952, -13.883, 0.006, 95.924, -2.520, 1.640, 98.072, 100.928, 6.952, 13.883, 0.006, 96.069, -27.420
1.650, 98.917, 99.001, -7.093, -14.096, 0.007, 96.914, -2.514, 1.650, 99.082, 100.999, 7.093, 14.096, 0.007, 97.079, -27.413
1.660, 99.906, 98.928, -7.236, -14.328, 0.007, 97.903, -2.507, 1.660, 100.093, 101.072, 7.236, 14.326, 0.007, 98.089, -27.406
1.670, 100.895, 98.854, -7.382, -14.576, 0.008, 98.891, -2.499, 1.670, 101.105, 101.146, 7.382, 14.577, 0.008, 99.101, -27.398
1.680, 101.883, 98.779, -7.530, -14.846, 0.009, 99.879, -2.490, 1.680, 102.117, 101.221, 7.530, 14.844, 0.009, 100.113, -27.389
1.690, 102.870, 98.702, -7.682, -15.132, 0.010, 100.866, -2.480, 1.690, 103.130, 101.298, 7.682, 15.133, 0.010, 101.126, -27.379
1.700, 103.856, 98.624, -7.836, -15.441, 0.012, 101.852, -2.470, 1.700, 104.144, 101.376, 7.836, 15.439, 0.012, 102.140, -27.368
1.710, 104.842, 98.544, -7.994, -15.767, 0.013, 102.838, -2.458, 1.710, 105.158, 101.456, 7.994, 15.767, 0.013, 103.154, -27.356
1.720, 105.826, 98.462, -8.155, -16.115, 0.014, 103.822, -2.445, 1.720, 106.173, 101.538, 8.155, 16.114, 0.014, 104.169, -27.342
1.730, 106.810, 98.379, -8.320, -16.484, 0.015, 104.806, -2.430, 1.730, 107.190, 101.621, 8.320, 16.482, 0.015, 105.186, -27.327
1.740, 107.793, 98.294, -8.488, -16.873, 0.017, 105.789, -2.415, 1.740, 108.207, 101.706, 8.488, 16.872, 0.017, 106.202, -27.311
1.750, 108.775, 98.208, -8.661, -17.284, 0.018, 106.771, -2.398, 1.750, 109.225, 101.792, 8.661, 17.282, 0.018, 107.220, -27.293
1.760, 109.756, 98.119, -8.838, -17.717, 0.020, 107.752, -2.379, 1.760, 110.243, 101.881, 8.838, 17.716, 0.020, 108.239, -27.274
1.770, 110.736, 98.029, -9.020, -18.172, 0.021, 108.732, -2.359, 1.770, 111.263, 101.971, 9.020, 18.171, 0.021, 109.258, -27.254
1.780, 111.716, 97.937, -9.207, -18.650, 0.023, 109.711, -2.338, 1.780, 112.284, 102.063, 9.207, 18.649, 0.023, 110.279, -27.231
1.790, 112.694, 97.843, -9.398, -19.153, 0.025, 110.689, -2.314, 1.790, 113.305, 102.157, 9.398, 19.150, 0.025, 111.300, -27.207
1.800, 113.672, 97.747, -9.595, -19.676, 0.026, 111.666, -2.290, 1.800, 114.328, 102.253, 9.595, 19.679, 0.026, 112.322, -27.181
1.810, 114.648, 97.649, -9.797, -20.230, 0.028, 112.642, -2.263, 1.810, 115.351, 102.351, 9.797, 20.225, 0.028, 113.345, -27.153
1.820, 115.624, 97.549, -10.005, -20.802, 0.030, 113.617, -2.234, 1.820, 116.376, 102.451, 10.005, 20.804, 0.030, 114.369, -27.123
1.830, 116.598, 97.447, -10.219, -21.407, 0.032, 114.591, -2.204, 1.830, 117.401, 102.553, 10.219, 21.401, 0.032, 115.394, -27.091
1.840, 117.572, 97.343, -10.440, -22.031, 0.034, 115.564, -2.172, 1.840, 118.428, 102.657, 10.439, 22.031, 0.034, 116.420, -27.057
1.850, 118.544, 97.236, -10.667, -22.687, 0.037, 116.536, -2.137, 1.850, 119.456, 102.764, 10.666, 22.684, 0.037, 117.447, -27.020
1.860, 119.515, 97.127, -10.900, -23.367, 0.039, 117.507, -2.100, 1.860, 120.484, 102.873, 10.900, 23.367, 0.039, 118.475, -26.981
1.870, 120.485, 97.015, -11.141, -24.079, 0.041, 118.476, -2.061, 1.870, 121.514, 102.984, 11.141, 24.073, 0.041, 119.504, -26.940
1.880, 121.454, 96.902, -11.389, -24.813, 0.044, 119.444, -2.020, 1.880, 122.545, 103.098, 11.389, 24.816, 0.044, 120.535, -26.896
1.890, 122.422, 96.785, -11.645, -25.584, 0.046, 120.411, -1.977, 1.890, 123.577, 103.215, 11.645, 25.578, 0.046, 121.566, -26.850
1.900, 123.389, 96.666, -11.909, -26.379, 0.049, 121.376, -1.930, 1.900, 124.611, 103.334, 11.908, 26.376, 0.049, 122.598, -26.801
1.910, 124.354, 96.544, -12.181, -27.206, 0.052, 122.341, -1.882, 1.910, 125.645, 103.456, 12.180, 27.203, 0.052, 123.631, -26.748
1.920, 125.319, 96.420, -12.461, -28.062, 0.055, 123.303, -1.830, 1.920, 126.681, 103.580, 12.461, 28.062, 0.055, 124.665, -26.693
1.930, 126.281, 96.292, -12.751, -28.953, 0.058, 124.265, -1.776, 1.930, 127.718, 103.708, 12.750, 28.948, 0.058, 125.701, -26.635
1.940, 127.243, 96.162, -13.050, -29.872, 0.061, 125.225, -1.719, 1.940, 128.757, 103.838, 13.049, 29.869, 0.061, 126.737, -26.573
1.950, 128.203, 96.028, -13.358, -30.824, 0.064, 126.183, -1.660, 1.950, 129.796, 103.972, 13.357, 30.821, 0.064, 127.775, -26.509
1.960, 129.162, 95.891, -13.676, -31.808, 0.067, 127.140, -1.597, 1.960, 130.837, 104.109, 13.675, 31.805, 0.067, 128.814, -26.440
1.970, 130.120, 95.751, -14.004, -32.825, 0.071, 128.095, -1.531, 1.970, 131.880, 104.249, 14.004, 32.820, 0.071, 129.854, -26.369
1.980, 131.076, 95.608, -14.343, -33.871, 0.074, 129.049, -1.462, 1.980, 132.924, 104.392, 14.342, 33.872, 0.074, 130.895, -26.293
1.990, 132.030, 95.461, -14.693, -34.958, 0.078, 130.001, -1.389, 1.990, 133.969, 104.539, 14.692, 34.947, 0.078, 131.937, -26.214
2.000, 132.984, 95.310, -15.053, -36.065, 0.082, 130.951, -1.313, 2.000, 135.016, 104.690, 15.053, 36.068, 0.082, 132.981, -26.130
2.010, 133.935, 95.156, -15.425, -37.216, 0.086, 131.899, -1.234, 2.010, 136.064, 104.844, 15.425, 37.206, 0.086, 134.026, -26.043
2.020, 134.885, 94.998, -15.809, -38.389, 0.090, 132.845, -1.151, 2.020, 137.114, 105.002, 15.808, 38.387, 0.090, 135.072, -25.951
2.030, 135.833, 94.836, -16.205, -39.599, 0.094, 133.790, -1.064, 2.030, 138.166, 105.164, 16.204, 39.591, 0.094, 136.119, -25.855
2.040, 136.780, 94.670, -16.614, -40.833, 0.098, 134.732, -0.973, 2.040, 139.219, 105.330, 16.613, 40.831, 0.098, 137.168, -25.754
2.050, 137.725, 94.499, -17.035, -42.098, 0.102, 135.672, -0.879, 2.050, 140.274, 105.500, 17.034, 42.095, 0.102, 138.217, -25.648
2.060, 138.668, 94.325, -17.469, -43.394, 0.107, 136.610, -0.780, 2.060, 141.331, 105.675, 17.467, 43.382, 0.107, 139.268, -25.538
2.070, 139.610, 94.146, -17.916, -44.708, 0.112, 137.546, -0.678, 2.070, 142.390, 105.854, 17.914, 44.702, 0.112, 140.320, -25.423
2.080, 140.549, 93.962, -18.376, -46.044, 0.116, 138.480, -0.571, 2.080, 143.450, 106.038, 18.375, 46.045, 0.116, 141.374, -25.302
2.090, 141.487, 93.773, -18.850, -47.406, 0.121, 139.411, -0.459, 2.090, 144.512, 106.226, 18.849, 47.398, 0.121, 142.429, -25.176
2.100, 142.423, 93.580, -19.338, -48.783, 0.127, 140.340, -0.344, 2.100, 145.577, 106.420, 19.337, 48.770, 0.127, 143.485, -25.044
2.110, 143.357, 93.382, -19.840, -50.166, 0.132, 141.266, -0.223, 2.110, 146.643, 106.618, 19.838, 50.161, 0.132, 144.542, -24.907
2.120, 144.289, 93.178, -20.355, -51.561, 0.137, 142.189, -0.098, 2.120, 147.711, 106.822, 20.354, 51.554, 0.137, 145.601, -24.763
2.130, 145.218, 92.969, -20.885, -52.959, 0.143, 143.109, 0.032, 2.130, 148.781, 107.031, 20.883, 52.949, 0.143, 146.660, -24.614
2.140, 146.146, 92.755, -21.428, -54.349, 0.149, 144.027, 0.167, 2.140, 149.854, 107.245, 21.427, 54.343, 0.149, 147.721, -24.458
2.150, 147.071, 92.535, -21.986, -55.733, 0.155, 144.942, 0.307, 2.150, 150.928, 107.465, 21.984, 55.720, 0.155, 148.784, -24.295
2.160, 147.994, 92.309, -22.557, -57.093, 0.161, 145.853, 0.452, 2.160, 152.005, 107.690, 22.555, 57.085, 0.161, 149.847, -24.126
2.170, 148.915, 92.078, -23.141, -58.429, 0.167, 146.762, 0.603, 2.170, 153.084, 107.922, 23.139, 58.415, 0.167, 150.912, -23.949
2.180, 149.833, 91.841, -23.738, -59.718, 0.174, 147.667, 0.759, 2.180, 154.166, 108.159, 23.736, 59.717, 0.174, 151.978, -23.765
2.190, 150.749, 91.597, -24.348, -60.970, 0.181, 148.568, 0.920, 2.190, 155.250, 108.402, 24.346, 60.952, 0.181, 153.045, -23.574
2.200, 151.663, 91.348, -24.969, -62.147, 0.188, 149.467, 1.088, 2.200, 156.337, 108.652, 24.967, 62.136, 0.188, 154.113, -23.375
2.210, 152.574, 91.091, -25.602, -63.250, 0.195, 150.361, 1.261, 2.210, 157.426, 108.908, 25.599, 63.238, 0.195, 155.182, -23.168
2.220, 153.482, 90.829, -26.244, -64.258, 0.202, 151.251, 1.440, 2.220, 158.517, 109.170, 26.242, 64.245, 0.202, 156.252, -22.953
2.230, 154.388, 90.560, -26.896, -65.153, 0.210, 152.138, 1.625, 2.230, 159.612, 109.439, 26.893, 65.139, 0.210, 157.324, -22.729
2.240, 155.291, 90.285, -27.555, -65.915, 0.218, 153.020, 1.817, 2.240, 160.709, 109.715, 27.552, 65.899, 0.218, 158.396, -22.496
2.250, 156.191, 90.002, -28.220, -66.522, 0.226, 153.898, 2.014, 2.250, 161.809, 109.997, 28.217, 66.505, 0.226, 159.469, -22.254
2.260, 157.088, 89.713, -28.890, -66.944, 0.234, 154.772, 2.219, 2.260, 162.912, 110.286, 28.886, 66.937, 0.234, 160.543, -22.003
2.270, 157.982, 89.418, -29.561, -67.175, 0.242, 155.641, 2.430, 2.270, 164.018, 110.582, 29.558, 67.145, 0.242, 161.617, -21.742
2.280, 158.873, 89.116, -30.233, -67.153, 0.251, 156.505, 2.647, 2.280, 165.126, 110.884, 30.229, 67.141, 0.251, 162.693, -21.472
2.290, 159.761, 88.806, -30.902, -66.874, 0.260, 157.364, 2.872, 2.290, 166.238, 111.193, 30.898, 66.860, 0.260, 163.768, -21.191
2.300, 160.646, 88.491, -31.565, -66.297, 0.269, 158.218, 3.103, 2.300, 167.353, 111.508, 31.561, 66.277, 0.269, 164.845, -20.899
2.310, 161.528, 88.169, -32.218, -65.385, 0.279, 159.067, 3.342, 2.310, 168.472, 111.831, 32.214, 65.357, 0.279, 165.921, -20.596
2.320, 162.406, 87.840, -32.859, -64.087, 0.289, 159.910, 3.588, 2.320, 169.593, 112.159, 32.855, 64.081, 0.289, 166.998, -20.282
2.330, 163.281, 87.505, -33.483, -62.395, 0.299, 160.748, 3.841, 2.330, 170.718, 112.494, 33.479, 62.366, 0.299, 168.075, -19.956
2.340, 164.153, 87.164, -34.086, -60.230, 0.309, 161.579, 4.102, 2.340, 171.847, 112.835, 34.081, 60.216, 0.309, 169.151, -19.619
2.350, 165.021, 86.818, -34.661, -57.579, 0.320, 162.405, 4.370, 2.350, 172.978, 113.181, 34.656, 57.550, 0.320, 170.228, -19.269
2.360, 165.886, 86.466, -35.205, -54.371, 0.330, 163.224, 4.646, 2.360, 174.114, 113.533, 35.200, 54.355, 0.330, 171.304, -18.907
2.370, 166.747, 86.109, -35.711, -50.584, 0.342, 164.037, 4.930, 2.370, 175.253, 113.890, 35.706, 50.559, 0.342, 172.379, -18.531
2.380, 167.604, 85.747, -36.172, -46.152, 0.353, 164.844, 5.222, 2.380, 176.395, 114.252, 36.167, 46.140, 0.353, 173.453, -18.142
2.390, 168.458, 85.381, -36.583, -41.054, 0.365, 165.643, 5.522, 2.390, 177.541, 114.618, 36.577, 41.024, 0.365, 174.526, -17.740
2.400, 169.308, 85.012, -36.935, -35.221, 0.377, 166.435, 5.830, 2.400, 178.691, 114.987, 36.929, 35.204, 0.377, 175.598, -17.323
2.410, 170.155, 84.639, -37.221, -28.633, 0.389, 167.220, 6.146, 2.410, 179.845, 115.359, 37.215, 28.613, 0.389, 176.668, -16.892
2.420, 170.997, 84.265, -37.434, -21.246, 0.402, 167.998, 6.471, 2.420, 181.002, 115.734, 37.428, 21.228, 0.402, 177.736, -16.446
2.430, 171.836, 83.890, -37.564, -13.034, 0.415, 168.768, 6.804, 2.430, 182.163, 116.109, 37.558, 13.014, 0.415, 178.802, -15.985
2.440, 172.671, 83.513, -37.604, -3.969, 0.428, 169.530, 7.146, 2.440, 183.328, 116.485, 37.597, 3.956, 0.428, 179.865, -15.509
2.450, 173.503, 83.138, -37.544, 5.956, 0.442, 170.284, 7.496, 2.450, 184.497, 116.860, 37.538, -5.970, 0.442, 180.925, -15.016
2.460, 174.330, 82.764, -37.377, 16.746, 0.455, 171.030, 7.854, 2.460, 185.669, 117.234, 37.370, -16.763, 0.455, 181.981, -14.508
2.470, 175.154, 82.393, -37.093, 28.400, 0.470, 171.767, 8.222, 2.470, 186.845, 117.605, 37.086, -28.403, 0.470, 183.034, -13.983
2.480, 175.974, 82.026, -36.684, 40.877, 0.484, 172.496, 8.598, 2.480, 188.025, 117.972, 36.677, -40.889, 0.484, 184.082, -13.442
2.490, 176.791, 81.665, -36.143, 54.157, 0.499, 173.216, 8.984, 2.490, 189.208, 118.333, 36.136, -54.157, 0.499, 185.125, -12.884
2.500, 177.604, 81.310, -35.461, 68.165, 0.514, 173.927, 9.378, 2.500, 190.395, 118.688, 35.454, -68.169, 0.514, 186.163, -12.308
2.510, 178.414, 80.964, -34.633, 82.840, 0.529, 174.630, 9.781, 2.510, 191.585, 119.034, 34.626, -82.833, 0.529, 187.195, -11.716
2.520, 179.220, 80.628, -33.652, 98.074, 0.545, 175.322, 10.193, 2.520, 192.779, 119.370, 33.645, -98.068, 0.545, 188.221, -11.105
2.530, 180.023, 80.302, -32.514, 113.759, 0.560, 176.006, 10.615, 2.530, 193.976, 119.695, 32.507, -113.747, 0.560, 189.240, -10.477
2.540, 180.823, 79.990, -31.217, 129.755, 0.576, 176.680, 11.045, 2.540, 195.176, 120.008, 31.210, -129.739, 0.576, 190.252, -9.831
2.550, 181.620, 79.693, -29.758, 145.909, 0.593, 177.345, 11.485, 2.550, 196.379, 120.305, 29.751, -145.885, 0.593, 191.255, -9.167
2.560, 182.414, 79.411, -28.137, 162.043, 0.609, 178.000, 11.934, 2.560, 197.585, 120.586, 28.131, -162.019, 0.609, 192.249, -8.485
2.570, 183.206, 79.148, -26.357, 177.975, 0.626, 178.645, 12.393, 2.570, 198.794, 120.850, 26.352, -177.943, 0.626, 193.235, -7.785
2.580, 183.995, 78.904, -24.422, 193.498, 0.643, 179.280, 12.860, 2.580, 200.004, 121.094, 24.417, -193.462, 0.643, 194.210, -7.068
2.590, 184.781, 78.680, -22.338, 208.405, 0.660, 179.906, 13.337, 2.590, 201.218, 121.317, 22.333, -208.362, 0.660, 195.175, -6.332
2.600, 185.566, 78.479, -20.114, 222.479, 0.677, 180.522, 13.824, 2.600, 202.433, 121.518, 20.109, -222.435, 0.677, 196.128, -5.579
2.610, 186.349, 78.301, -17.758, 235.512, 0.695, 181.128, 14.320, 2.610, 203.650, 121.696, 17.754, -235.461, 0.695, 197.070, -4.808
2.620, 187.131, 78.149, -15.285, 247.294, 0.712, 181.724, 14.826, 2.620, 204.868, 121.849, 15.282, -247.238, 0.712, 197.999, -4.019
2.630, 187.911, 78.022, -12.709, 257.632, 0.730, 182.310, 15.341, 2.630, 206.088, 121.976, 12.706, -257.574, 0.730, 198.915, -3.214
2.640, 188.690, 77.921, -10.046, 266.351, 0.748, 182.886, 15.865, 2.640, 207.309, 122.076, 10.043, -266.289, 0.748, 199.817, -2.392
2.650, 189.469, 77.848, -7.313, 273.298, 0.766, 183.452, 16.400, 2.650, 208.530, 122.149, 7.311, -273.235, 0.766, 200.705, -1.553
2.660, 190.247, 77.803, -4.529, 278.351, 0.783, 184.008, 16.944, 2.660, 209.752, 122.195, 4.528, -278.284, 0.783, 201.579, -0.699
2.670, 191.024, 77.785, -1.715, 281.416, 0.801, 184.554, 17.498, 2.670, 210.974, 122.212, 1.715, -281.351, 0.801, 202.437, 0.171
2.680, 191.802, 77.797, 1.109, 282.442, 0.819, 185.090, 18.061, 2.680, 212.196, 122.201, -1.109, -282.374, 0.819, 203.280, 1.056
2.690, 192.581, 77.836, 3.923, 281.408, 0.837, 185.617, 18.635, 2.690, 213.418, 122.162, -3.923, -281.340, 0.837, 204.106, 1.956
2.700, 193.360, 77.903, 6.707, 278.333, 0.855, 186.133, 19.218, 2.700, 214.639, 122.095, -6.705, -278.271, 0.855, 204.916, 2.870
2.710, 194.140, 77.997, 9.440, 273.282, 0.872, 186.640, 19.810, 2.710, 215.859, 122.000, -9.437, -273.214, 0.872, 205.708, 3.797
2.720, 194.921, 78.118, 12.103, 266.337, 0.890, 187.137, 20.413, 2.720, 217.078, 121.879, -12.100, -266.280, 0.890, 206.484, 4.738
2.730, 195.704, 78.265, 14.679, 257.637, 0.907, 187.625, 21.025, 2.730, 218.295, 121.732, -14.676, -257.572, 0.907, 207.242, 5.690
2.740, 196.488, 78.437, 17.153, 247.319, 0.925, 188.102, 21.648, 2.740, 219.511, 121.561, -17.149, -247.270, 0.925, 207.982, 6.654
2.750, 197.274, 78.632, 19.508, 235.577, 0.942, 188.571, 22.279, 2.750, 220.724, 121.366, -19.504, -235.524, 0.942, 208.705, 7.629
2.760, 198.063, 78.849, 21.734, 222.594, 0.959, 189.029, 22.921, 2.760, 221.936, 121.149, -21.729, -222.547, 0.959, 209.409, 8.615
2.770, 198.854, 79.087, 23.820, 208.582, 0.976, 189.478, 23.572, 2.770, 223.145, 120.910, -23.815, -208.536, 0.976, 210.096, 9.610
2.780, 199.647, 79.345, 25.758, 193.746, 0.992, 189.917, 24.233, 2.780, 224.351, 120.653, -25.752, -193.716, 0.992, 210.764, 10.615
2.790, 200.443, 79.620, 27.541, 178.316, 1.009, 190.347, 24.903, 2.790, 225.555, 120.378, -27.535, -178.276, 1.009, 211.414, 11.628
2.800, 201.242, 79.912, 29.165, 162.479, 1.025, 190.768, 25.582, 2.800, 226.756, 120.086, -29.159, -162.458, 1.025, 212.046, 12.649
2.810, 202.045, 80.218, 30.630, 146.453, 1.041, 191.179, 26.271, 2.810, 227.954, 119.780, -30.624, -146.434, 1.041, 212.660, 13.678
2.820, 202.850, 80.538, 31.934, 130.425, 1.056, 191.581, 26.969, 2.820, 229.148, 119.460, -31.927, -130.395, 1.056, 213.256, 14.713
2.830, 203.659, 80.868, 33.080, 114.543, 1.072, 191.973, 27.676, 2.830, 230.340, 119.130, -33.073, -114.546, 1.072, 213.834, 15.755
2.840, 204.471, 81.209, 34.070, 99.000, 1.087, 192.357, 28.392, 2.840, 231.528, 118.789, -34.063, -98.983, 1.087, 214.395, 16.802
2.850, 205.286, 81.558, 34.909, 83.897, 1.101, 192.731, 29.117, 2.850, 232.712, 118.440, -34.902, -83.893, 1.101, 214.938, 17.854
2.860, 206.106, 81.914, 35.602, 69.365, 1.116, 193.096, 29.850, 2.860, 233.893, 118.084, -35.595, -69.363, 1.116, 215.465, 18.911
2.870, 206.928, 82.276, 36.157, 55.490, 1.130, 193.452, 30.592, 2.870, 235.070, 117.723, -36.150, -55.500, 1.130, 215.974, 19.972
2.880, 207.755, 82.642, 36.581, 42.361, 1.144, 193.800, 31.341, 2.880, 236.244, 117.357, -36.574, -42.361, 1.144, 216.468, 21.037
2.890, 208.585, 83.010, 36.881, 30.015, 1.158, 194.138, 32.100, 2.890, 237.414, 116.988, -36.874, -30.026, 1.158, 216.944, 22.106
2.900, 209.419, 83.381, 37.066, 18.506, 1.171, 194.467, 32.865, 2.900, 238.580, 116.618, -37.059, -18.514, 1.171, 217.405, 23.177
2.910, 210.256, 83.752, 37.145, 7.846, 1.184, 194.788, 33.639, 2.910, 239.742, 116.246, -37.138, -7.863, 1.184, 217.851, 24.251
2.920, 211.097, 84.124, 37.125, -1.945, 1.197, 195.101, 34.420, 2.920, 240.901, 115.875, -37.119, 1.934, 1.197, 218.281, 25.327
2.930, 211.942, 84.494, 37.016, -10.884, 1.209, 195.404, 35.209, 2.930, 242.056, 115.505, -37.010, 10.863, 1.209, 218.696, 26.405
2.940, 212.791, 84.862, 36.827, -18.970, 1.222, 195.699, 36.004, 2.940, 243.207, 115.137, -36.820, 18.958, 1.222, 219.096, 27.484
2.950, 213.643, 85.228, 36.564, -26.243, 1.233, 195.986, 36.807, 2.950, 244.355, 114.771, -36.558, 26.217, 1.233, 219.483, 28.565
2.960, 214.499, 85.590, 36.237, -32.714, 1.245, 196.265, 37.616, 2.960, 245.499, 114.409, -36.231, 32.696, 1.245, 219.855, 29.646
2.970, 215.359, 85.949, 35.853, -38.428, 1.256, 196.535, 38.432, 2.970, 246.640, 114.050, -35.847, 38.418, 1.256, 220.214, 30.729
2.980, 216.222, 86.303, 35.418, -43.439, 1.267, 196.798, 39.254, 2.980, 247.777, 113.696, -35.413, 43.403, 1.267, 220.560, 31.812
2.990, 217.088, 86.652, 34.941, -47.751, 1.278, 197.052, 40.082, 2.990, 248.910, 113.347, -34.936, 47.745, 1.278, 220.893, 32.896
3.000, 217.958, 86.996, 34.426, -51.452, 1.288, 197.299, 40.917, 3.000, 250.040, 113.003, -34.421, 51.427, 1.288, 221.213, 33.979
3.010, 218.831, 87.335, 33.881, -54.557, 1.299, 197.538, 41.757, 3.010, 251.167, 112.664, -33.876, 54.536, 1.299, 221.521, 35.063
3.020, 219.708, 87.668, 33.309, -57.121, 1.309, 197.769, 42.602, 3.020, 252.290, 112.331, -33.305, 57.102, 1.309, 221.818, 36.146
3.030, 220.588, 87.996, 32.718, -59.188, 1.318, 197.994, 43.453, 3.030, 253.410, 112.004, -32.713, 59.170, 1.318, 222.103, 37.229
3.040, 221.471, 88.317, 32.110, -60.802, 1.328, 198.210, 44.309, 3.040, 254.527, 111.683, -32.105, 60.783, 1.328, 222.377, 38.312
3.050, 222.358, 88.632, 31.490, -62.003, 1.337, 198.420, 45.171, 3.050, 255.641, 111.368, -31.486, 61.983, 1.337, 222.640, 39.394
3.060, 223.247, 88.940, 30.861, -62.830, 1.346, 198.622, 46.037, 3.060, 256.751, 111.059, -30.858, 62.810, 1.346, 222.893, 40.476
3.070, 224.139, 89.242, 30.228, -63.322, 1.354, 198.818, 46.907, 3.070, 257.859, 110.757, -30.225, 63.303, 1.354, 223.136, 41.556
3.080, 225.035, 89.538, 29.593, -63.511, 1.363, 199.006, 47.783, 3.080, 258.963, 110.461, -29.590, 63.498, 1.363, 223.369, 42.636
3.090, 225.933, 89.828, 28.959, -63.435, 1.371, 199.189, 48.662, 3.090, 260.065, 110.171, -28.955, 63.423, 1.371, 223.592, 43.715
3.100, 226.834, 90.111, 28.327, -63.129, 1.379, 199.364, 49.546, 3.100, 261.164, 109.888, -28.324, 63.105, 1.379, 223.806, 44.793
3.110, 227.738, 90.388, 27.701, -62.603, 1.386, 199.533, 50.434, 3.110, 262.260, 109.611, -27.698, 62.591, 1.386, 224.011, 45.870
3.120, 228.645, 90.659, 27.082, -61.905, 1.394, 199.696, 51.326, 3.120, 263.354, 109.340, -27.080, 61.883, 1.394, 224.208, 46.945
3.130, 229.554, 90.924, 26.472, -61.035, 1.401, 199.853, 52.222, 3.130, 264.444, 109.076, -26.469, 61.035, 1.401, 224.396, 48.020
3.140, 230.466, 91.183, 25.871, -60.044, 1.408, 200.003, 53.121, 3.140, 265.532, 108.817, -25.869, 60.028, 1.408, 224.575, 49.093
3.150, 231.380, 91.435, 25.282, -58.932, 1.415, 200.148, 54.024, 3.150, 266.618, 108.564, -25.280, 58.911, 1.415, 224.747, 50.165
3.160, 232.297, 91.682, 24.705, -57.710, 1.422, 200.287, 54.930, 3.160, 267.701, 108.317, -24.703, 57.706, 1.422, 224.912, 51.235
3.170, 233.216, 91.924, 24.141, -56.418, 1.428, 200.421, 55.839, 3.170, 268.782, 108.076, -24.139, 56.402, 1.428, 225.068, 52.305
3.180, 234.138, 92.160, 23.590, -55.046, 1.435, 200.549, 56.752, 3.180, 269.860, 107.840, -23.588, 55.042, 1.435, 225.218, 53.373
3.190, 235.062, 92.390, 23.054, -53.632, 1.441, 200.671, 57.668, 3.190, 270.937, 107.609, -23.052, 53.608, 1.441, 225.361, 54.439
3.200, 235.988, 92.616, 22.533, -52.149, 1.447, 200.788, 58.586, 3.200, 272.010, 107.384, -22.531, 52.156, 1.447, 225.497, 55.504
3.210, 236.916, 92.836, 22.026, -50.658, 1.452, 200.901, 59.508, 3.210, 273.082, 107.164, -22.024, 50.637, 1.452, 225.627, 56.568
3.220, 237.847, 93.051, 21.535, -49.122, 1.458, 201.008, 60.432, 3.220, 274.151, 106.949, -21.533, 49.113, 1.458, 225.750, 57.631
3.230, 238.779, 93.262, 21.059, -47.572, 1.463, 201.110, 61.359, 3.230, 275.219, 106.738, -21.057, 47.565, 1.463, 225.867, 58.692
3.240, 239.714, 93.468, 20.599, -46.010, 1.469, 201.208, 62.289, 3.240, 276.284, 106.532, -20.597, 46.002, 1.469, 225.978, 59.751
3.250, 240.651, 93.669, 20.155, -44.441, 1.474, 201.301, 63.221, 3.250, 277.347, 106.330, -20.153, 44.435, 1.474, 226.084, 60.809
3.260, 241.589, 93.867, 19.726, -42.871, 1.479, 201.390, 64.155, 3.260, 278.409, 106.133, -19.724, 42.865, 1.479, 226.184, 61.866
3.270, 242.530, 94.060, 19.313, -41.304, 1.483, 201.474, 65.092, 3.270, 279.468, 105.940, -19.312, 41.296, 1.483, 226.279, 62.921
3.280, 243.472, 94.249, 18.915, -39.745, 1.488, 201.554, 66.031, 3.280, 280.526, 105.751, -18.914, 39.730, 1.488, 226.369, 63.974
3.290, 244.417, 94.434, 18.534, -38.179, 1.493, 201.630, 66.973, 3.290, 281.581, 105.566, -18.532, 38.192, 1.493, 226.454, 65.027
3.300, 245.363, 94.616, 18.167, -36.655, 1.497, 201.702, 67.916, 3.300, 282.635, 105.384, -18.166, 36.629, 1.497, 226.534, 66.078
3.310, 246.311, 94.794, 17.816, -35.111, 1.501, 201.770, 68.862, 3.310, 283.687, 105.206, -17.815, 35.116, 1.501, 226.609, 67.127
3.320, 247.261, 94.969, 17.480, -33.602, 1.505, 201.834, 69.809, 3.320, 284.738, 105.031, -17.479, 33.593, 1.505, 226.680, 68.175
3.330, 248.212, 95.140, 17.159, -32.097, 1.509, 201.895, 70.759, 3.330, 285.786, 104.859, -17.158, 32.097, 1.509, 226.747, 69.221
3.340, 249.165, 95.309, 16.853, -30.616, 1.513, 201.952, 71.710, 3.340, 286.833, 104.691, -16.852, 30.608, 1.513, 226.810, 70.266
3.350, 250.120, 95.475, 16.561, -29.145, 1.516, 202.005, 72.663, 3.350, 287.878, 104.525, -16.560, 29.141, 1.516, 226.868, 71.310
3.360, 251.076, 95.637, 16.284, -27.690, 1.520, 202.056, 73.618, 3.360, 288.922, 104.363, -16.284, 27.690, 1.520, 226.923, 72.352
3.370, 252.034, 95.798, 16.022, -26.259, 1.523, 202.103, 74.575, 3.370, 289.964, 104.202, -16.021, 26.246, 1.523, 226.975, 73.393
3.380, 252.994, 95.955, 15.773, -24.829, 1.527, 202.147, 75.534, 3.380, 291.004, 104.045, -15.773, 24.833, 1.527, 227.022, 74.432
3.390, 253.955, 96.111, 15.539, -23.429, 1.530, 202.188, 76.494, 3.390, 292.043, 103.889, -15.539, 23.417, 1.530, 227.067, 75.470
3.400, 254.917, 96.264, 15.319, -22.024, 1.533, 202.226, 77.456, 3.400, 293.081, 103.736, -15.318, 22.033, 1.533, 227.108, 76.507
3.410, 255.882, 96.415, 15.112, -20.654, 1.536, 202.261, 78.419, 3.410, 294.117, 103.585, -15.112, 20.638, 1.536, 227.146, 77.542
3.420, 256.847, 96.564, 14.920, -19.273, 1.538, 202.294, 79.384, 3.420, 295.151, 103.436, -14.919, 19.278, 1.538, 227.181, 78.576
3.430, 257.814, 96.712, 14.741, -17.916, 1.541, 202.324, 80.351, 3.430, 296.184, 103.288, -14.740, 17.911, 1.541, 227.213, 79.608
3.440, 258.783, 96.857, 14.575, -16.561, 1.543, 202.352, 81.319, 3.440, 297.215, 103.143, -14.574, 16.558, 1.543, 227.242, 80.639
3.450, 259.753, 97.002, 14.423, -15.214, 1.546, 202.377, 82.289, 3.450, 298.245, 102.998, -14.422, 15.211, 1.546, 227.269, 81.669
3.460, 260.724, 97.144, 14.284, -13.872, 1.548, 202.400, 83.260, 3.460, 299.274, 102.856, -14.284, 13.866, 1.548, 227.294, 82.697
3.470, 261.697, 97.286, 14.159, -12.528, 1.550, 202.421, 84.233, 3.470, 300.301, 102.714, -14.158, 12.529, 1.550, 227.316, 83.724
3.480, 262.671, 97.427, 14.047, -11.189, 1.552, 202.440, 85.207, 3.480, 301.327, 102.573, -14.047, 11.186, 1.552, 227.336, 84.749
3.490, 263.647, 97.566, 13.948, -9.848, 1.554, 202.457, 86.182, 3.490, 302.351, 102.434, -13.948, 9.841, 1.554, 227.353, 85.773
3.500, 264.624, 97.705, 13.863, -8.495, 1.556, 202.472, 87.159, 3.500, 303.374, 102.295, -13.863, 8.500, 1.556, 227.369, 86.796
3.510, 265.603, 97.843, 13.792, -7.147, 1.558, 202.485, 88.137, 3.510, 304.395, 102.157, -13.792, 7.139, 1.558, 227.383, 87.818
3.520, 266.582, 97.980, 13.734, -5.778, 1.560, 202.497, 89.117, 3.520, 305.416, 102.020, -13.734, 5.779, 1.560, 227.396, 88.838
3.530, 267.564, 98.117, 13.690, -4.402, 1.561, 202.507, 90.098, 3.530, 306.435, 101.883, -13.690, 4.400, 1.561, 227.406, 89.857
3.540, 268.546, 98.253, 13.660, -3.012, 1.562, 202.516, 91.081, 3.540, 307.452, 101.747, -13.660, 3.004, 1.562, 227.415, 90.874
3.550, 269.530, 98.390, 13.644, -1.594, 1.564, 202.524, 92.065, 3.550, 308.468, 101.610, -13.644, 1.597, 1.564, 227.423, 91.890
3.560, 270.515, 98.526, 13.643, -0.163, 1.565, 202.530, 93.050, 3.560, 309.483, 101.474, -13.642, 0.158, 1.565, 227.430, 92.905
3.570, 271.502, 98.663, 13.656, 1.301, 1.566, 202.535, 94.036, 3.570, 310.496, 101.337, -13.655, -1.300, 1.566, 227.435, 93.918
3.580, 272.490, 98.800, 13.683, 2.789, 1.567, 202.539, 95.024, 3.580, 311.508, 101.200, -13.683, -2.794, 1.567, 227.439, 94.930
3.590, 273.479, 98.937, 13.727, 4.317, 1.568, 202.543, 96.014, 3.590, 312.519, 101.063, -13.726, -4.317, 1.568, 227.443, 95.941
3.600, 274.470, 99.075, 13.785, 5.881, 1.569, 202.545, 97.005, 3.600, 313.528, 100.925, -13.785, -5.882, 1.569, 227.445, 96.950
3.610, 275.462, 99.213, 13.860, 7.488, 1.569, 202.547, 97.997, 3.610, 314.536, 100.787, -13.860, -7.490, 1.569, 227.447, 97.958
3.620, 276.456, 99.353, 13.952, 9.143, 1.570, 202.548, 98.990, 3.620, 315.542, 100.647, -13.952, -9.146, 1.570, 227.448, 98.964
3.630, 277.451, 99.493, 14.060, 10.853, 1.570, 202.549, 99.985, 3.630, 316.547, 100.507, -14.060, -10.855, 1.570, 227.449, 99.970
3.640, 278.447, 99.635, 14.186, 12.623, 1.570, 202.550, 100.982, 3.640, 317.551, 100.365, -14.186, -12.624, 1.570, 227.450, 100.973
3.650, 279.445, 99.779, 14.331, 14.458, 1.571, 202.550, 101.979, 3.650, 318.553, 100.221, -14.331, -14.459, 1.571, 227.450, 101.975
3.660, 280.444, 99.924, 14.495, 16.365, 1.571, 202.550, 102.979, 3.660, 319.554, 100.076, -14.495, -16.367, 1.571, 227.450, 102.976
3.670, 281.443, 99.862, -6.211, -2070.536, 1.571, 202.550, 103.977, 3.670, 320.555, 100.138, 6.211, 2070.532, 1.571, 227.450, 103.978
3.680, 282.438, 99.582, -27.929, -2171.791, 1.571, 202.550, 104.973, 3.680, 321.560, 100.418, 27.928, 2171.783, 1.571, 227.450, 104.982
3.690, 283.432, 99.319, -26.352, 157.645, 1.572, 202.549, 105.966, 3.690, 322.566, 100.681, 26.352, -157.653, 1.572, 227.449, 105.989
3.700, 284.422, 99.071, -24.797, 155.557, 1.572, 202.548, 106.957, 3.700, 323.576, 100.929, 24.796, -155.562, 1.572, 227.448, 106.998
3.710, 285.411, 98.838, -23.273, 152.396, 1.573, 202.546, 107.945, 3.710, 324.587, 101.162, 23.272, -152.400, 1.573, 227.446, 108.009
3.720, 286.397, 98.620, -21.780, 149.292, 1.574, 202.543, 108.931, 3.720, 325.601, 101.380, 21.779, -149.296, 1.574, 227.443, 109.023
3.730, 287.381, 98.417, -20.317, 146.242, 1.576, 202.539, 109.916, 3.730, 326.617, 101.583, 20.317, -146.244, 1.576, 227.438, 110.039
3.740, 288.363, 98.228, -18.885, 143.238, 1.577, 202.533, 110.898, 3.740, 327.635, 101.772, 18.885, -143.240, 1.577, 227.433, 111.057
3.750, 289.344, 98.053, -17.482, 140.276, 1.579, 202.526, 111.878, 3.750, 328.654, 101.947, 17.482, -140.276, 1.579, 227.425, 112.076
3.760, 290.323, 97.892, -16.109, 137.347, 1.580, 202.518, 112.857, 3.760, 329.675, 102.108, 16.108, -137.347, 1.580, 227.416, 113.097
3.770, 291.300, 97.745, -14.764, 134.445, 1.582, 202.507, 113.835, 3.770, 330.698, 102.255, 14.764, -134.444, 1.582, 227.406, 114.120
3.780, 292.276, 97.610, -13.449, 131.563, 1.584, 202.495, 114.811, 3.780, 331.722, 102.390, 13.448, -131.562, 1.584, 227.393, 115.144
3.790, 293.251, 97.489, -12.162, 128.696, 1.586, 202.481, 115.785, 3.790, 332.747, 102.511, 12.161, -128.694, 1.586, 227.378, 116.169
3.800, 294.225, 97.380, -10.903, 125.836, 1.588, 202.465, 116.759, 3.800, 333.773, 102.620, 10.903, -125.834, 1.588, 227.361, 117.195
3.810, 295.198, 97.283, -9.673, 122.978, 1.590, 202.447, 117.732, 3.810, 334.800, 102.717, 9.673, -122.976, 1.590, 227.342, 118.222
3.820, 296.170, 97.198, -8.472, 120.117, 1.593, 202.427, 118.704, 3.820, 335.828, 102.802, 8.472, -120.114, 1.593, 227.321, 119.249
3.830, 297.141, 97.125, -7.300, 117.248, 1.595, 202.404, 119.675, 3.830, 336.857, 102.875, 7.300, -117.245, 1.595, 227.297, 120.278
3.840, 298.112, 97.063, -6.156, 114.367, 1.597, 202.380, 120.645, 3.840, 337.886, 102.936, 6.156, -114.364, 1.597, 227.271, 121.307
3.850, 299.082, 97.013, -5.041, 111.471, 1.600, 202.353, 121.615, 3.850, 338.916, 102.987, 5.041, -111.468, 1.600, 227.242, 122.336
3.860, 300.052, 96.974, -3.956, 108.558, 1.602, 202.324, 122.584, 3.860, 339.946, 103.026, 3.956, -108.555, 1.602, 227.211, 123.366
3.870, 301.021, 96.945, -2.900, 105.626, 1.605, 202.292, 123.553, 3.870, 340.977, 103.055, 2.900, -105.622, 1.605, 227.178, 124.396
3.880, 301.990, 96.926, -1.873, 102.672, 1.607, 202.258, 124.522, 3.880, 342.008, 103.074, 1.873, -102.669, 1.607, 227.141, 125.426
3.890, 302.959, 96.917, -0.876, 99.697, 1.610, 202.221, 125.490, 3.890, 343.039, 103.083, 0.876, -99.694, 1.610, 227.103, 126.456
3.900, 303.929, 96.918, 0.091, 96.700, 1.612, 202.183, 126.458, 3.900, 344.069, 103.082, -0.091, -96.697, 1.612, 227.061, 127.486
3.910, 304.898, 96.928, 1.028, 93.682, 1.615, 202.141, 127.427, 3.910, 345.100, 103.072, -1.028, -93.679, 1.615, 227.018, 128.516
3.920, 305.867, 96.948, 1.934, 90.644, 1.617, 202.098, 128.395, 3.920, 346.131, 103.052, -1.934, -90.641, 1.617, 226.971, 129.546
3.930, 306.837, 96.976, 2.810, 87.586, 1.619, 202.052, 129.364, 3.930, 347.161, 103.024, -2.810, -87.584, 1.619, 226.922, 130.575
3.940, 307.807, 97.012, 3.655, 84.511, 1.622, 202.003, 130.333, 3.940, 348.191, 102.988, -3.655, -84.509, 1.622, 226.871, 131.603
3.950, 308.778, 97.057, 4.470, 81.421, 1.624, 201.953, 131.302, 3.950, 349.220, 102.943, -4.469, -81.418, 1.624, 226.817, 132.631
3.960, 309.749, 97.109, 5.253, 78.316, 1.627, 201.900, 132.272, 3.960, 350.249, 102.891, -5.253, -78.314, 1.627, 226.761, 133.659
3.970, 310.721, 97.169, 6.005, 75.201, 1.629, 201.845, 133.242, 3.970, 351.277, 102.830, -6.005, -75.199, 1.629, 226.703, 134.685
3.980, 311.693, 97.237, 6.725, 72.077, 1.631, 201.787, 134.213, 3.980, 352.305, 102.763, -6.725, -72.075, 1.631, 226.642, 135.711
3.990, 312.666, 97.311, 7.415, 68.947, 1.633, 201.728, 135.184, 3.990, 353.332, 102.689, -7.415, -68.945, 1.633, 226.579, 136.736
4.000, 313.640, 97.392, 8.073, 65.813, 1.635, 201.666, 136.156, 4.000, 354.358, 102.608, -8.073, -65.812, 1.635, 226.514, 137.760
4.010, 314.615, 97.479, 8.700, 62.678, 1.637, 201.602, 137.129, 4.010, 355.383, 102.521, -8.700, -62.677, 1.637, 226.447, 138.783
4.020, 315.591, 97.572, 9.295, 59.544, 1.639, 201.536, 138.102, 4.020, 356.408, 102.428, -9.295, -59.543, 1.639, 226.378, 139.805
4.030, 316.567, 97.670, 9.859, 56.413, 1.641, 201.468, 139.076, 4.030, 357.431, 102.330, -9.859, -56.413, 1.641, 226.307, 140.826
4.040, 317.545, 97.774, 10.392, 53.288, 1.643, 201.399, 140.052, 4.040, 358.453, 102.226, -10.392, -53.288, 1.643, 226.234, 141.846
4.050, 318.524, 97.883, 10.894, 50.171, 1.645, 201.328, 141.028, 4.050, 359.474, 102.117, -10.894, -50.171, 1.645, 226.160, 142.864
4.060, 319.504, 97.997, 11.365, 47.062, 1.646, 201.254, 142.005, 4.060, 360.494, 102.003, -11.364, -47.062, 1.646, 226.084, 143.881
4.070, 320.485, 98.115, 11.804, 43.963, 1.648, 201.180, 142.983, 4.070, 361.513, 101.885, -11.804, -43.964, 1.648, 226.006, 144.897
4.080, 321.467, 98.237, 12.213, 40.876, 1.649, 201.104, 143.963, 4.080, 362.531, 101.763, -12.213, -40.877, 1.649, 225.927, 145.912
4.090, 322.451, 98.363, 12.591, 37.801, 1.650, 201.026, 144.943, 4.090, 363.547, 101.637, -12.591, -37.802, 1.650, 225.847, 146.925
4.100, 323.436, 98.492, 12.938, 34.739, 1.652, 200.947, 145.925, 4.100, 364.562, 101.508, -12.938, -34.740, 1.652, 225.766, 147.937
4.110, 324.422, 98.625, 13.255, 31.690, 1.653, 200.867, 146.908, 4.110, 365.576, 101.375, -13.255, -31.691, 1.653, 225.683, 148.947
4.120, 325.410, 98.760, 13.542, 28.654, 1.654, 200.785, 147.892, 4.120, 366.588, 101.240, -13.542, -28.655, 1.654, 225.600, 149.956
4.130, 326.399, 98.898, 13.798, 25.630, 1.655, 200.703, 148.878, 4.130, 367.599, 101.102, -13.798, -25.632, 1.655, 225.515, 150.964
4.140, 327.389, 99.038, 14.024, 22.619, 1.655, 200.620, 149.865, 4.140, 368.609, 100.962, -14.024, -22.621, 1.655, 225.430, 151.970
4.150, 328.381, 99.181, 14.221, 19.619, 1.656, 200.535, 150.853, 4.150, 369.617, 100.819, -14.220, -19.621, 1.656, 225.345, 152.974
4.160, 329.374, 99.324, 14.387, 16.630, 1.657, 200.451, 151.843, 4.160, 370.624, 100.676, -14.387, -16.632, 1.657, 225.259, 153.977
4.170, 330.369, 99.470, 14.523, 13.649, 1.657, 200.365, 152.834, 4.170, 371.629, 100.530, -14.523, -13.651, 1.657, 225.172, 154.979
4.180, 331.365, 99.616, 14.630, 10.677, 1.657, 200.279, 153.826, 4.180, 372.633, 100.384, -14.630, -10.679, 1.657, 225.086, 155.979
4.190, 332.363, 99.763, 14.707, 7.710, 1.658, 200.193, 154.820, 4.190, 373.635, 100.237, -14.707, -7.712, 1.658, 224.999, 156.978
4.200, 333.362, 99.911, 14.755, 4.748, 1.658, 200.106, 155.815, 4.200, 374.636, 100.089, -14.755, -4.751, 1.658, 224.912, 157.975
4.210, 334.362, 100.058, 14.773, 1.790, 1.658, 200.019, 156.812, 4.210, 375.636, 99.942, -14.773, -1.792, 1.658, 224.826, 158.970
4.220, 335.364, 100.206, 14.761, -1.168, 1.657, 199.933, 157.810, 4.220, 376.634, 99.794, -14.761, 1.166, 1.657, 224.739, 159.965
4.230, 336.368, 100.353, 14.720, -4.127, 1.657, 199.846, 158.810, 4.230, 377.630, 99.647, -14.720, 4.124, 1.657, 224.653, 160.957
4.240, 337.373, 100.500, 14.649, -7.088, 1.657, 199.759, 159.811, 4.240, 378.625, 99.500, -14.649, 7.086, 1.657, 224.567, 161.949
4.250, 338.379, 100.645, 14.548, -10.053, 1.656, 199.673, 160.814, 4.250, 379.619, 99.355, -14.548, 10.051, 1.656, 224.482, 162.939
4.260, 339.387, 100.789, 14.418, -13.024, 1.656, 199.588, 161.818, 4.260, 380.611, 99.211, -14.418, 13.022, 1.656, 224.398, 163.927
4.270, 340.397, 100.932, 14.258, -16.003, 1.655, 199.502, 162.824, 4.270, 381.602, 99.068, -14.258, 16.001, 1.655, 224.315, 164.914
4.280, 341.407, 101.073, 14.068, -18.990, 1.654, 199.418, 163.831, 4.280, 382.591, 98.927, -14.068, 18.988, 1.654, 224.232, 165.900
4.290, 342.419, 101.211, 13.848, -21.988, 1.653, 199.334, 164.840, 4.290, 383.579, 98.789, -13.848, 21.986, 1.653, 224.150, 166.885
4.300, 343.433, 101.347, 13.598, -24.996, 1.652, 199.252, 165.850, 4.300, 384.565, 98.653, -13.598, 24.995, 1.652, 224.070, 167.868
4.310, 344.448, 101.480, 13.318, -28.017, 1.651, 199.170, 166.862, 4.310, 385.550, 98.520, -13.318, 28.015, 1.651, 223.991, 168.850
4.320, 345.464, 101.610, 13.008, -31.050, 1.649, 199.090, 167.875, 4.320, 386.534, 98.390, -13.008, 31.049, 1.649, 223.913, 169.831
4.330, 346.481, 101.737, 12.667, -34.096, 1.648, 199.010, 168.889, 4.330, 387.517, 98.263, -12.667, 34.095, 1.648, 223.836, 170.810
4.340, 347.500, 101.860, 12.295, -37.156, 1.647, 198.933, 169.904, 4.340, 388.498, 98.140, -12.295, 37.155, 1.647, 223.761, 171.789
4.350, 348.519, 101.979, 11.893, -40.228, 1.645, 198.856, 170.921, 4.350, 389.479, 98.021, -11.893, 40.227, 1.645, 223.688, 172.766
4.360, 349.540, 102.093, 11.460, -43.312, 1.643, 198.781, 171.940, 4.360, 390.458, 97.907, -11.460, 43.311, 1.643, 223.616, 173.743
4.370, 350.562, 102.203, 10.996, -46.408, 1.642, 198.708, 172.959, 4.370, 391.436, 97.797, -10.996, 46.408, 1.642, 223.546, 174.718
4.380, 351.586, 102.308, 10.500, -49.515, 1.640, 198.637, 173.980, 4.380, 392.413, 97.692, -10.501, 49.514, 1.640, 223.478, 175.693
4.390, 352.610, 102.408, 9.974, -52.630, 1.638, 198.567, 175.001, 4.390, 393.388, 97.592, -9.974, 52.630, 1.638, 223.412, 176.666
4.400, 353.635, 102.502, 9.417, -55.754, 1.636, 198.500, 176.024, 4.400, 394.363, 97.498, -9.417, 55.754, 1.636, 223.347, 177.639
4.410, 354.661, 102.591, 8.828, -58.883, 1.634, 198.434, 177.048, 4.410, 395.338, 97.409, -8.828, 58.884, 1.634, 223.285, 178.611
4.420, 355.687, 102.673, 8.208, -62.016, 1.631, 198.371, 178.073, 4.420, 396.311, 97.327, -8.208, 62.017, 1.631, 223.225, 179.583
4.430, 356.715, 102.748, 7.556, -65.151, 1.629, 198.310, 179.098, 4.430, 397.283, 97.252, -7.556, 65.152, 1.629, 223.167, 180.553
4.440, 357.743, 102.817, 6.873, -68.285, 1.627, 198.251, 180.125, 4.440, 398.255, 97.183, -6.873, 68.286, 1.627, 223.112, 181.524
4.450, 358.772, 102.878, 6.159, -71.416, 1.625, 198.194, 181.152, 4.450, 399.226, 97.121, -6.159, 71.417, 1.625, 223.058, 182.493
4.460, 359.801, 102.933, 5.414, -74.541, 1.622, 198.140, 182.180, 4.460, 400.197, 97.067, -5.414, 74.543, 1.622, 223.007, 183.463
4.470, 360.831, 102.979, 4.637, -77.658, 1.620, 198.088, 183.208, 4.470, 401.167, 97.021, -4.637, 77.660, 1.620, 222.958, 184.432
4.480, 361.861, 103.017, 3.829, -80.765, 1.618, 198.039, 184.237, 4.480, 402.137, 96.983, -3.830, 80.767, 1.618, 222.912, 185.400
4.490, 362.891, 103.047, 2.991, -83.858, 1.615, 197.992, 185.267, 4.490, 403.107, 96.953, -2.991, 83.861, 1.615, 222.868, 186.369
4.500, 363.922, 103.068, 2.121, -86.937, 1.613, 197.948, 186.296, 4.500, 404.076, 96.932, -2.122, 86.940, 1.613, 222.826, 187.337
4.510, 364.953, 103.081, 1.221, -89.998, 1.610, 197.906, 187.326, 4.510, 405.045, 96.919, -1.222, 90.001, 1.610, 222.787, 188.306
4.520, 365.984, 103.084, 0.291, -93.041, 1.608, 197.867, 188.357, 4.520, 406.014, 96.916, -0.291, 93.044, 1.608, 222.750, 189.274
4.530, 367.015, 103.077, -0.670, -96.063, 1.605, 197.830, 189.387, 4.530, 406.984, 96.923, 0.670, 96.066, 1.605, 222.715, 190.243
4.540, 368.045, 103.060, -1.660, -99.064, 1.603, 197.796, 190.417, 4.540, 407.953, 96.940, 1.660, 99.067, 1.603, 222.683, 191.212
4.550, 369.075, 103.033, -2.681, -102.044, 1.600, 197.764, 191.447, 4.550, 408.923, 96.967, 2.681, 102.047, 1.600, 222.653, 192.181
4.560, 370.105, 102.996, -3.731, -105.002, 1.598, 197.735, 192.476, 4.560, 409.893, 97.004, 3.731, 105.005, 1.598, 222.626, 193.151
4.570, 371.135, 102.948, -4.810, -107.939, 1.596, 197.708, 193.505, 4.570, 410.863, 97.052, 4.810, 107.942, 1.596, 222.601, 194.121
4.580, 372.164, 102.889, -5.919, -110.856, 1.593, 197.684, 194.534, 4.580, 411.834, 97.111, 5.919, 110.859, 1.593, 222.578, 195.092
4.590, 373.192, 102.818, -7.056, -113.755, 1.591, 197.662, 195.562, 4.590, 412.806, 97.182, 7.056, 113.758, 1.591, 222.557, 196.063
4.600, 374.219, 102.736, -8.223, -116.639, 1.589, 197.643, 196.589, 4.600, 413.779, 97.264, 8.223, 116.642, 1.589, 222.539, 197.036
4.610, 375.246, 102.642, -9.418, -119.510, 1.587, 197.625, 197.615, 4.610, 414.752, 97.358, 9.418, 119.513, 1.587, 222.522, 198.009
4.620, 376.271, 102.535, -10.641, -122.373, 1.585, 197.610, 198.640, 4.620, 415.727, 97.465, 10.642, 122.375, 1.585, 222.508, 198.984
4.630, 377.295, 102.417, -11.894, -125.231, 1.583, 197.597, 199.665, 4.630, 416.703, 97.583, 11.894, 125.233, 1.583, 222.495, 199.959
4.640, 378.318, 102.285, -13.175, -128.091, 1.581, 197.586, 200.687, 4.640, 417.680, 97.715, 13.175, 128.092, 1.581, 222.485, 200.937
4.650, 379.340, 102.140, -14.484, -130.957, 1.579, 197.576, 201.709, 4.650, 418.659, 97.860, 14.484, 130.958, 1.579, 222.476, 201.915
4.660, 380.359, 101.982, -15.822, -133.835, 1.577, 197.569, 202.728, 4.660, 419.639, 98.018, 15.823, 133.836, 1.577, 222.468, 202.895
4.670, 381.377, 101.810, -17.190, -136.733, 1.576, 197.563, 203.747, 4.670, 420.621, 98.190, 17.190, 136.733, 1.576, 222.462, 203.877
4.680, 382.394, 101.624, -18.586, -139.656, 1.575, 197.558, 204.763, 4.680, 421.604, 98.376, 18.587, 139.655, 1.575, 222.458, 204.861
4.690, 383.408, 101.424, -20.012, -142.612, 1.574, 197.555, 205.777, 4.690, 422.590, 98.576, 20.013, 142.611, 1.574, 222.455, 205.847
4.700, 384.420, 101.209, -21.469, -145.607, 1.573, 197.552, 206.789, 4.700, 423.578, 98.791, 21.469, 145.605, 1.573, 222.452, 206.835
4.710, 385.430, 100.980, -22.955, -148.648, 1.572, 197.551, 207.799, 4.710, 424.568, 99.020, 22.955, 148.645, 1.572, 222.451, 207.825
4.720, 386.437, 100.735, -24.472, -151.741, 1.571, 197.550, 208.806, 4.720, 425.561, 99.265, 24.473, 151.737, 1.571, 222.450, 208.817
4.730, 387.442, 100.475, -26.021, -154.891, 1.571, 197.550, 209.811, 4.730, 426.556, 99.525, 26.022, 154.885, 1.571, 222.450, 209.813
4.740, 388.444, 100.199, -27.602, -158.101, 1.571, 197.550, 210.813, 4.740, 427.554, 99.801, 27.602, 158.094, 1.571, 222.450, 210.811
4.750, 389.462, 101.766, 156.735, 18433.700, 1.569, 197.550, 211.831, 4.750, 428.536, 98.157, -164.447, -19204.981, 1.569, 222.450, 211.792
4.760, 390.530, 106.872, 510.580, 35384.508, 1.564, 197.555, 212.899, 4.760, 429.464, 92.817, -534.026, -36957.899, 1.564, 222.454, 212.720
4.770, 391.649, 111.887, 501.508, -907.203, 1.554, 197.568, 214.018, 4.770, 430.338, 87.407, -540.983, -695.679, 1.554, 222.464, 213.594
4.780, 392.818, 116.890, 500.346, -116.176, 1.540, 197.596, 215.187, 4.780, 431.156, 81.848, -555.851, -1486.819, 1.540, 222.484, 214.413
4.790, 394.039, 122.049, 515.827, 1548.140, 1.521, 197.645, 216.406, 4.790, 431.916, 75.975, -587.367, -3151.613, 1.521, 222.514, 215.172
4.800, 395.314, 127.521, 547.255, 3142.795, 1.498, 197.722, 217.679, 4.800, 432.612, 69.626, -634.838, -4747.099, 1.498, 222.556, 215.867
4.810, 396.648, 133.465, 594.403, 4714.819, 1.470, 197.838, 219.009, 4.810, 433.239, 62.646, -698.042, -6320.344, 1.470, 222.610, 216.491
4.820, 398.049, 140.034, 656.906, 6250.271, 1.435, 198.003, 220.399, 4.820, 433.788, 54.880, -776.616, -7857.449, 1.435, 222.674, 217.036
4.830, 399.522, 147.368, 733.344, 7643.788, 1.395, 198.231, 221.855, 4.830, 434.250, 46.188, -869.147, -9253.057, 1.395, 222.746, 217.492
4.840, 401.078, 155.566, 819.792, 8644.765, 1.347, 198.539, 223.380, 4.840, 434.614, 36.471, -971.711, -10256.407, 1.347, 222.817, 217.850
4.850, 402.725, 164.711, 914.519, 9472.767, 1.291, 198.949, 224.975, 4.850, 434.872, 25.722, -1074.869, -10315.825, 1.291, 222.881, 218.099
4.860, 404.473, 174.751, 1004.067, 8954.800, 1.226, 199.485, 226.639, 4.860, 435.012, 14.074, -1164.863, -8999.330, 1.226, 222.923, 218.233
4.870, 406.326, 185.323, 1057.162, 5309.453, 1.153, 200.174, 228.359, 4.870, 435.031, 1.894, -1217.986, -5312.356, 1.153, 222.930, 218.251
4.880, 408.283, 195.695, 1037.197, -1996.532, 1.070, 201.041, 230.114, 4.880, 435.132, 10.090, 819.650, 203763.622, 1.070, 222.884, 218.161
4.890, 410.330, 204.735, 904.046, -13315.029, 0.980, 202.103, 231.864, 4.890, 435.340, 20.741, 1065.036, 24538.613, 0.980, 222.776, 217.984
4.900, 412.441, 211.056, 632.056, -27199.065, 0.883, 203.362, 233.557, 4.900, 435.626, 28.669, 792.810, -27222.671, 0.883, 222.605, 217.754
4.910, 414.575, 213.400, 234.431, -39762.504, 0.784, 204.796, 235.138, 4.910, 435.952, 32.616, 394.738, -39807.106, 0.784, 222.385, 217.513
4.920, 416.686, 211.146, -225.437, -45986.785, 0.687, 206.362, 236.554, 4.920, 436.272, 31.959, -65.674, -46041.290, 0.687, 222.149, 217.298
4.930, 418.732, 204.599, -654.674, -42923.714, 0.594, 208.003, 237.776, 4.930, 436.542, 27.006, -495.389, -42971.480, 0.594, 221.932, 217.137
4.940, 420.681, 194.852, -974.761, -32008.631, 0.508, 209.664, 238.795, 4.940, 436.730, 18.848, -815.759, -32037.011, 0.508, 221.772, 217.038
4.950, 422.514, 183.313, -1153.831, -17907.016, 0.431, 211.299, 239.624, 4.950, 436.819, 8.899, -994.892, -17913.290, 0.431, 221.693, 216.997
4.960, 424.226, 171.254, -1205.976, -5214.558, 0.362, 212.879, 240.285, 4.960, 436.835, 1.572, -732.716, 26217.581, 0.362, 221.707, 217.002
4.970, 425.822, 159.565, -1168.809, 3716.701, 0.303, 214.387, 240.805, 4.970, 436.952, 11.667, 1009.536, 174225.249, 0.303, 221.818, 217.040
4.980, 427.310, 148.750, -1081.509, 8730.078, 0.252, 215.818, 241.212, 4.980, 437.161, 20.889, 922.156, -8738.033, 0.252, 222.019, 217.097
4.990, 428.700, 139.012, -973.811, 10769.745, 0.208, 217.172, 241.528, 4.990, 437.451, 29.032, 814.307, -10784.865, 0.208, 222.302, 217.162
5.000, 430.003, 130.370, -864.253, 10955.845, 0.170, 218.453, 241.772, 5.000, 437.812, 36.078, 704.623, -10968.371, 0.170, 222.656, 217.229
5.010, 431.231, 122.744, -762.586, 10166.634, 0.137, 219.666, 241.959, 5.010, 438.233, 42.107, 602.860, -10176.321, 0.137, 223.072, 217.294
5.020, 432.391, 116.015, -672.914, 8967.276, 0.110, 220.817, 242.102, 5.020, 438.705, 47.238, 513.115, -8974.535, 0.110, 223.541, 217.351
5.030, 433.492, 110.053, -596.156, 7675.766, 0.086, 221.912, 242.209, 5.030, 439.221, 51.601, 436.304, -7681.116, 0.086, 224.055, 217.402
5.040, 434.539, 104.737, -531.659, 6449.737, 0.066, 222.957, 242.289, 5.040, 439.774, 55.319, 371.767, -6453.663, 0.066, 224.606, 217.444
5.050, 435.538, 99.955, -478.116, 5354.232, 0.050, 223.954, 242.347, 5.050, 440.360, 58.501, 318.196, -5357.110, 0.050, 225.190, 217.477
5.060, 436.495, 95.615, -434.062, 4405.385, 0.036, 224.910, 242.387, 5.060, 440.972, 61.242, 274.121, -4407.506, 0.036, 225.802, 217.503
5.070, 437.411, 91.634, -398.104, 3595.888, 0.025, 225.826, 242.415, 5.070, 441.608, 63.623, 238.146, -3597.464, 0.025, 226.438, 217.522
5.080, 438.290, 87.944, -369.016, 2908.758, 0.016, 226.705, 242.432, 5.080, 442.265, 65.714, 209.047, -2909.942, 0.016, 227.095, 217.535
5.090, 439.135, 84.486, -345.773, 2324.319, 0.009, 227.550, 242.443, 5.090, 442.941, 67.572, 185.795, -2325.222, 0.009, 227.771, 217.544
5.100, 439.947, 81.211, -327.538, 1823.445, 0.004, 228.362, 242.448, 5.100, 443.633, 69.247, 167.553, -1824.148, 0.004, 228.463, 217.548
5.110, 440.728, 78.074, -313.650, 1388.856, 0.001, 229.143, 242.450, 5.110, 444.341, 70.784, 153.659, -1389.416, 0.001, 229.171, 217.550
5.120, 441.478, 75.038, -303.595, 1005.435, 0.000, 229.893, 242.450, 5.120, 445.064, 72.220, 143.600, -1005.897, 0.000, 229.893, 217.550
5.130, 442.230, 75.160, 12.145, 31574.067, 6.281, 230.645, 242.450, 5.130, 445.768, 70.498, -172.147, -31574.665, 6.281, 230.598, 217.550
5.140, 443.032, 80.227, 506.781, 49463.582, 6.275, 231.447, 242.446, 5.140, 446.407, 63.830, -666.805, -49465.838, 6.275, 231.237, 217.547
5.150, 443.881, 84.894, 466.626, -4015.526, 6.264, 232.296, 242.434, 5.150, 446.982, 57.564, -626.671, 4013.383, 6.264, 231.812, 217.539
5.160, 444.774, 89.237, 434.355, -3227.104, 6.249, 233.188, 242.410, 5.160, 447.499, 51.619, -594.417, 3225.408, 6.249, 232.328, 217.525
5.170, 445.707, 93.377, 413.979, -2037.525, 6.230, 234.121, 242.369, 5.170, 447.957, 45.879, -574.057, 2036.053, 6.230, 232.787, 217.505
5.180, 446.681, 97.390, 401.316, -1266.305, 6.207, 235.092, 242.306, 5.180, 448.360, 40.265, -561.407, 1264.947, 6.207, 233.188, 217.479
5.190, 447.694, 101.317, 392.735, -858.143, 6.180, 236.102, 242.216, 5.190, 448.707, 34.736, -552.838, 856.875, 6.180, 233.534, 217.448
5.200, 448.746, 105.165, 384.784, -795.138, 6.149, 237.146, 242.092, 5.200, 449.000, 29.287, -544.898, 793.993, 6.149, 233.825, 217.414
5.210, 449.835, 108.905, 373.979, -1080.419, 6.115, 238.223, 241.928, 5.210, 449.240, 23.946, -534.104, 1079.491, 6.115, 234.062, 217.378
5.220, 450.960, 112.473, 356.764, -1721.529, 6.078, 239.328, 241.720, 5.220, 449.428, 18.777, -516.894, 1720.960, 6.078, 234.247, 217.344
5.230, 452.118, 115.769, 329.652, -2711.256, 6.037, 240.456, 241.460, 5.230, 449.566, 13.880, -489.782, 2711.229, 6.037, 234.382, 217.313
5.240, 453.304, 118.665, 289.587, -4006.428, 5.993, 241.600, 241.146, 5.240, 449.660, 9.382, -449.710, 4007.137, 5.993, 234.472, 217.288
5.250, 454.514, 121.010, 234.497, -5508.983, 5.946, 242.751, 240.773, 5.250, 449.715, 5.436, -394.604, 5510.578, 5.946, 234.524, 217.271
5.260, 455.741, 122.649, 163.922, -7057.550, 5.898, 243.899, 240.340, 5.260, 449.736, 2.196, -324.003, 7060.128, 5.898, 234.545, 217.264
5.270, 456.975, 123.445, 79.530, -8439.235, 5.848, 245.031, 239.848, 5.270, 449.738, 0.200, -199.681, 12432.247, 5.848, 234.543, 217.265
5.280, 458.208, 123.297, -14.735, -9426.442, 5.798, 246.136, 239.301, 5.280, 449.755, 1.652, 145.260, 34494.046, 5.798, 234.528, 217.272
5.290, 459.430, 122.167, -113.057, -9832.221, 5.748, 247.202, 238.704, 5.290, 449.776, 2.121, 46.912, -9834.733, 5.748, 234.510, 217.282
5.300, 460.631, 120.080, -208.703, -9564.602, 5.699, 248.220, 238.067, 5.300, 449.793, 1.634, -48.770, -9568.209, 5.699, 234.496, 217.291
5.310, 461.802, 117.127, -295.258, -8655.540, 5.652, 249.182, 237.399, 5.310, 449.795, 0.280, -135.347, -8657.771, 5.652, 234.493, 217.292
5.320, 462.936, 113.449, -367.759, -7250.075, 5.607, 250.083, 236.709, 5.320, 449.813, 1.799, 151.860, 28720.725, 5.607, 234.508, 217.281
5.330, 464.029, 109.216, -423.368, -5560.895, 5.565, 250.920, 236.008, 5.330, 449.858, 4.434, 263.494, 11163.428, 5.565, 234.542, 217.253
5.340, 465.075, 104.601, -461.464, -3809.617, 5.526, 251.694, 235.305, 5.340, 449.932, 7.450, 301.592, 3809.769, 5.526, 234.597, 217.203
5.350, 466.072, 99.769, -483.248, -2178.386, 5.491, 252.407, 234.607, 5.350, 450.039, 10.683, 323.370, 2177.782, 5.491, 234.673, 217.128
5.360, 467.021, 94.858, -491.100, -785.148, 5.458, 253.062, 233.920, 5.360, 450.179, 13.995, 331.210, 784.065, 5.458, 234.769, 217.027
5.370, 467.921, 89.978, -487.924, 317.525, 5.429, 253.663, 233.250, 5.370, 450.352, 17.276, 328.022, -318.864, 5.429, 234.885, 216.898
5.380, 468.773, 85.212, -476.639, 1128.560, 5.403, 254.214, 232.600, 5.380, 450.556, 20.443, 316.722, -1129.980, 5.403, 235.017, 216.742
5.390, 469.579, 80.614, -459.845, 1679.378, 5.380, 254.720, 231.973, 5.390, 450.791, 23.442, 299.914, -1680.759, 5.380, 235.164, 216.559
5.400, 470.341, 76.217, -439.678, 2016.702, 5.360, 255.186, 231.370, 5.400, 451.053, 26.239, 279.735, -2017.972, 5.360, 235.324, 216.352
5.410, 471.062, 72.039, -417.776, 2190.225, 5.342, 255.615, 230.791, 5.410, 451.341, 28.818, 257.821, -2191.347, 5.342, 235.496, 216.120
5.420, 471.742, 68.086, -395.322, 2245.362, 5.328, 256.012, 230.238, 5.420, 451.653, 31.171, 235.358, -2246.326, 5.328, 235.678, 215.867
5.430, 472.386, 64.355, -373.122, 2219.981, 5.315, 256.380, 229.710, 5.430, 451.986, 33.303, 213.150, -2220.791, 5.315, 235.868, 215.594
5.440, 472.994, 60.838, -351.685, 2143.691, 5.305, 256.722, 229.207, 5.440, 452.338, 35.220, 191.706, -2144.361, 5.305, 236.066, 215.302
5.450, 473.570, 57.525, -331.300, 2038.512, 5.297, 257.041, 228.729, 5.450, 452.707, 36.933, 171.316, -2039.058, 5.297, 236.271, 214.995
5.460, 474.114, 54.404, -312.099, 1920.123, 5.290, 257.340, 228.274, 5.460, 453.092, 38.454, 152.110, -1920.564, 5.290, 236.482, 214.674
5.470, 474.628, 51.463, -294.107, 1799.216, 5.286, 257.620, 227.842, 5.470, 453.490, 39.795, 134.114, -1799.567, 5.286, 236.699, 214.340
5.480, 475.115, 48.690, -277.280, 1682.721, 5.282, 257.883, 227.432, 5.480, 453.900, 40.968, 117.284, -1682.998, 5.282, 236.920, 213.995
5.490, 475.576, 46.075, -261.531, 1574.822, 5.281, 258.132, 227.044, 5.490, 454.319, 41.983, 101.534, -1575.037, 5.281, 237.146, 213.642
5.500, 476.012, 43.607, -246.754, 1477.741, 5.280, 258.366, 226.677, 5.500, 454.748, 42.851, 86.755, -1477.906, 5.280, 237.377, 213.280
5.510, 476.425, 41.279, -232.831, 1392.329, 5.281, 258.588, 226.329, 5.510, 455.184, 43.579, 72.830, -1392.452, 5.281, 237.612, 212.913
5.520, 476.816, 39.082, -219.646, 1318.495, 5.283, 258.799, 226.000, 5.520, 455.625, 44.176, 59.645, -1318.583, 5.283, 237.850, 212.541
5.530, 477.186, 37.011, -207.091, 1255.513, 5.286, 259.000, 225.689, 5.530, 456.072, 44.646, 47.089, -1255.573, 5.286, 238.092, 212.166
5.540, 477.536, 35.061, -195.068, 1202.237, 5.290, 259.191, 225.395, 5.540, 456.522, 44.997, 35.066, -1202.274, 5.290, 238.337, 211.789
5.550, 477.869, 33.226, -183.496, 1157.259, 5.295, 259.373, 225.117, 5.550, 456.974, 45.232, 23.493, -1157.277, 5.295, 238.585, 211.410
5.560, 478.184, 31.503, -172.306, 1119.017, 5.301, 259.547, 224.854, 5.560, 457.428, 45.355, 12.303, -1119.019, 5.301, 238.836, 211.032
5.570, 478.482, 29.888, -161.447, 1085.883, 5.307, 259.714, 224.606, 5.570, 457.881, 45.370, 1.444, -1085.873, 5.307, 239.089, 210.656
5.580, 478.766, 28.379, -150.884, 1056.228, 5.314, 259.874, 224.372, 5.580, 458.334, 45.278, -9.118, -1056.208, 5.314, 239.344, 210.282
5.590, 479.036, 26.973, -140.600, 1028.477, 5.321, 260.027, 224.150, 5.590, 458.785, 45.084, -19.402, -1028.450, 5.321, 239.600, 209.911
5.600, 479.293, 25.667, -130.588, 1001.156, 5.329, 260.175, 223.940, 5.600, 459.233, 44.790, -29.413, -1001.125, 5.329, 239.858, 209.544
5.610, 479.537, 24.459, -120.859, 972.938, 5.337, 260.317, 223.741, 5.610, 459.677, 44.399, -39.142, -972.903, 5.337, 240.116, 209.183
5.620, 479.771, 23.345, -111.432, 942.675, 5.345, 260.454, 223.552, 5.620, 460.116, 43.913, -48.569, -942.638, 5.345, 240.374, 208.828
5.630, 479.994, 22.321, -102.338, 909.427, 5.354, 260.587, 223.372, 5.630, 460.549, 43.336, -57.663, -909.391, 5.354, 240.632, 208.479
5.640, 480.208, 21.385, -93.613, 872.487, 5.362, 260.715, 223.202, 5.640, 460.976, 42.673, -66.387, -872.452, 5.362, 240.888, 208.139
5.650, 480.413, 20.532, -85.299, 831.391, 5.371, 260.840, 223.039, 5.650, 461.395, 41.926, -74.701, -831.359, 5.371, 241.143, 207.806
5.660, 480.611, 19.758, -77.440, 785.918, 5.379, 260.962, 222.883, 5.660, 461.806, 41.100, -82.560, -785.890, 5.379, 241.396, 207.482
5.670, 480.801, 19.057, -70.079, 736.085, 5.388, 261.080, 222.734, 5.670, 462.208, 40.201, -89.920, -736.061, 5.388, 241.646, 207.167
5.680, 480.985, 18.424, -63.258, 682.126, 5.396, 261.196, 222.590, 5.680, 462.601, 39.233, -96.741, -682.106, 5.396, 241.893, 206.862
5.690, 481.164, 17.854, -57.013, 624.466, 5.404, 261.309, 222.452, 5.690, 462.983, 38.203, -102.986, -624.451, 5.404, 242.135, 206.567
5.700, 481.337, 17.340, -51.376, 563.690, 5.412, 261.421, 222.319, 5.700, 463.354, 37.117, -108.623, -563.678, 5.412, 242.373, 206.282
5.710, 481.506, 16.877, -46.371, 500.499, 5.420, 261.530, 222.191, 5.710, 463.714, 35.981, -113.628, -500.493, 5.420, 242.606, 206.007
5.720, 481.671, 16.457, -42.014, 435.680, 5.427, 261.637, 222.066, 5.720, 464.062, 34.801, -117.984, -435.677, 5.427, 242.833, 205.744
5.730, 481.831, 16.073, -38.314, 370.059, 5.434, 261.743, 221.945, 5.730, 464.398, 33.584, -121.685, -370.061, 5.434, 243.054, 205.491
5.740, 481.989, 15.721, -35.269, 304.474, 5.441, 261.847, 221.827, 5.740, 464.721, 32.337, -124.730, -304.478, 5.441, 243.269, 205.249
5.750, 482.143, 15.392, -32.872, 239.735, 5.447, 261.950, 221.713, 5.750, 465.032, 31.066, -127.127, -239.743, 5.447, 243.476, 205.018
5.760, 482.293, 15.081, -31.106, 176.607, 5.453, 262.052, 221.601, 5.760, 465.329, 29.777, -128.893, -176.616, 5.453, 243.677, 204.797
5.770, 482.441, 14.781, -29.948, 115.786, 5.459, 262.152, 221.492, 5.770, 465.614, 28.476, -130.051, -115.796, 5.459, 243.869, 204.588
5.780, 482.586, 14.488, -29.369, 57.886, 5.464, 262.250, 221.386, 5.780, 465.886, 27.170, -130.630, -57.897, 5.464, 244.054, 204.389
5.790, 482.728, 14.194, -29.334, 3.437, 5.468, 262.347, 221.283, 5.790, 466.145, 25.863, -130.665, -3.448, 5.468, 244.231, 204.200
5.800, 482.867, 13.896, -29.806, -47.125, 5.473, 262.443, 221.182, 5.800, 466.390, 24.561, -130.194, 47.113, 5.473, 244.400, 204.022
5.810, 483.003, 13.589, -30.740, -93.450, 5.477, 262.537, 221.084, 5.810, 466.623, 23.269, -129.259, 93.439, 5.477, 244.561, 203.854
5.820, 483.136, 13.268, -32.093, -135.276, 5.480, 262.629, 220.988, 5.820, 466.843, 21.990, -127.907, 135.266, 5.480, 244.713, 203.695
5.830, 483.265, 12.930, -33.817, -172.417, 5.483, 262.719, 220.895, 5.830, 467.050, 20.728, -126.182, 172.408, 5.483, 244.857, 203.546
5.840, 483.391, 12.571, -35.865, -204.760, 5.486, 262.806, 220.805, 5.840, 467.245, 19.487, -124.135, 204.751, 5.486, 244.993, 203.407
5.850, 483.512, 12.189, -38.187, -232.254, 5.488, 262.892, 220.718, 5.850, 467.428, 18.268, -121.812, 232.247, 5.488, 245.121, 203.276
5.860, 483.630, 11.782, -40.736, -254.906, 5.491, 262.974, 220.634, 5.860, 467.598, 17.076, -119.263, 254.900, 5.491, 245.241, 203.154
5.870, 483.744, 11.347, -43.464, -272.771, 5.492, 263.054, 220.553, 5.870, 467.757, 15.910, -116.536, 272.765, 5.492, 245.353, 203.041
5.880, 483.853, 10.884, -46.323, -285.944, 5.494, 263.131, 220.476, 5.880, 467.905, 14.774, -113.676, 285.940, 5.494, 245.457, 202.936
5.890, 483.957, 10.391, -49.269, -294.561, 5.495, 263.204, 220.402, 5.890, 468.042, 13.666, -110.731, 294.557, 5.495, 245.553, 202.839
5.900, 484.055, 9.869, -52.257, -298.784, 5.496, 263.274, 220.332, 5.900, 468.168, 12.589, -107.743, 298.781, 5.496, 245.642, 202.750
5.910, 484.148, 9.316, -55.245, -298.805, 5.497, 263.339, 220.266, 5.910, 468.283, 11.541, -104.755, 298.803, 5.497, 245.723, 202.668
5.920, 484.236, 8.734, -58.193, -294.837, 5.498, 263.401, 220.205, 5.920, 468.388, 10.523, -101.807, 294.836, 5.498, 245.798, 202.594
5.930, 484.317, 8.124, -61.064, -287.114, 5.499, 263.459, 220.147, 5.930, 468.484, 9.534, -98.936, 287.113, 5.499, 245.865, 202.527
5.940, 484.392, 7.486, -63.823, -275.883, 5.499, 263.512, 220.094, 5.940, 468.569, 8.572, -96.177, 275.882, 5.499, 245.926, 202.466
5.950, 484.460, 6.821, -66.437, -261.407, 5.499, 263.560, 220.046, 5.950, 468.646, 7.637, -93.563, 261.406, 5.499, 245.980, 202.412
5.960, 484.521, 6.132, -68.877, -243.959, 5.500, 263.603, 220.003, 5.960, 468.713, 6.725, -91.123, 243.959, 5.500, 246.028, 202.365
5.970, 484.576, 5.421, -71.115, -223.820, 5.500, 263.642, 219.965, 5.970, 468.771, 5.837, -88.885, 223.820, 5.500, 246.069, 202.323
5.980, 484.622, 4.690, -73.128, -201.278, 5.500, 263.675, 219.931, 5.980, 468.821, 4.968, -86.872, 201.278, 5.500, 246.104, 202.288
5.990, 484.662, 3.941, -74.894, -176.627, 5.500, 263.703, 219.904, 5.990, 468.862, 4.117, -85.106, 176.627, 5.500, 246.133, 202.259
6.000, 484.694, 3.215, -72.592, 230.206, 5.500, 263.726, 219.881, 6.000, 468.895, 3.320, -79.697, 540.880, 5.500, 246.157, 202.236
6.010, 484.720, 2.555, -65.986, 660.638, 5.500, 263.744, 219.863, 6.010, 468.922, 2.614, -70.593, 910.448, 5.500, 246.175, 202.217
6.020, 484.739, 1.967, -58.878, 710.786, 5.500, 263.758, 219.849, 6.020, 468.942, 1.997, -61.700, 889.214, 5.500, 246.190, 202.203
6.030, 484.754, 1.452, -51.483, 739.447, 5.500, 263.768, 219.839, 6.030, 468.956, 1.466, -53.095, 860.553, 5.500, 246.200, 202.193
6.040, 484.764, 1.013, -43.870, 761.350, 5.500, 263.775, 219.832, 6.040, 468.966, 1.019, -44.708, 838.650, 5.500, 246.207, 202.186
6.050, 484.770, 0.652, -36.097, 777.273, 5.500, 263.780, 219.827, 6.050, 468.973, 0.654, -36.481, 822.727, 5.500, 246.212, 202.181
6.060, 484.774, 0.370, -28.216, 788.093, 5.500, 263.782, 219.824, 6.060, 468.977, 0.370, -28.362, 811.907, 5.500, 246.215, 202.179
6.070, 484.776, 0.167, -20.269, 794.763, 5.500, 263.784, 219.823, 6.070, 468.978, 0.167, -20.310, 805.237, 5.500, 246.216, 202.177
6.080, 484.776, 0.044, -12.286, 798.284, 5.500, 263.784, 219.823, 6.080, 468.979, 0.044, -12.293, 801.716, 5.500, 246.216, 202.177
6.090, 484.776, 0.001, -4.289, 799.681, 5.500, 263.784, 219.823, 6.090, 468.979, 0.001, -4.289, 800.319, 5.500, 246.216, 202.177
6.100, 484.776, 0.000, -0.145, 414.440, 5.500, 263.784, 219.823, 6.100, 468.979, 0.000, -0.145, 414.474, 5.500, 246.216, 202.177
