0.000, 0.000, 0.100, 9.950, 995.025, 4.721, 12.450, 0.107, 0.000, 0.000, 0.100, 9.950, 995.025, 4.721, -12.450, -0.108
0.010, 0.002, 0.199, 9.950, 0.021, 4.721, 12.450, 0.105, 0.010, 0.002, 0.199, 9.950, -0.021, 4.721, -12.450, -0.110
0.020, 0.007, 0.448, 24.877, 1492.646, 4.721, 12.450, 0.100, 0.020, 0.007, 0.448, 24.874, 1492.429, 4.721, -12.449, -0.114
0.030, 0.015, 0.796, 34.831, 995.366, 4.721, 12.450, 0.092, 0.030, 0.015, 0.796, 34.821, 994.684, 4.721, -12.449, -0.122
0.040, 0.027, 1.244, 44.789, 995.807, 4.721, 12.450, 0.080, 0.040, 0.027, 1.244, 44.764, 994.242, 4.721, -12.449, -0.135
0.050, 0.045, 1.792, 54.754, 996.527, 4.721, 12.450, 0.062, 0.050, 0.045, 1.791, 54.699, 993.522, 4.721, -12.449, -0.152
0.060, 0.069, 2.389, 59.752, 499.833, 4.721, 12.450, 0.038, 0.060, 0.069, 2.387, 59.651, 495.192, 4.721, -12.449, -0.176
0.070, 0.099, 2.987, 59.782, 3.000, 4.721, 12.450, 0.008, 0.070, 0.099, 2.983, 59.621, -3.000, 4.721, -12.449, -0.206
0.080, 0.135, 3.585, 59.819, 3.717, 4.721, 12.451, -0.028, 0.080, 0.135, 3.579, 59.584, -3.717, 4.721, -12.448, -0.242
0.090, 0.177, 4.184, 59.864, 4.410, 4.721, 12.451, -0.070, 0.090, 0.177, 4.175, 59.539, -4.410, 4.721, -12.448, -0.284
0.100, 0.225, 4.783, 59.914, 5.077, 4.721, 12.451, -0.117, 0.100, 0.224, 4.769, 59.489, -5.077, 4.721, -12.448, -0.331
0.110, 0.278, 5.383, 59.971, 5.712, 4.721, 12.452, -0.171, 0.110, 0.278, 5.364, 59.432, -5.712, 4.721, -12.447, -0.385
0.120, 0.338, 5.983, 60.035, 6.313, 4.721, 12.452, -0.231, 0.120, 0.337, 5.957, 59.368, -6.313, 4.721, -12.447, -0.445
0.130, 0.404, 6.584, 60.103, 6.873, 4.721, 12.453, -0.297, 0.130, 0.403, 6.550, 59.300, -6.873, 4.721, -12.446, -0.510
0.140, 0.476, 7.186, 60.177, 7.391, 4.721, 12.454, -0.369, 0.140, 0.474, 7.143, 59.226, -7.391, 4.721, -12.445, -0.582
0.150, 0.554, 7.788, 60.256, 7.861, 4.721, 12.454, -0.447, 0.150, 0.552, 7.734, 59.147, -7.861, 4.721, -12.445, -0.659
0.160, 0.638, 8.392, 60.339, 8.280, 4.721, 12.455, -0.530, 0.160, 0.635, 8.325, 59.064, -8.280, 4.721, -12.444, -0.742
0.170, 0.728, 8.996, 60.425, 8.644, 4.721, 12.456, -0.620, 0.170, 0.724, 8.915, 58.978, -8.644, 4.721, -12.443, -0.831
0.180, 0.824, 9.601, 60.515, 8.951, 4.721, 12.457, -0.716, 0.180, 0.819, 9.503, 58.888, -8.951, 4.721, -12.443, -0.926
0.190, 0.926, 10.207, 60.606, 9.196, 4.721, 12.457, -0.819, 0.190, 0.920, 10.091, 58.796, -9.196, 4.721, -12.442, -1.027
0.200, 1.034, 10.814, 60.700, 9.377, 4.721, 12.458, -0.927, 0.200, 1.027, 10.678, 58.703, -9.377, 4.721, -12.441, -1.134
0.210, 1.148, 11.422, 60.795, 9.491, 4.721, 12.459, -1.041, 0.210, 1.139, 11.265, 58.608, -9.491, 4.721, -12.440, -1.247
0.220, 1.268, 12.031, 60.891, 9.535, 4.721, 12.460, -1.161, 0.220, 1.258, 11.850, 58.512, -9.535, 4.721, -12.439, -1.365
0.230, 1.395, 12.641, 60.986, 9.508, 4.720, 12.461, -1.288, 0.230, 1.382, 12.434, 58.417, -9.508, 4.720, -12.438, -1.489
0.240, 1.527, 13.252, 61.080, 9.406, 4.720, 12.462, -1.420, 0.240, 1.512, 13.017, 58.323, -9.406, 4.720, -12.437, -1.620
0.250, 1.666, 13.863, 61.172, 9.228, 4.720, 12.463, -1.559, 0.250, 1.648, 13.599, 58.231, -9.228, 4.720, -12.436, -1.756
0.260, 1.811, 14.476, 61.262, 8.972, 4.720, 12.465, -1.703, 0.260, 1.790, 14.181, 58.141, -8.972, 4.720, -12.435, -1.897
0.270, 1.962, 15.089, 61.348, 8.638, 4.720, 12.466, -1.854, 0.270, 1.938, 14.761, 58.055, -8.638, 4.720, -12.433, -2.045
0.280, 2.119, 15.704, 61.430, 8.223, 4.720, 12.467, -2.011, 0.280, 2.091, 15.341, 57.973, -8.223, 4.720, -12.432, -2.198
0.290, 2.282, 16.319, 61.508, 7.728, 4.720, 12.468, -2.175, 0.290, 2.250, 15.920, 57.895, -7.728, 4.720, -12.431, -2.358
0.300, 2.451, 16.935, 61.579, 7.151, 4.720, 12.469, -2.344, 0.300, 2.415, 16.498, 57.824, -7.151, 4.720, -12.430, -2.523
0.310, 2.627, 17.551, 61.644, 6.493, 4.719, 12.471, -2.519, 0.310, 2.586, 17.076, 57.759, -6.493, 4.719, -12.429, -2.693
0.320, 2.808, 18.168, 61.702, 5.754, 4.719, 12.472, -2.701, 0.320, 2.763, 17.653, 57.701, -5.754, 4.719, -12.428, -2.870
0.330, 2.996, 18.786, 61.751, 4.934, 4.719, 12.473, -2.889, 0.330, 2.945, 18.229, 57.652, -4.934, 4.719, -12.426, -3.052
0.340, 3.190, 19.403, 61.791, 4.035, 4.719, 12.474, -3.083, 0.340, 3.133, 18.805, 57.612, -4.035, 4.719, -12.425, -3.240
0.350, 3.390, 20.022, 61.822, 3.057, 4.718, 12.476, -3.283, 0.350, 3.327, 19.381, 57.581, -3.057, 4.718, -12.424, -3.434
0.360, 3.597, 20.640, 61.842, 2.003, 4.718, 12.477, -3.490, 0.360, 3.526, 19.957, 57.561, -2.003, 4.718, -12.423, -3.634
0.370, 3.809, 21.259, 61.851, 0.875, 4.718, 12.478, -3.702, 0.370, 3.732, 20.532, 57.552, -0.875, 4.718, -12.422, -3.839
0.380, 4.028, 21.877, 61.847, -0.325, 4.718, 12.479, -3.921, 0.380, 3.943, 21.108, 57.556, 0.325, 4.718, -12.420, -4.050
0.390, 4.253, 22.495, 61.831, -1.594, 4.717, 12.480, -4.146, 0.390, 4.160, 21.684, 57.572, 1.594, 4.717, -12.419, -4.267
0.400, 4.484, 23.113, 61.802, -2.928, 4.717, 12.481, -4.377, 0.400, 4.382, 22.260, 57.601, 2.928, 4.717, -12.418, -4.489
0.410, 4.722, 23.731, 61.759, -4.323, 4.717, 12.482, -4.614, 0.410, 4.611, 22.836, 57.644, 4.323, 4.717, -12.417, -4.718
0.420, 4.965, 24.348, 61.701, -5.776, 4.716, 12.483, -4.858, 0.420, 4.845, 23.413, 57.702, 5.776, 4.716, -12.416, -4.952
0.430, 5.215, 24.964, 61.628, -7.280, 4.716, 12.484, -5.107, 0.430, 5.085, 23.991, 57.775, 7.280, 4.716, -12.416, -5.192
0.440, 5.471, 25.580, 61.540, -8.832, 4.715, 12.485, -5.363, 0.440, 5.330, 24.570, 57.863, 8.832, 4.715, -12.415, -5.438
0.450, 5.733, 26.194, 61.436, -10.424, 4.715, 12.486, -5.625, 0.450, 5.582, 25.149, 57.967, 10.424, 4.715, -12.414, -5.689
0.460, 6.001, 26.807, 61.315, -12.051, 4.715, 12.487, -5.893, 0.460, 5.839, 25.730, 58.088, 12.051, 4.715, -12.413, -5.946
0.470, 6.275, 27.419, 61.178, -13.705, 4.714, 12.487, -6.167, 0.470, 6.102, 26.312, 58.225, 13.705, 4.714, -12.413, -6.209
0.480, 6.555, 28.029, 61.024, -15.380, 4.714, 12.487, -6.448, 0.480, 6.371, 26.896, 58.379, 15.380, 4.714, -12.413, -6.478
0.490, 6.841, 28.638, 60.854, -17.066, 4.713, 12.488, -6.734, 0.490, 6.646, 27.482, 58.549, 17.066, 4.713, -12.412, -6.753
0.500, 7.134, 29.244, 60.666, -18.756, 4.713, 12.488, -7.027, 0.500, 6.927, 28.069, 58.737, 18.756, 4.713, -12.412, -7.034
0.510, 7.432, 29.849, 60.462, -20.440, 4.712, 12.488, -7.325, 0.510, 7.213, 28.658, 58.941, 20.440, 4.712, -12.412, -7.320
0.520, 7.737, 30.451, 60.241, -22.108, 4.712, 12.488, -7.630, 0.520, 7.506, 29.250, 59.162, 22.108, 4.712, -12.412, -7.613
0.530, 8.047, 31.051, 60.003, -23.750, 4.711, 12.487, -7.940, 0.530, 7.804, 29.844, 59.400, 23.750, 4.711, -12.412, -7.911
0.540, 8.364, 31.649, 59.750, -25.355, 4.711, 12.487, -8.257, 0.540, 8.109, 30.441, 59.653, 25.355, 4.711, -12.413, -8.216
0.550, 8.686, 32.244, 59.481, -26.911, 4.710, 12.486, -8.579, 0.550, 8.419, 31.040, 59.922, 26.911, 4.710, -12.414, -8.526
0.560, 9.015, 32.836, 59.196, -28.406, 4.710, 12.486, -8.907, 0.560, 8.736, 31.642, 60.207, 28.406, 4.710, -12.414, -8.843
0.570, 9.349, 33.425, 58.898, -29.827, 4.709, 12.485, -9.242, 0.570, 9.058, 32.247, 60.505, 29.827, 4.709, -12.415, -9.165
0.580, 9.689, 34.011, 58.587, -31.160, 4.709, 12.484, -9.582, 0.580, 9.387, 32.855, 60.816, 31.160, 4.709, -12.416, -9.494
0.590, 10.035, 34.593, 58.263, -32.391, 4.708, 12.482, -9.928, 0.590, 9.721, 33.466, 61.140, 32.391, 4.708, -12.418, -9.828
0.600, 10.387, 35.173, 57.928, -33.505, 4.708, 12.481, -10.279, 0.600, 10.062, 34.081, 61.475, 33.505, 4.708, -12.419, -10.169
0.610, 10.744, 35.748, 57.583, -34.487, 4.708, 12.479, -10.637, 0.610, 10.409, 34.699, 61.820, 34.487, 4.708, -12.421, -10.516
0.620, 11.107, 36.321, 57.230, -35.319, 4.707, 12.477, -11.000, 0.620, 10.762, 35.321, 62.173, 35.319, 4.707, -12.422, -10.869
0.630, 11.476, 36.889, 56.870, -35.985, 4.707, 12.475, -11.369, 0.630, 11.122, 35.946, 62.533, 35.985, 4.707, -12.424, -11.229
0.640, 11.851, 37.454, 56.505, -36.466, 4.706, 12.473, -11.743, 0.640, 11.487, 36.575, 62.898, 36.466, 4.706, -12.426, -11.595
0.650, 12.231, 38.016, 56.138, -36.745, 4.706, 12.471, -12.124, 0.650, 11.860, 37.208, 63.265, 36.745, 4.706, -12.429, -11.967
0.660, 12.617, 38.573, 55.770, -36.802, 4.706, 12.468, -12.509, 0.660, 12.238, 37.844, 63.633, 36.802, 4.706, -12.431, -12.345
0.670, 13.008, 39.127, 55.403, -36.617, 4.706, 12.466, -12.901, 0.670, 12.623, 38.484, 64.000, 36.617, 4.706, -12.434, -12.730
0.680, 13.405, 39.678, 55.042, -36.168, 4.705, 12.463, -13.297, 0.680, 13.014, 39.128, 64.361, 36.168, 4.705, -12.436, -13.121
0.690, 13.807, 40.225, 54.687, -35.434, 4.705, 12.460, -13.700, 0.690, 13.412, 39.775, 64.716, 35.434, 4.705, -12.439, -13.519
0.700, 14.215, 40.768, 54.343, -34.393, 4.705, 12.457, -14.107, 0.700, 13.816, 40.426, 65.060, 34.393, 4.705, -12.442, -13.923
0.710, 14.628, 41.308, 54.013, -33.020, 4.705, 12.454, -14.520, 0.710, 14.227, 41.080, 65.390, 33.020, 4.705, -12.445, -14.334
0.720, 15.046, 41.845, 53.700, -31.291, 4.705, 12.451, -14.939, 0.720, 14.644, 41.737, 65.703, 31.291, 4.705, -12.448, -14.751
0.730, 15.470, 42.379, 53.409, -29.181, 4.705, 12.448, -15.363, 0.730, 15.068, 42.397, 65.994, 29.181, 4.705, -12.452, -15.175
0.740, 15.899, 42.911, 53.142, -26.665, 4.705, 12.444, -15.792, 0.740, 15.499, 43.059, 66.261, 26.665, 4.705, -12.455, -15.606
0.750, 16.334, 43.440, 52.905, -23.714, 4.705, 12.441, -16.226, 0.750, 15.936, 43.724, 66.498, 23.713, 4.705, -12.458, -16.043
0.760, 16.773, 43.967, 52.702, -20.300, 4.705, 12.438, -16.666, 0.760, 16.380, 44.391, 66.701, 20.300, 4.705, -12.461, -16.487
0.770, 17.218, 44.492, 52.538, -16.395, 4.705, 12.435, -17.111, 0.770, 16.831, 45.060, 66.865, 16.395, 4.705, -12.465, -16.938
0.780, 17.668, 45.016, 52.418, -11.969, 4.706, 12.432, -17.561, 0.780, 17.288, 45.730, 66.985, 11.969, 4.706, -12.468, -17.395
0.790, 18.124, 45.540, 52.348, -6.990, 4.706, 12.429, -18.016, 0.790, 17.752, 46.400, 67.055, 6.990, 4.706, -12.471, -17.859
0.800, 18.584, 46.063, 52.334, -1.427, 4.706, 12.426, -18.477, 0.800, 18.223, 47.071, 67.069, 1.427, 4.706, -12.474, -18.330
0.810, 19.050, 46.587, 52.381, 4.753, 4.707, 12.423, -18.943, 0.810, 18.700, 47.741, 67.022, -4.753, 4.707, -12.476, -18.807
0.820, 19.521, 47.112, 52.497, 11.584, 4.707, 12.421, -19.414, 0.820, 19.184, 48.410, 66.906, -11.585, 4.707, -12.479, -19.291
0.830, 19.998, 47.639, 52.688, 19.102, 4.708, 12.419, -19.890, 0.830, 19.675, 49.077, 66.715, -19.102, 4.708, -12.481, -19.782
0.840, 20.479, 48.169, 52.962, 27.340, 4.709, 12.417, -20.372, 0.840, 20.172, 49.742, 66.441, -27.341, 4.709, -12.483, -20.279
0.850, 20.966, 48.702, 53.325, 36.337, 4.709, 12.415, -20.859, 0.850, 20.676, 50.403, 66.078, -36.338, 4.709, -12.485, -20.783
0.860, 21.459, 49.240, 53.786, 46.130, 4.710, 12.414, -21.351, 0.860, 21.187, 51.059, 65.617, -46.130, 4.710, -12.486, -21.294
0.870, 21.957, 49.783, 54.354, 56.757, 4.711, 12.413, -21.849, 0.870, 21.704, 51.709, 65.049, -56.757, 4.711, -12.487, -21.811
0.880, 22.460, 50.334, 55.037, 68.257, 4.712, 12.412, -22.352, 0.880, 22.228, 52.353, 64.366, -68.257, 4.712, -12.488, -22.334
0.890, 22.969, 50.892, 55.843, 80.671, 4.713, 12.412, -22.861, 0.890, 22.757, 52.989, 63.560, -80.670, 4.713, -12.488, -22.864
0.900, 23.484, 51.460, 56.784, 94.039, 4.713, 12.412, -23.376, 0.900, 23.294, 53.615, 62.619, -94.039, 4.713, -12.488, -23.400
0.910, 24.004, 52.039, 57.868, 108.404, 4.714, 12.413, -23.896, 0.910, 23.836, 54.230, 61.535, -108.404, 4.714, -12.487, -23.943
0.920, 24.530, 52.630, 59.106, 123.809, 4.715, 12.414, -24.423, 0.920, 24.384, 54.833, 60.297, -123.809, 4.715, -12.486, -24.491
0.930, 25.063, 53.235, 60.509, 140.299, 4.716, 12.416, -24.955, 0.930, 24.938, 55.422, 58.894, -140.298, 4.716, -12.484, -25.045
0.940, 25.601, 53.856, 62.088, 157.919, 4.717, 12.418, -25.494, 0.940, 25.498, 55.995, 57.315, -157.918, 4.717, -12.482, -25.605
0.950, 26.146, 54.494, 63.855, 176.715, 4.718, 12.421, -26.038, 0.950, 26.064, 56.551, 55.548, -176.714, 4.718, -12.479, -26.171
0.960, 26.698, 55.152, 65.822, 196.737, 4.718, 12.424, -26.590, 0.960, 26.635, 57.086, 53.581, -196.736, 4.718, -12.475, -26.742
0.970, 27.256, 55.832, 68.003, 218.036, 4.719, 12.428, -27.148, 0.970, 27.211, 57.600, 51.400, -218.035, 4.719, -12.472, -27.318
0.980, 27.821, 56.536, 70.409, 240.664, 4.720, 12.432, -27.714, 0.980, 27.792, 58.090, 48.994, -240.663, 4.720, -12.468, -27.898
0.990, 28.394, 57.267, 73.056, 264.675, 4.720, 12.436, -28.286, 0.990, 28.377, 58.554, 46.347, -264.675, 4.720, -12.463, -28.484
1.000, 28.974, 58.027, 75.957, 290.128, 4.721, 12.441, -28.867, 1.000, 28.967, 58.988, 43.446, -290.128, 4.721, -12.458, -29.074
1.010, 29.562, 58.818, 79.128, 317.080, 4.721, 12.446, -29.455, 1.010, 29.561, 59.391, 40.275, -317.081, 4.721, -12.453, -29.668
1.020, 30.159, 59.632, 81.363, 223.488, 4.721, 12.451, -30.051, 1.020, 30.159, 59.771, 38.040, -223.490, 4.721, -12.448, -30.265
1.030, 30.761, 60.229, 59.702, -2166.104, 4.721, 12.456, -30.653, 1.030, 30.762, 60.368, 59.701, 2166.101, 4.721, -12.443, -30.869
1.040, 31.368, 60.732, 50.391, -931.109, 4.721, 12.461, -31.261, 1.040, 31.373, 61.059, 69.012, 931.108, 4.721, -12.438, -31.480
1.050, 31.981, 61.234, 50.200, -19.087, 4.721, 12.467, -31.873, 1.050, 31.991, 61.751, 69.203, 19.087, 4.721, -12.432, -32.097
1.060, 32.598, 61.734, 50.004, -19.661, 4.722, 12.472, -32.490, 1.060, 32.615, 62.445, 69.399, 19.660, 4.722, -12.426, -32.722
1.070, 33.220, 62.233, 49.801, -20.275, 4.722, 12.478, -33.112, 1.070, 33.246, 63.141, 69.602, 20.275, 4.722, -12.420, -33.353
1.080, 33.848, 62.728, 49.592, -20.932, 4.722, 12.485, -33.740, 1.080, 33.885, 63.839, 69.811, 20.931, 4.722, -12.414, -33.991
1.090, 34.480, 63.222, 49.375, -21.632, 4.723, 12.491, -34.372, 1.090, 34.530, 64.539, 70.028, 21.631, 4.723, -12.407, -34.637
1.100, 35.117, 63.714, 49.151, -22.378, 4.724, 12.498, -35.009, 1.100, 35.183, 65.242, 70.252, 22.378, 4.724, -12.400, -35.289
1.110, 35.759, 64.203, 48.920, -23.172, 4.724, 12.506, -35.651, 1.110, 35.842, 65.946, 70.483, 23.170, 4.724, -12.393, -35.948
1.120, 36.406, 64.690, 48.680, -24.013, 4.725, 12.514, -36.298, 1.120, 36.509, 66.654, 70.723, 24.014, 4.725, -12.384, -36.615
1.130, 37.058, 65.174, 48.430, -24.909, 4.726, 12.522, -36.950, 1.130, 37.182, 67.363, 70.972, 24.908, 4.726, -12.376, -37.289
1.140, 37.714, 65.656, 48.172, -25.859, 4.727, 12.531, -37.606, 1.140, 37.863, 68.076, 71.231, 25.854, 4.727, -12.366, -37.969
1.150, 38.376, 66.135, 47.903, -26.861, 4.728, 12.541, -38.267, 1.150, 38.551, 68.791, 71.500, 26.863, 4.728, -12.356, -38.657
1.160, 39.042, 66.611, 47.624, -27.926, 4.729, 12.552, -38.933, 1.160, 39.246, 69.508, 71.779, 27.925, 4.729, -12.344, -39.352
1.170, 39.712, 67.084, 47.333, -29.053, 4.730, 12.564, -39.604, 1.170, 39.948, 70.229, 72.069, 29.048, 4.730, -12.332, -40.054
1.180, 40.388, 67.555, 47.031, -30.242, 4.732, 12.577, -40.279, 1.180, 40.658, 70.953, 72.372, 30.240, 4.732, -12.319, -40.764
1.190, 41.068, 68.022, 46.716, -31.498, 4.733, 12.590, -40.960, 1.190, 41.375, 71.680, 72.687, 31.499, 4.733, -12.304, -41.480
1.200, 41.753, 68.486, 46.388, -32.828, 4.735, 12.605, -41.644, 1.200, 42.099, 72.410, 73.015, 32.827, 4.735, -12.289, -42.204
1.210, 42.443, 68.946, 46.045, -34.234, 4.737, 12.621, -42.334, 1.210, 42.830, 73.143, 73.357, 34.226, 4.737, -12.272, -42.935
1.220, 43.137, 69.403, 45.688, -35.710, 4.738, 12.639, -43.027, 1.220, 43.569, 73.881, 73.714, 35.712, 4.738, -12.253, -43.674
1.230, 43.835, 69.856, 45.316, -37.275, 4.740, 12.657, -43.726, 1.230, 44.315, 74.621, 74.087, 37.273, 4.740, -12.233, -44.420
1.240, 44.538, 70.305, 44.926, -38.926, 4.742, 12.678, -44.428, 1.240, 45.069, 75.366, 74.476, 38.920, 4.742, -12.211, -45.173
1.250, 45.246, 70.751, 44.520, -40.665, 4.744, 12.700, -45.136, 1.250, 45.830, 76.115, 74.883, 40.660, 4.744, -12.188, -45.934
1.260, 45.958, 71.192, 44.095, -42.494, 4.747, 12.723, -45.847, 1.260, 46.599, 76.868, 75.308, 42.499, 4.747, -12.162, -46.702
1.270, 46.674, 71.628, 43.650, -44.437, 4.749, 12.749, -46.563, 1.270, 47.375, 77.626, 75.752, 44.424, 4.749, -12.134, -47.478
1.280, 47.394, 72.060, 43.186, -46.466, 4.752, 12.776, -47.283, 1.280, 48.159, 78.388, 76.217, 46.471, 4.752, -12.105, -48.261
1.290, 48.119, 72.487, 42.700, -48.623, 4.754, 12.806, -48.007, 1.290, 48.950, 79.155, 76.703, 48.611, 4.754, -12.073, -49.052
1.300, 48.848, 72.909, 42.191, -50.881, 4.757, 12.837, -48.736, 1.300, 49.750, 79.927, 77.212, 50.880, 4.757, -12.038, -49.851
1.310, 49.582, 73.325, 41.658, -53.266, 4.760, 12.871, -49.468, 1.310, 50.557, 80.704, 77.744, 53.263, 4.760, -12.001, -50.657
1.320, 50.319, 73.736, 41.100, -55.781, 4.763, 12.907, -50.205, 1.320, 51.371, 81.487, 78.302, 55.769, 4.763, -11.960, -51.471
1.330, 51.060, 74.142, 40.516, -58.419, 4.767, 12.946, -50.945, 1.330, 52.194, 82.276, 78.886, 58.420, 4.767, -11.917, -52.293
1.340, 51.805, 74.494, 35.203, -531.255, 4.770, 12.988, -51.689, 1.340, 53.024, 83.019, 74.249, -463.774, 4.770, -11.871, -53.121
1.350, 52.553, 74.746, 25.216, -998.789, 4.774, 13.032, -52.435, 1.350, 53.861, 83.662, 64.336, -991.268, 4.774, -11.821, -53.957
1.360, 53.302, 74.899, 15.288, -992.807, 4.777, 13.079, -53.182, 1.360, 54.703, 84.206, 54.363, -997.246, 4.777, -11.768, -54.797
1.370, 54.051, 74.953, 5.423, -986.473, 4.781, 13.129, -53.930, 1.370, 55.550, 84.649, 44.328, -1003.578, 4.781, -11.712, -55.642
1.380, 54.800, 74.909, -4.375, -979.768, 4.785, 13.182, -54.678, 1.380, 56.400, 84.991, 34.225, -1010.284, 4.785, -11.652, -56.489
1.390, 55.548, 74.768, -14.102, -972.669, 4.789, 13.238, -55.423, 1.390, 57.252, 85.232, 24.051, -1017.378, 4.789, -11.588, -57.339
1.400, 56.294, 74.577, -19.121, -501.984, 4.794, 13.297, -56.167, 1.400, 58.106, 85.423, 19.121, -493.050, 4.794, -11.520, -58.191
1.410, 57.038, 74.382, -19.491, -36.977, 4.798, 13.360, -56.908, 1.410, 58.962, 85.618, 19.490, 36.979, 4.798, -11.449, -59.044
1.420, 57.780, 74.183, -19.878, -38.714, 4.803, 13.425, -57.647, 1.420, 59.820, 85.817, 19.877, 38.704, 4.803, -11.373, -59.899
1.430, 58.519, 73.980, -20.283, -40.454, 4.808, 13.494, -58.383, 1.430, 60.681, 86.019, 20.282, 40.451, 4.808, -11.293, -60.755
1.440, 59.257, 73.773, -20.705, -42.208, 4.813, 13.566, -59.118, 1.440, 61.543, 86.227, 20.704, 42.203, 4.813, -11.209, -61.613
1.450, 59.993, 73.562, -21.145, -43.969, 4.818, 13.641, -59.849, 1.450, 62.407, 86.438, 21.143, 43.962, 4.818, -11.120, -62.473
1.460, 60.726, 73.346, -21.602, -45.731, 4.823, 13.721, -60.578, 1.460, 63.274, 86.654, 21.601, 45.730, 4.823, -11.026, -63.335
1.470, 61.457, 73.125, -22.077, -47.501, 4.829, 13.803, -61.305, 1.470, 64.143, 86.875, 22.076, 47.487, 4.829, -10.928, -64.198
1.480, 62.186, 72.899, -22.570, -49.258, 4.835, 13.890, -62.029, 1.480, 65.014, 87.100, 22.568, 49.248, 4.835, -10.824, -65.063
1.490, 62.913, 72.669, -23.080, -51.003, 4.840, 13.981, -62.750, 1.490, 65.887, 87.331, 23.078, 51.001, 4.840, -10.715, -65.929
1.500, 63.637, 72.433, -23.607, -52.736, 4.847, 14.076, -63.468, 1.500, 66.763, 87.567, 23.605, 52.729, 4.847, -10.601, -66.797
1.510, 64.359, 72.191, -24.151, -54.442, 4.853, 14.174, -64.183, 1.510, 67.641, 87.809, 24.150, 54.434, 4.853, -10.481, -67.667
1.520, 65.079, 71.944, -24.712, -56.115, 4.859, 14.277, -64.895, 1.520, 68.521, 88.056, 24.711, 56.100, 4.859, -10.355, -68.539
1.530, 65.796, 71.691, -25.290, -57.739, 4.866, 14.384, -65.604, 1.530, 69.404, 88.309, 25.288, 57.727, 4.866, -10.223, -69.412
1.540, 66.510, 71.432, -25.883, -59.301, 4.873, 14.496, -66.309, 1.540, 70.290, 88.568, 25.881, 59.302, 4.873, -10.084, -70.287
1.550, 67.222, 71.167, -26.491, -60.803, 4.880, 14.612, -67.012, 1.550, 71.178, 88.832, 26.489, 60.792, 4.880, -9.939, -71.163
1.560, 67.931, 70.896, -27.113, -62.218, 4.887, 14.733, -67.710, 1.560, 72.069, 89.104, 27.111, 62.196, 4.887, -9.787, -72.041
1.570, 68.637, 70.619, -27.748, -63.516, 4.895, 14.858, -68.405, 1.570, 72.963, 89.381, 27.746, 63.514, 4.895, -9.629, -72.921
1.580, 69.340, 70.335, -28.395, -64.704, 4.903, 14.989, -69.096, 1.580, 73.860, 89.665, 28.393, 64.691, 4.903, -9.463, -73.802
1.590, 70.041, 70.044, -29.053, -65.746, 4.911, 15.124, -69.784, 1.590, 74.759, 89.955, 29.050, 65.727, 4.911, -9.289, -74.684
1.600, 70.738, 69.747, -29.719, -66.609, 4.919, 15.264, -70.467, 1.600, 75.662, 90.253, 29.716, 66.607, 4.919, -9.108, -75.569
1.610, 71.433, 69.443, -30.392, -67.296, 4.927, 15.409, -71.146, 1.610, 76.567, 90.556, 30.389, 67.268, 4.927, -8.919, -76.454
1.620, 72.124, 69.132, -31.069, -67.735, 4.936, 15.559, -71.821, 1.620, 77.476, 90.867, 31.066, 67.736, 4.936, -8.721, -77.341
1.630, 72.812, 68.815, -31.749, -67.944, 4.945, 15.715, -72.491, 1.630, 78.388, 91.185, 31.746, 67.917, 4.945, -8.515, -78.229
1.640, 73.497, 68.491, -32.427, -67.844, 4.954, 15.876, -73.157, 1.640, 79.303, 91.509, 32.424, 67.832, 4.954, -8.300, -79.119
1.650, 74.179, 68.160, -33.101, -67.425, 4.964, 16.042, -73.818, 1.650, 80.221, 91.840, 33.098, 67.410, 4.964, -8.076, -80.009
1.660, 74.857, 67.822, -33.768, -66.637, 4.973, 16.214, -74.474, 1.660, 81.143, 92.177, 33.764, 66.623, 4.973, -7.842, -80.901
1.670, 75.532, 67.478, -34.422, -65.444, 4.984, 16.391, -75.125, 1.670, 82.068, 92.522, 34.418, 65.422, 4.984, -7.599, -81.794
1.680, 76.203, 67.127, -35.060, -63.791, 4.994, 16.574, -75.771, 1.680, 82.997, 92.872, 35.056, 63.773, 4.994, -7.346, -82.687
1.690, 76.870, 66.770, -35.676, -61.633, 5.004, 16.763, -76.411, 1.690, 83.929, 93.229, 35.672, 61.625, 5.004, -7.082, -83.581
1.700, 77.535, 66.408, -36.266, -58.937, 5.015, 16.958, -77.046, 1.700, 84.865, 93.592, 36.261, 58.909, 5.015, -6.808, -84.476
1.710, 78.195, 66.039, -36.822, -55.624, 5.027, 17.159, -77.675, 1.710, 85.805, 93.960, 36.818, 55.610, 5.027, -6.522, -85.371
1.720, 78.852, 65.666, -37.339, -51.666, 5.038, 17.365, -78.299, 1.720, 86.748, 94.333, 37.334, 51.646, 5.038, -6.225, -86.267
1.730, 79.504, 65.288, -37.809, -46.997, 5.050, 17.578, -78.916, 1.730, 87.695, 94.711, 37.804, 46.982, 5.050, -5.917, -87.162
1.740, 80.154, 64.906, -38.224, -41.576, 5.062, 17.796, -79.527, 1.740, 88.646, 95.093, 38.219, 41.557, 5.062, -5.597, -88.058
1.750, 80.799, 64.520, -38.578, -35.347, 5.075, 18.021, -80.132, 1.750, 89.601, 95.479, 38.573, 35.329, 5.075, -5.264, -88.953
1.760, 81.440, 64.131, -38.860, -28.267, 5.087, 18.252, -80.730, 1.760, 90.560, 95.868, 38.855, 28.249, 5.087, -4.919, -89.847
1.770, 82.077, 63.741, -39.063, -20.292, 5.100, 18.489, -81.322, 1.770, 91.522, 96.258, 39.058, 20.282, 5.100, -4.560, -90.741
1.780, 82.711, 63.349, -39.177, -11.398, 5.114, 18.733, -81.906, 1.780, 92.489, 96.650, 39.172, 11.378, 5.114, -4.189, -91.633
1.790, 83.341, 62.957, -39.193, -1.544, 5.127, 18.983, -82.484, 1.790, 93.459, 97.042, 39.187, 1.531, 5.127, -3.804, -92.523
1.800, 83.966, 62.566, -39.100, 9.277, 5.141, 19.239, -83.055, 1.800, 94.434, 97.433, 39.094, -9.287, 5.141, -3.405, -93.412
1.810, 84.588, 62.177, -38.889, 21.069, 5.156, 19.502, -83.619, 1.810, 95.412, 97.822, 38.884, -21.076, 5.156, -2.992, -94.299
1.820, 85.206, 61.792, -38.551, 33.818, 5.170, 19.771, -84.175, 1.820, 96.394, 98.207, 38.545, -33.833, 5.170, -2.564, -95.183
1.830, 85.820, 61.411, -38.076, 47.509, 5.185, 20.046, -84.724, 1.830, 97.380, 98.588, 38.070, -47.505, 5.185, -2.121, -96.064
1.840, 86.430, 61.036, -37.455, 62.073, 5.200, 20.328, -85.265, 1.840, 98.369, 98.962, 37.449, -62.081, 5.200, -1.664, -96.942
1.850, 87.037, 60.669, -36.681, 77.462, 5.216, 20.617, -85.799, 1.850, 99.363, 99.329, 36.675, -77.461, 5.216, -1.191, -97.815
1.860, 87.640, 60.312, -35.745, 93.577, 5.232, 20.912, -86.325, 1.860, 100.360, 99.686, 35.739, -93.569, 5.232, -0.703, -98.685
1.870, 88.240, 59.966, -34.642, 110.303, 5.248, 21.214, -86.843, 1.870, 101.360, 100.033, 34.636, -110.297, 5.248, -0.200, -99.549
1.880, 88.836, 59.632, -33.367, 127.507, 5.264, 21.523, -87.353, 1.880, 102.363, 100.366, 33.361, -127.496, 5.264, 0.319, -100.408
1.890, 89.429, 59.313, -31.917, 145.026, 5.281, 21.838, -87.856, 1.890, 103.370, 100.685, 31.911, -145.010, 5.281, 0.854, -101.261
1.900, 90.019, 59.010, -30.290, 162.679, 5.298, 22.160, -88.350, 1.900, 104.380, 100.988, 30.284, -162.656, 5.298, 1.405, -102.107
1.910, 90.607, 58.725, -28.487, 180.257, 5.315, 22.488, -88.837, 1.910, 105.393, 101.273, 28.482, -180.234, 5.315, 1.972, -102.947
1.920, 91.191, 58.460, -26.512, 197.545, 5.332, 22.824, -89.316, 1.920, 106.408, 101.538, 26.507, -197.516, 5.332, 2.554, -103.778
1.930, 91.773, 58.216, -24.369, 214.307, 5.350, 23.166, -89.787, 1.930, 107.426, 101.782, 24.364, -214.269, 5.350, 3.153, -104.602
1.940, 92.353, 57.996, -22.066, 230.294, 5.367, 23.515, -90.250, 1.940, 108.446, 102.002, 22.062, -230.258, 5.367, 3.767, -105.416
1.950, 92.931, 57.799, -19.613, 245.266, 5.385, 23.871, -90.705, 1.950, 109.468, 102.198, 19.609, -245.225, 5.385, 4.396, -106.221
1.960, 93.508, 57.629, -17.023, 258.980, 5.403, 24.234, -91.152, 1.960, 110.492, 102.369, 17.020, -258.930, 5.403, 5.042, -107.016
1.970, 94.082, 57.486, -14.311, 271.197, 5.421, 24.604, -91.592, 1.970, 111.517, 102.512, 14.309, -271.151, 5.421, 5.702, -107.800
1.980, 94.656, 57.371, -11.494, 281.710, 5.439, 24.982, -92.024, 1.980, 112.543, 102.627, 11.492, -281.656, 5.439, 6.377, -108.573
1.990, 95.229, 57.285, -8.591, 290.322, 5.458, 25.366, -92.449, 1.990, 113.570, 102.713, 8.589, -290.265, 5.458, 7.066, -109.334
2.000, 95.801, 57.229, -5.622, 296.873, 5.476, 25.758, -92.866, 2.000, 114.598, 102.769, 5.621, -296.816, 5.476, 7.770, -110.083
2.010, 96.373, 57.203, -2.610, 301.239, 5.494, 26.158, -93.275, 2.010, 115.626, 102.795, 2.609, -301.179, 5.494, 8.488, -110.819
2.020, 96.945, 57.207, 0.423, 303.333, 5.513, 26.564, -93.678, 2.020, 116.654, 102.791, -0.423, -303.274, 5.513, 9.219, -111.542
2.030, 97.518, 57.242, 3.455, 303.117, 5.531, 26.979, -94.073, 2.030, 117.681, 102.756, -3.454, -303.057, 5.531, 9.962, -112.251
2.040, 98.091, 57.306, 6.460, 300.590, 5.549, 27.401, -94.461, 2.040, 118.708, 102.692, -6.459, -300.532, 5.549, 10.718, -112.946
2.050, 98.665, 57.400, 9.418, 295.803, 5.567, 27.830, -94.841, 2.050, 119.734, 102.597, -9.417, -295.746, 5.567, 11.486, -113.626
2.060, 99.240, 57.524, 12.307, 288.846, 5.585, 28.268, -95.215, 2.060, 120.759, 102.474, -12.305, -288.791, 5.585, 12.265, -114.292
2.070, 99.817, 57.675, 15.105, 279.849, 5.603, 28.713, -95.581, 2.070, 121.782, 102.323, -15.103, -279.797, 5.603, 13.055, -114.943
2.080, 100.395, 57.853, 17.795, 268.979, 5.621, 29.166, -95.941, 2.080, 122.804, 102.145, -17.792, -268.929, 5.621, 13.855, -115.578
2.090, 100.976, 58.056, 20.360, 256.429, 5.639, 29.627, -96.294, 2.090, 123.823, 101.942, -20.356, -256.384, 5.639, 14.665, -116.197
2.100, 101.559, 58.284, 22.784, 242.421, 5.656, 30.096, -96.640, 2.100, 124.840, 101.714, -22.779, -242.378, 5.656, 15.483, -116.802
2.110, 102.144, 58.535, 25.056, 227.186, 5.673, 30.573, -96.980, 2.110, 125.855, 101.464, -25.051, -227.148, 5.673, 16.310, -117.390
2.120, 102.732, 58.806, 27.165, 210.970, 5.690, 31.058, -97.312, 2.120, 126.867, 101.192, -27.160, -210.939, 5.690, 17.144, -117.962
2.130, 103.323, 59.097, 29.105, 194.021, 5.707, 31.550, -97.639, 2.130, 127.876, 100.901, -29.100, -193.990, 5.707, 17.985, -118.519
2.140, 103.917, 59.406, 30.871, 176.578, 5.724, 32.051, -97.958, 2.140, 128.882, 100.592, -30.866, -176.554, 5.724, 18.833, -119.060
2.150, 104.515, 59.731, 32.460, 158.877, 5.740, 32.560, -98.271, 2.150, 129.885, 100.268, -32.454, -158.857, 5.740, 19.688, -119.585
2.160, 105.115, 60.069, 33.871, 141.136, 5.756, 33.077, -98.577, 2.160, 130.884, 99.929, -33.866, -141.123, 5.756, 20.547, -120.095
2.170, 105.719, 60.420, 35.107, 123.559, 5.772, 33.601, -98.877, 2.170, 131.880, 99.578, -35.101, -123.547, 5.772, 21.412, -120.589
2.180, 106.327, 60.782, 36.170, 106.323, 5.787, 34.134, -99.171, 2.180, 132.872, 99.216, -36.164, -106.315, 5.787, 22.280, -121.068
2.190, 106.939, 61.153, 37.066, 89.586, 5.802, 34.673, -99.458, 2.190, 133.860, 98.846, -37.060, -89.583, 5.802, 23.153, -121.532
2.200, 107.554, 61.531, 37.801, 73.484, 5.817, 35.221, -99.738, 2.200, 134.845, 98.468, -37.795, -73.483, 5.817, 24.030, -121.981
2.210, 108.173, 61.915, 38.382, 58.123, 5.832, 35.776, -100.013, 2.210, 135.826, 98.084, -38.376, -58.130, 5.832, 24.909, -122.416
2.220, 108.796, 62.303, 38.818, 43.598, 5.846, 36.339, -100.280, 2.220, 136.803, 97.696, -38.812, -43.601, 5.846, 25.791, -122.836
2.230, 109.423, 62.694, 39.118, 29.964, 5.860, 36.908, -100.542, 2.230, 137.776, 97.305, -39.112, -29.974, 5.860, 26.675, -123.242
2.240, 110.054, 63.087, 39.290, 17.272, 5.873, 37.485, -100.797, 2.240, 138.745, 96.912, -39.285, -17.283, 5.873, 27.561, -123.634
2.250, 110.689, 63.480, 39.346, 5.546, 5.887, 38.069, -101.046, 2.250, 139.710, 96.519, -39.340, -5.557, 5.887, 28.449, -124.013
2.260, 111.328, 63.873, 39.294, -5.209, 5.899, 38.660, -101.289, 2.260, 140.671, 96.126, -39.288, 5.191, 5.899, 29.338, -124.379
2.270, 111.970, 64.265, 39.144, -14.990, 5.912, 39.257, -101.526, 2.270, 141.629, 95.734, -39.139, 14.976, 5.912, 30.228, -124.731
2.280, 112.617, 64.654, 38.906, -23.823, 5.924, 39.861, -101.757, 2.280, 142.582, 95.345, -38.901, 23.807, 5.924, 31.119, -125.072
2.290, 113.267, 65.040, 38.588, -31.731, 5.936, 40.472, -101.982, 2.290, 143.532, 94.959, -38.583, 31.715, 5.936, 32.010, -125.400
2.300, 113.921, 65.422, 38.201, -38.753, 5.948, 41.088, -102.200, 2.300, 144.477, 94.578, -38.196, 38.734, 5.948, 32.901, -125.716
2.310, 114.579, 65.799, 37.752, -44.927, 5.960, 41.711, -102.413, 2.310, 145.419, 94.200, -37.747, 44.910, 5.960, 33.793, -126.021
2.320, 115.241, 66.172, 37.249, -50.305, 5.971, 42.339, -102.620, 2.320, 146.358, 93.828, -37.244, 50.284, 5.971, 34.684, -126.314
2.330, 115.907, 66.539, 36.699, -54.928, 5.981, 42.974, -102.821, 2.330, 147.292, 93.461, -36.695, 54.916, 5.981, 35.575, -126.596
2.340, 116.576, 66.900, 36.111, -58.862, 5.992, 43.614, -103.017, 2.340, 148.223, 93.100, -36.107, 58.838, 5.992, 36.465, -126.868
2.350, 117.248, 67.255, 35.489, -62.141, 6.002, 44.259, -103.206, 2.350, 149.151, 92.745, -35.485, 62.128, 6.002, 37.355, -127.130
2.360, 117.924, 67.603, 34.841, -64.836, 6.012, 44.909, -103.390, 2.360, 150.075, 92.396, -34.837, 64.811, 6.012, 38.244, -127.382
2.370, 118.604, 67.945, 34.171, -66.977, 6.022, 45.565, -103.569, 2.370, 150.995, 92.055, -34.168, 66.966, 6.022, 39.132, -127.624
2.380, 119.286, 68.280, 33.485, -68.635, 6.031, 46.225, -103.742, 2.380, 151.912, 91.720, -33.481, 68.615, 6.031, 40.019, -127.857
2.390, 119.972, 68.607, 32.786, -69.842, 6.040, 46.890, -103.910, 2.390, 152.826, 91.392, -32.783, 69.825, 6.040, 40.905, -128.080
2.400, 120.662, 68.928, 32.080, -70.651, 6.049, 47.560, -104.073, 2.400, 153.737, 91.071, -32.077, 70.632, 6.049, 41.790, -128.295
2.410, 121.354, 69.242, 31.369, -71.097, 6.058, 48.234, -104.231, 2.410, 154.645, 90.758, -31.366, 71.087, 6.058, 42.674, -128.502
2.420, 122.050, 69.548, 30.657, -71.232, 6.066, 48.913, -104.383, 2.420, 155.549, 90.451, -30.654, 71.216, 6.066, 43.557, -128.700
2.430, 122.748, 69.848, 29.946, -71.083, 6.075, 49.596, -104.530, 2.430, 156.451, 90.152, -29.943, 71.067, 6.075, 44.438, -128.890
2.440, 123.449, 70.140, 29.239, -70.687, 6.082, 50.283, -104.673, 2.440, 157.349, 89.859, -29.236, 70.673, 6.082, 45.318, -129.073
2.450, 124.154, 70.426, 28.538, -70.075, 6.090, 50.973, -104.811, 2.450, 158.245, 89.574, -28.536, 70.065, 6.090, 46.196, -129.248
2.460, 124.861, 70.704, 27.845, -69.281, 6.098, 51.668, -104.944, 2.460, 159.138, 89.296, -27.843, 69.266, 6.098, 47.073, -129.416
2.470, 125.571, 70.976, 27.162, -68.324, 6.105, 52.366, -105.072, 2.470, 160.028, 89.024, -27.160, 68.313, 6.105, 47.949, -129.577
2.480, 126.283, 71.241, 26.490, -67.233, 6.112, 53.067, -105.196, 2.480, 160.916, 88.759, -26.488, 67.221, 6.112, 48.823, -129.732
2.490, 126.998, 71.499, 25.830, -66.026, 6.119, 53.772, -105.316, 2.490, 161.801, 88.501, -25.828, 66.017, 6.119, 49.695, -129.880
2.500, 127.715, 71.751, 25.182, -64.728, 6.125, 54.480, -105.431, 2.500, 162.683, 88.249, -25.180, 64.713, 6.125, 50.566, -130.021
2.510, 128.435, 71.996, 24.549, -63.347, 6.132, 55.192, -105.542, 2.510, 163.563, 88.003, -24.547, 63.340, 6.132, 51.436, -130.157
2.520, 129.158, 72.236, 23.930, -61.910, 6.138, 55.906, -105.648, 2.520, 164.441, 87.764, -23.928, 61.899, 6.138, 52.304, -130.286
2.530, 129.882, 72.469, 23.325, -60.422, 6.144, 56.624, -105.751, 2.530, 165.316, 87.531, -23.324, 60.413, 6.144, 53.170, -130.410
2.540, 130.609, 72.696, 22.736, -58.899, 6.150, 57.344, -105.850, 2.540, 166.189, 87.304, -22.735, 58.891, 6.150, 54.035, -130.529
2.550, 131.339, 72.918, 22.163, -57.351, 6.156, 58.067, -105.944, 2.550, 167.060, 87.082, -22.162, 57.344, 6.156, 54.899, -130.642
2.560, 132.070, 73.134, 21.605, -55.788, 6.161, 58.792, -106.035, 2.560, 167.929, 86.866, -21.604, 55.781, 6.161, 55.761, -130.750
2.570, 132.803, 73.344, 21.063, -54.218, 6.166, 59.521, -106.123, 2.570, 168.795, 86.655, -21.062, 54.211, 6.166, 56.621, -130.853
2.580, 133.539, 73.550, 20.536, -52.650, 6.172, 60.251, -106.207, 2.580, 169.660, 86.450, -20.535, 52.638, 6.172, 57.480, -130.952
2.590, 134.276, 73.750, 20.026, -51.080, 6.177, 60.984, -106.287, 2.590, 170.522, 86.250, -20.024, 51.082, 6.177, 58.337, -131.046
2.600, 135.016, 73.945, 19.530, -49.536, 6.182, 61.720, -106.364, 2.600, 171.383, 86.054, -19.529, 49.521, 6.182, 59.193, -131.135
2.610, 135.757, 74.136, 19.050, -47.994, 6.186, 62.458, -106.437, 2.610, 172.242, 85.864, -19.049, 47.992, 6.186, 60.048, -131.220
2.620, 136.500, 74.322, 18.585, -46.479, 6.191, 63.198, -106.507, 2.620, 173.098, 85.678, -18.585, 46.474, 6.191, 60.901, -131.301
2.630, 137.245, 74.503, 18.136, -44.986, 6.195, 63.940, -106.574, 2.630, 173.953, 85.497, -18.135, 44.982, 6.195, 61.752, -131.378
2.640, 137.992, 74.680, 17.700, -43.520, 6.199, 64.684, -106.638, 2.640, 174.807, 85.320, -17.700, 43.514, 6.199, 62.602, -131.451
2.650, 138.741, 74.853, 17.280, -42.080, 6.204, 65.430, -106.699, 2.650, 175.658, 85.147, -17.279, 42.076, 6.204, 63.451, -131.521
2.660, 139.491, 75.022, 16.873, -40.672, 6.208, 66.178, -106.757, 2.660, 176.508, 84.978, -16.872, 40.666, 6.208, 64.298, -131.586
2.670, 140.243, 75.186, 16.480, -39.293, 6.211, 66.927, -106.813, 2.670, 177.356, 84.813, -16.479, 39.291, 6.211, 65.144, -131.649
2.680, 140.996, 75.347, 16.100, -37.949, 6.215, 67.679, -106.865, 2.680, 178.202, 84.652, -16.100, 37.944, 6.215, 65.988, -131.708
2.690, 141.751, 75.505, 15.734, -36.636, 6.219, 68.432, -106.915, 2.690, 179.047, 84.495, -15.734, 36.633, 6.219, 66.831, -131.764
2.700, 142.508, 75.659, 15.381, -35.357, 6.222, 69.188, -106.963, 2.700, 179.891, 84.341, -15.380, 35.354, 6.222, 67.673, -131.816
2.710, 143.266, 75.809, 15.039, -34.113, 6.226, 69.944, -107.007, 2.710, 180.733, 84.191, -15.039, 34.109, 6.226, 68.514, -131.866
2.720, 144.026, 75.956, 14.710, -32.901, 6.229, 70.703, -107.050, 2.720, 181.573, 84.044, -14.710, 32.899, 6.229, 69.353, -131.913
2.730, 144.787, 76.100, 14.393, -31.726, 6.232, 71.463, -107.090, 2.730, 182.412, 83.900, -14.393, 31.720, 6.232, 70.191, -131.957
2.740, 145.549, 76.241, 14.087, -30.580, 6.235, 72.224, -107.128, 2.740, 183.250, 83.759, -14.087, 30.580, 6.235, 71.027, -131.999
2.750, 146.313, 76.379, 13.793, -29.471, 6.238, 72.987, -107.163, 2.750, 184.086, 83.621, -13.792, 29.469, 6.238, 71.862, -132.038
2.760, 147.078, 76.514, 13.509, -28.394, 6.241, 73.751, -107.197, 2.760, 184.921, 83.486, -13.508, 28.391, 6.241, 72.697, -132.074
2.770, 147.844, 76.646, 13.235, -27.349, 6.244, 74.517, -107.228, 2.770, 185.754, 83.354, -13.235, 27.347, 6.244, 73.529, -132.109
2.780, 148.612, 76.776, 12.972, -26.337, 6.246, 75.284, -107.258, 2.780, 186.587, 83.224, -12.971, 26.334, 6.246, 74.361, -132.140
2.790, 149.381, 76.903, 12.718, -25.355, 6.249, 76.053, -107.285, 2.790, 187.418, 83.097, -12.718, 25.353, 6.249, 75.191, -132.170
2.800, 150.151, 77.028, 12.474, -24.404, 6.251, 76.823, -107.311, 2.800, 188.247, 82.972, -12.474, 24.402, 6.251, 76.021, -132.198
2.810, 150.923, 77.150, 12.239, -23.483, 6.253, 77.594, -107.335, 2.810, 189.076, 82.850, -12.239, 23.481, 6.253, 76.849, -132.224
2.820, 151.696, 77.270, 12.014, -22.591, 6.255, 78.366, -107.357, 2.820, 189.903, 82.730, -12.013, 22.590, 6.255, 77.676, -132.248
2.830, 152.470, 77.388, 11.796, -21.727, 6.258, 79.140, -107.378, 2.830, 190.729, 82.612, -11.796, 21.726, 6.258, 78.502, -132.270
2.840, 153.245, 77.504, 11.587, -20.893, 6.260, 79.915, -107.397, 2.840, 191.554, 82.496, -11.587, 20.889, 6.260, 79.326, -132.290
2.850, 154.021, 77.618, 11.386, -20.082, 6.261, 80.691, -107.414, 2.850, 192.378, 82.382, -11.386, 20.082, 6.261, 80.150, -132.309
2.860, 154.798, 77.730, 11.193, -19.300, 6.263, 81.468, -107.431, 2.860, 193.201, 82.270, -11.193, 19.299, 6.263, 80.972, -132.326
2.870, 155.576, 77.840, 11.008, -18.543, 6.265, 82.246, -107.445, 2.870, 194.022, 82.160, -11.008, 18.540, 6.265, 81.794, -132.341
2.880, 156.356, 77.948, 10.830, -17.809, 6.267, 83.026, -107.459, 2.880, 194.843, 82.052, -10.830, 17.809, 6.267, 82.614, -132.356
2.890, 157.137, 78.055, 10.659, -17.102, 6.268, 83.806, -107.471, 2.890, 195.662, 81.945, -10.659, 17.098, 6.268, 83.434, -132.368
2.900, 157.918, 78.160, 10.495, -16.414, 6.270, 84.588, -107.482, 2.900, 196.481, 81.840, -10.495, 16.415, 6.270, 84.252, -132.380
2.910, 158.701, 78.263, 10.337, -15.752, 6.271, 85.370, -107.492, 2.910, 197.298, 81.737, -10.337, 15.750, 6.271, 85.069, -132.391
2.920, 159.484, 78.365, 10.186, -15.110, 6.272, 86.154, -107.501, 2.920, 198.114, 81.635, -10.186, 15.109, 6.272, 85.885, -132.400
2.930, 160.269, 78.466, 10.041, -14.489, 6.274, 86.938, -107.509, 2.930, 198.930, 81.534, -10.041, 14.490, 6.274, 86.701, -132.408
2.940, 161.055, 78.565, 9.902, -13.890, 6.275, 87.724, -107.516, 2.940, 199.744, 81.435, -9.902, 13.889, 6.275, 87.515, -132.415
2.950, 161.841, 78.662, 9.769, -13.311, 6.276, 88.511, -107.522, 2.950, 200.557, 81.338, -9.769, 13.308, 6.276, 88.328, -132.422
2.960, 162.629, 78.759, 9.642, -12.749, 6.277, 89.298, -107.528, 2.960, 201.370, 81.241, -9.642, 12.749, 6.277, 89.141, -132.427
2.970, 163.417, 78.854, 9.520, -12.207, 6.278, 90.087, -107.532, 2.970, 202.181, 81.146, -9.520, 12.207, 6.278, 89.952, -132.432
2.980, 164.207, 78.948, 9.403, -11.684, 6.279, 90.876, -107.536, 2.980, 202.992, 81.052, -9.403, 11.682, 6.279, 90.763, -132.436
2.990, 164.997, 79.041, 9.291, -11.178, 6.279, 91.666, -107.540, 2.990, 203.801, 80.959, -9.291, 11.177, 6.279, 91.572, -132.439
3.000, 165.789, 79.133, 9.184, -10.688, 6.280, 92.458, -107.542, 3.000, 204.610, 80.867, -9.184, 10.689, 6.280, 92.381, -132.442
3.010, 166.581, 79.224, 9.082, -10.217, 6.281, 93.250, -107.545, 3.010, 205.418, 80.776, -9.082, 10.215, 6.281, 93.189, -132.444
3.020, 167.374, 79.313, 8.984, -9.760, 6.281, 94.043, -107.546, 3.020, 206.225, 80.687, -8.984, 9.760, 6.281, 93.996, -132.446
3.030, 168.168, 79.402, 8.891, -9.321, 6.282, 94.837, -107.548, 3.030, 207.031, 80.598, -8.891, 9.319, 6.282, 94.802, -132.448
3.040, 168.963, 79.490, 8.802, -8.895, 6.282, 95.632, -107.549, 3.040, 207.836, 80.510, -8.802, 8.895, 6.282, 95.607, -132.449
3.050, 169.759, 79.578, 8.717, -8.486, 6.283, 96.428, -107.549, 3.050, 208.640, 80.422, -8.717, 8.485, 6.283, 96.411, -132.449
3.060, 170.555, 79.664, 8.637, -8.091, 6.283, 97.224, -107.550, 3.060, 209.443, 80.336, -8.636, 8.091, 6.283, 97.214, -132.450
3.070, 171.353, 79.749, 8.559, -7.711, 6.283, 98.022, -107.550, 3.070, 210.246, 80.251, -8.559, 7.710, 6.283, 98.017, -132.450
3.080, 172.151, 79.834, 8.486, -7.344, 6.283, 98.820, -107.550, 3.080, 211.048, 80.166, -8.486, 7.344, 6.283, 98.819, -132.450
3.090, 172.950, 79.918, 8.416, -6.992, 6.283, 99.620, -107.550, 3.090, 211.848, 80.082, -8.416, 6.991, 6.283, 99.619, -132.450
3.100, 173.750, 79.991, 7.208, -120.832, 0.000, 100.419, -107.550, 3.100, 212.648, 80.009, -7.208, 120.831, 0.000, 100.419, -132.450
3.110, 174.550, 80.000, 0.942, -626.530, 0.000, 101.219, -107.550, 3.110, 213.448, 80.000, -0.942, 626.530, 0.000, 101.219, -132.450
3.120, 175.350, 80.000, -0.000, -94.244, 0.000, 102.019, -107.550, 3.120, 214.248, 80.000, -0.000, 94.244, 0.000, 102.019, -132.450
3.130, 176.150, 80.000, -0.000, -0.000, 0.000, 102.819, -107.550, 3.130, 215.048, 80.000, -0.000, -0.000, 0.000, 102.819, -132.450
3.140, 176.950, 80.000, 0.000, 0.000, 0.000, 103.619, -107.550, 3.140, 215.848, 80.000, 0.000, 0.000, 0.000, 103.619, -132.450
3.150, 177.750, 79.999, -0.121, -12.080, 0.000, 104.419, -107.550, 3.150, 216.648, 79.999, -0.121, -12.080, 0.000, 104.419, -132.450
3.160, 178.550, 79.947, -5.217, -509.593, 0.000, 105.219, -107.550, 3.160, 217.448, 79.947, -5.217, -509.593, 0.000, 105.219, -132.450
3.170, 179.348, 79.795, -15.167, -995.025, 0.000, 106.017, -107.550, 3.170, 218.246, 79.795, -15.167, -995.025, 0.000, 106.017, -132.450
3.180, 180.143, 79.544, -25.117, -995.025, 0.000, 106.812, -107.550, 3.180, 219.041, 79.544, -25.117, -995.025, 0.000, 106.812, -132.450
3.190, 180.935, 79.193, -35.067, -995.025, 0.000, 107.604, -107.550, 3.190, 219.833, 79.193, -35.067, -995.025, 0.000, 107.604, -132.450
3.200, 181.723, 78.743, -45.018, -995.025, 0.000, 108.392, -107.550, 3.200, 220.621, 78.743, -45.018, -995.025, 0.000, 108.392, -132.450
3.210, 182.504, 78.194, -54.847, -982.944, 0.000, 109.174, -107.550, 3.210, 221.403, 78.194, -54.847, -982.944, 0.000, 109.174, -132.450
3.220, 183.280, 77.597, -59.701, -485.432, 0.000, 109.950, -107.550, 3.220, 222.179, 77.597, -59.701, -485.432, 0.000, 109.950, -132.450
3.230, 184.050, 77.000, -59.701, 0.000, 0.000, 110.720, -107.550, 3.230, 222.949, 77.000, -59.701, 0.000, 0.000, 110.720, -132.450
3.240, 184.814, 76.403, -59.701, -0.000, 0.000, 111.484, -107.550, 3.240, 223.713, 76.403, -59.701, -0.000, 0.000, 111.484, -132.450
3.250, 185.573, 75.806, -59.701, 0.000, 0.000, 112.242, -107.550, 3.250, 224.471, 75.806, -59.701, 0.000, 0.000, 112.242, -132.450
3.260, 186.325, 75.209, -59.701, -0.000, 0.000, 112.994, -107.550, 3.260, 225.223, 75.209, -59.701, -0.000, 0.000, 112.994, -132.450
3.270, 187.071, 74.612, -59.701, 0.000, 0.000, 113.740, -107.550, 3.270, 225.969, 74.612, -59.701, 0.000, 0.000, 113.740, -132.450
3.280, 187.811, 74.015, -59.701, -0.000, 0.000, 114.480, -107.550, 3.280, 226.709, 74.015, -59.701, -0.000, 0.000, 114.480, -132.450
3.290, 188.545, 73.418, -59.701, 0.000, 0.000, 115.214, -107.550, 3.290, 227.443, 73.418, -59.701, 0.000, 0.000, 115.214, -132.450
3.300, 189.273, 72.821, -59.701, -0.000, 0.000, 115.942, -107.550, 3.300, 228.171, 72.821, -59.701, -0.000, 0.000, 115.942, -132.450
3.310, 189.996, 72.224, -59.701, 0.000, 0.000, 116.665, -107.550, 3.310, 228.894, 72.224, -59.701, 0.000, 0.000, 116.665, -132.450
3.320, 190.712, 71.627, -59.701, -0.000, 0.000, 117.381, -107.550, 3.320, 229.610, 71.627, -59.701, -0.000, 0.000, 117.381, -132.450
3.330, 191.422, 71.030, -59.701, 0.000, 0.000, 118.091, -107.550, 3.330, 230.320, 71.030, -59.701, 0.000, 0.000, 118.091, -132.450
3.340, 192.126, 70.433, -59.701, 0.000, 0.000, 118.796, -107.550, 3.340, 231.025, 70.433, -59.701, 0.000, 0.000, 118.796, -132.450
3.350, 192.825, 69.836, -59.701, -0.000, 0.000, 119.494, -107.550, 3.350, 231.723, 69.836, -59.701, -0.000, 0.000, 119.494, -132.450
3.360, 193.517, 69.239, -59.701, 0.000, 0.000, 120.186, -107.550, 3.360, 232.415, 69.239, -59.701, 0.000, 0.000, 120.186, -132.450
3.370, 194.204, 68.642, -59.701, -0.000, 0.000, 120.873, -107.550, 3.370, 233.102, 68.642, -59.701, -0.000, 0.000, 120.873, -132.450
3.380, 194.884, 68.045, -59.701, 0.000, 0.000, 121.553, -107.550, 3.380, 233.782, 68.045, -59.701, 0.000, 0.000, 121.553, -132.450
3.390, 195.559, 67.448, -59.701, 0.000, 0.000, 122.228, -107.550, 3.390, 234.457, 67.448, -59.701, 0.000, 0.000, 122.228, -132.450
3.400, 196.227, 66.851, -59.701, 0.000, 0.000, 122.896, -107.550, 3.400, 235.125, 66.851, -59.701, 0.000, 0.000, 122.896, -132.450
3.410, 196.890, 66.254, -59.701, -0.000, 0.000, 123.559, -107.550, 3.410, 235.788, 66.254, -59.701, -0.000, 0.000, 123.559, -132.450
3.420, 197.546, 65.657, -59.701, 0.000, 0.000, 124.215, -107.550, 3.420, 236.444, 65.657, -59.701, 0.000, 0.000, 124.215, -132.450
3.430, 198.197, 65.060, -59.701, -0.000, 0.000, 124.866, -107.550, 3.430, 237.095, 65.060, -59.701, -0.000, 0.000, 124.866, -132.450
3.440, 198.841, 64.463, -59.701, -0.000, 0.000, 125.511, -107.550, 3.440, 237.740, 64.463, -59.701, -0.000, 0.000, 125.511, -132.450
3.450, 199.480, 63.866, -59.701, 0.000, 0.000, 126.149, -107.550, 3.450, 238.378, 63.866, -59.701, 0.000, 0.000, 126.149, -132.450
3.460, 200.113, 63.269, -59.701, 0.000, 0.000, 126.782, -107.550, 3.460, 239.011, 63.269, -59.701, 0.000, 0.000, 126.782, -132.450
3.470, 200.739, 62.672, -59.701, -0.000, 0.000, 127.409, -107.550, 3.470, 239.638, 62.672, -59.701, -0.000, 0.000, 127.409, -132.450
3.480, 201.360, 62.075, -59.701, 0.000, 0.000, 128.029, -107.550, 3.480, 240.258, 62.075, -59.701, 0.000, 0.000, 128.029, -132.450
3.490, 201.975, 61.478, -59.701, 0.000, 0.000, 128.644, -107.550, 3.490, 240.873, 61.478, -59.701, 0.000, 0.000, 128.644, -132.450
3.500, 202.584, 60.881, -59.701, 0.000, 0.000, 129.253, -107.550, 3.500, 241.482, 60.881, -59.701, 0.000, 0.000, 129.253, -132.450
3.510, 203.187, 60.284, -59.701, -0.000, 0.000, 129.856, -107.550, 3.510, 242.085, 60.284, -59.701, -0.000, 0.000, 129.856, -132.450
3.520, 203.784, 59.687, -59.701, 0.000, 0.000, 130.453, -107.550, 3.520, 242.682, 59.687, -59.701, 0.000, 0.000, 130.453, -132.450
3.530, 204.374, 59.090, -59.701, -0.000, 0.000, 131.044, -107.550, 3.530, 243.273, 59.090, -59.701, -0.000, 0.000, 131.044, -132.450
3.540, 204.959, 58.493, -59.701, -0.000, 0.000, 131.628, -107.550, 3.540, 243.857, 58.493, -59.701, -0.000, 0.000, 131.628, -132.450
3.550, 205.538, 57.896, -59.701, 0.000, 0.000, 132.207, -107.550, 3.550, 244.436, 57.896, -59.701, 0.000, 0.000, 132.207, -132.450
3.560, 206.111, 57.299, -59.701, -0.000, 0.000, 132.780, -107.550, 3.560, 245.009, 57.299, -59.701, -0.000, 0.000, 132.780, -132.450
3.570, 206.678, 56.702, -59.701, 0.000, 0.000, 133.347, -107.550, 3.570, 245.576, 56.702, -59.701, 0.000, 0.000, 133.347, -132.450
3.580, 207.239, 56.105, -59.701, -0.000, 0.000, 133.909, -107.550, 3.580, 246.138, 56.105, -59.701, -0.000, 0.000, 133.909, -132.450
3.590, 207.794, 55.508, -59.701, 0.000, 0.000, 134.464, -107.550, 3.590, 246.693, 55.508, -59.701, 0.000, 0.000, 134.464, -132.450
3.600, 208.344, 54.911, -59.701, 0.000, 0.000, 135.013, -107.550, 3.600, 247.242, 54.911, -59.701, 0.000, 0.000, 135.013, -132.450
3.610, 208.887, 54.314, -59.701, -0.000, 0.000, 135.556, -107.550, 3.610, 247.785, 54.314, -59.701, -0.000, 0.000, 135.556, -132.450
3.620, 209.424, 53.717, -59.701, 0.000, 0.000, 136.093, -107.550, 3.620, 248.322, 53.717, -59.701, 0.000, 0.000, 136.093, -132.450
3.630, 209.955, 53.120, -59.701, 0.000, 0.000, 136.624, -107.550, 3.630, 248.853, 53.120, -59.701, 0.000, 0.000, 136.624, -132.450
3.640, 210.480, 52.523, -59.701, 0.000, 0.000, 137.149, -107.550, 3.640, 249.378, 52.523, -59.701, 0.000, 0.000, 137.149, -132.450
3.650, 211.000, 51.926, -59.701, 0.000, 0.000, 137.669, -107.550, 3.650, 249.898, 51.926, -59.701, 0.000, 0.000, 137.669, -132.450
3.660, 211.513, 51.329, -59.701, -0.000, 0.000, 138.182, -107.550, 3.660, 250.411, 51.329, -59.701, -0.000, 0.000, 138.182, -132.450
3.670, 212.020, 50.732, -59.701, 0.000, 0.000, 138.689, -107.550, 3.670, 250.918, 50.732, -59.701, 0.000, 0.000, 138.689, -132.450
3.680, 212.522, 50.135, -59.701, 0.000, 0.000, 139.191, -107.550, 3.680, 251.420, 50.135, -59.701, 0.000, 0.000, 139.191, -132.450
3.690, 213.017, 49.538, -59.701, 0.000, 0.000, 139.686, -107.550, 3.690, 251.915, 49.538, -59.701, 0.000, 0.000, 139.686, -132.450
3.700, 213.506, 48.941, -59.701, -0.000, 0.000, 140.175, -107.550, 3.700, 252.404, 48.941, -59.701, -0.000, 0.000, 140.175, -132.450
3.710, 213.990, 48.344, -59.701, 0.000, 0.000, 140.659, -107.550, 3.710, 252.888, 48.344, -59.701, 0.000, 0.000, 140.659, -132.450
3.720, 214.467, 47.747, -59.701, 0.000, 0.000, 141.136, -107.550, 3.720, 253.365, 47.747, -59.701, 0.000, 0.000, 141.136, -132.450
3.730, 214.939, 47.150, -59.701, -0.000, 0.000, 141.608, -107.550, 3.730, 253.837, 47.150, -59.701, -0.000, 0.000, 141.608, -132.450
3.740, 215.404, 46.553, -59.701, 0.000, 0.000, 142.073, -107.550, 3.740, 254.302, 46.553, -59.701, 0.000, 0.000, 142.073, -132.450
3.750, 215.864, 45.956, -59.701, -0.000, 0.000, 142.533, -107.550, 3.750, 254.762, 45.956, -59.701, -0.000, 0.000, 142.533, -132.450
3.760, 216.317, 45.359, -59.701, -0.000, 0.000, 142.986, -107.550, 3.760, 255.216, 45.359, -59.701, -0.000, 0.000, 142.986, -132.450
3.770, 216.765, 44.762, -59.701, 0.000, 0.000, 143.434, -107.550, 3.770, 255.663, 44.762, -59.701, 0.000, 0.000, 143.434, -132.450
3.780, 217.207, 44.165, -59.701, -0.000, 0.000, 143.876, -107.550, 3.780, 256.105, 44.165, -59.701, -0.000, 0.000, 143.876, -132.450
3.790, 217.642, 43.568, -59.701, 0.000, 0.000, 144.311, -107.550, 3.790, 256.540, 43.568, -59.701, 0.000, 0.000, 144.311, -132.450
3.800, 218.072, 42.971, -59.701, -0.000, 0.000, 144.741, -107.550, 3.800, 256.970, 42.971, -59.701, -0.000, 0.000, 144.741, -132.450
3.810, 218.496, 42.374, -59.701, 0.000, 0.000, 145.165, -107.550, 3.810, 257.394, 42.374, -59.701, 0.000, 0.000, 145.165, -132.450
3.820, 218.914, 41.777, -59.701, 0.000, 0.000, 145.583, -107.550, 3.820, 257.812, 41.777, -59.701, 0.000, 0.000, 145.583, -132.450
3.830, 219.325, 41.180, -59.701, 0.000, 0.000, 145.994, -107.550, 3.830, 258.223, 41.180, -59.701, 0.000, 0.000, 145.994, -132.450
3.840, 219.731, 40.583, -59.701, 0.000, 0.000, 146.400, -107.550, 3.840, 258.629, 40.583, -59.701, 0.000, 0.000, 146.400, -132.450
3.850, 220.131, 39.986, -59.701, -0.000, 0.000, 146.800, -107.550, 3.850, 259.029, 39.986, -59.701, -0.000, 0.000, 146.800, -132.450
3.860, 220.525, 39.388, -59.701, 0.000, 0.000, 147.194, -107.550, 3.860, 259.423, 39.388, -59.701, 0.000, 0.000, 147.194, -132.450
3.870, 220.913, 38.791, -59.701, 0.000, 0.000, 147.582, -107.550, 3.870, 259.811, 38.791, -59.701, 0.000, 0.000, 147.582, -132.450
3.880, 221.295, 38.194, -59.701, 0.000, 0.000, 147.964, -107.550, 3.880, 260.193, 38.194, -59.701, 0.000, 0.000, 147.964, -132.450
3.890, 221.671, 37.597, -59.701, 0.000, 0.000, 148.340, -107.550, 3.890, 260.569, 37.597, -59.701, 0.000, 0.000, 148.340, -132.450
3.900, 222.041, 37.000, -59.701, 0.000, 0.000, 148.710, -107.550, 3.900, 260.939, 37.000, -59.701, 0.000, 0.000, 148.710, -132.450
3.910, 222.405, 36.403, -59.701, 0.000, 0.000, 149.074, -107.550, 3.910, 261.303, 36.403, -59.701, 0.000, 0.000, 149.074, -132.450
3.920, 222.763, 35.806, -59.701, -0.000, 0.000, 149.432, -107.550, 3.920, 261.661, 35.806, -59.701, -0.000, 0.000, 149.432, -132.450
3.930, 223.115, 35.209, -59.701, 0.000, 0.000, 149.784, -107.550, 3.930, 262.013, 35.209, -59.701, 0.000, 0.000, 149.784, -132.450
3.940, 223.461, 34.612, -59.701, 0.000, 0.000, 150.130, -107.550, 3.940, 262.359, 34.612, -59.701, 0.000, 0.000, 150.130, -132.450
3.950, 223.801, 34.015, -59.701, -0.000, 0.000, 150.470, -107.550, 3.950, 262.699, 34.015, -59.701, -0.000, 0.000, 150.470, -132.450
3.960, 224.135, 33.418, -59.701, -0.000, 0.000, 150.804, -107.550, 3.960, 263.033, 33.418, -59.701, -0.000, 0.000, 150.804, -132.450
3.970, 224.464, 32.821, -59.701, 0.000, 0.000, 151.133, -107.550, 3.970, 263.362, 32.821, -59.701, 0.000, 0.000, 151.133, -132.450
3.980, 224.786, 32.224, -59.701, 0.000, 0.000, 151.455, -107.550, 3.980, 263.684, 32.224, -59.701, 0.000, 0.000, 151.455, -132.450
3.990, 225.102, 31.627, -59.701, -0.000, 0.000, 151.771, -107.550, 3.990, 264.000, 31.627, -59.701, -0.000, 0.000, 151.771, -132.450
4.000, 225.412, 31.030, -59.701, 0.000, 0.000, 152.082, -107.550, 4.000, 264.311, 31.030, -59.701, 0.000, 0.000, 152.082, -132.450
4.010, 225.717, 30.433, -59.701, -0.000, 0.000, 152.386, -107.550, 4.010, 264.615, 30.433, -59.701, -0.000, 0.000, 152.386, -132.450
4.020, 226.015, 29.836, -59.701, 0.000, 0.000, 152.684, -107.550, 4.020, 264.913, 29.836, -59.701, 0.000, 0.000, 152.684, -132.450
4.030, 226.307, 29.239, -59.701, 0.000, 0.000, 152.977, -107.550, 4.030, 265.206, 29.239, -59.701, 0.000, 0.000, 152.977, -132.450
4.040, 226.594, 28.642, -59.701, 0.000, 0.000, 153.263, -107.550, 4.040, 265.492, 28.642, -59.701, 0.000, 0.000, 153.263, -132.450
4.050, 226.874, 28.045, -59.701, 0.000, 0.000, 153.543, -107.550, 4.050, 265.772, 28.045, -59.701, 0.000, 0.000, 153.543, -132.450
4.060, 227.149, 27.448, -59.701, -0.000, 0.000, 153.818, -107.550, 4.060, 266.047, 27.448, -59.701, -0.000, 0.000, 153.818, -132.450
4.070, 227.417, 26.851, -59.701, 0.000, 0.000, 154.086, -107.550, 4.070, 266.315, 26.851, -59.701, 0.000, 0.000, 154.086, -132.450
4.080, 227.680, 26.254, -59.701, -0.000, 0.000, 154.349, -107.550, 4.080, 266.578, 26.254, -59.701, -0.000, 0.000, 154.349, -132.450
4.090, 227.936, 25.657, -59.701, 0.000, 0.000, 154.606, -107.550, 4.090, 266.835, 25.657, -59.701, 0.000, 0.000, 154.606, -132.450
4.100, 228.187, 25.060, -59.701, -0.000, 0.000, 154.856, -107.550, 4.100, 267.085, 25.060, -59.701, -0.000, 0.000, 154.856, -132.450
4.110, 228.432, 24.463, -59.701, 0.000, 0.000, 155.101, -107.550, 4.110, 267.330, 24.463, -59.701, 0.000, 0.000, 155.101, -132.450
4.120, 228.670, 23.866, -59.701, 0.000, 0.000, 155.339, -107.550, 4.120, 267.568, 23.866, -59.701, 0.000, 0.000, 155.339, -132.450
4.130, 228.903, 23.269, -59.701, -0.000, 0.000, 155.572, -107.550, 4.130, 267.801, 23.269, -59.701, -0.000, 0.000, 155.572, -132.450
4.140, 229.130, 22.672, -59.701, 0.000, 0.000, 155.799, -107.550, 4.140, 268.028, 22.672, -59.701, 0.000, 0.000, 155.799, -132.450
4.150, 229.351, 22.075, -59.701, -0.000, 0.000, 156.020, -107.550, 4.150, 268.249, 22.075, -59.701, -0.000, 0.000, 156.020, -132.450
4.160, 229.565, 21.478, -59.701, 0.000, 0.000, 156.234, -107.550, 4.160, 268.463, 21.478, -59.701, 0.000, 0.000, 156.234, -132.450
4.170, 229.774, 20.881, -59.701, 0.000, 0.000, 156.443, -107.550, 4.170, 268.672, 20.881, -59.701, 0.000, 0.000, 156.443, -132.450
4.180, 229.977, 20.284, -59.701, -0.000, 0.000, 156.646, -107.550, 4.180, 268.875, 20.284, -59.701, -0.000, 0.000, 156.646, -132.450
4.190, 230.174, 19.687, -59.701, 0.000, 0.000, 156.843, -107.550, 4.190, 269.072, 19.687, -59.701, 0.000, 0.000, 156.843, -132.450
4.200, 230.365, 19.090, -59.701, -0.000, 0.000, 157.034, -107.550, 4.200, 269.263, 19.090, -59.701, -0.000, 0.000, 157.034, -132.450
4.210, 230.550, 18.493, -59.701, 0.000, 0.000, 157.219, -107.550, 4.210, 269.448, 18.493, -59.701, 0.000, 0.000, 157.219, -132.450
4.220, 230.729, 17.896, -59.701, 0.000, 0.000, 157.398, -107.550, 4.220, 269.627, 17.896, -59.701, 0.000, 0.000, 157.398, -132.450
4.230, 230.902, 17.299, -59.701, 0.000, 0.000, 157.571, -107.550, 4.230, 269.800, 17.299, -59.701, 0.000, 0.000, 157.571, -132.450
4.240, 231.069, 16.702, -59.701, -0.000, 0.000, 157.738, -107.550, 4.240, 269.967, 16.702, -59.701, -0.000, 0.000, 157.738, -132.450
4.250, 231.230, 16.105, -59.701, 0.000, 0.000, 157.899, -107.550, 4.250, 270.128, 16.105, -59.701, 0.000, 0.000, 157.899, -132.450
4.260, 231.385, 15.508, -59.701, -0.000, 0.000, 158.054, -107.550, 4.260, 270.283, 15.508, -59.701, -0.000, 0.000, 158.054, -132.450
4.270, 231.534, 14.911, -59.701, 0.000, 0.000, 158.203, -107.550, 4.270, 270.432, 14.911, -59.701, 0.000, 0.000, 158.203, -132.450
4.280, 231.677, 14.314, -59.701, -0.000, 0.000, 158.346, -107.550, 4.280, 270.575, 14.314, -59.701, -0.000, 0.000, 158.346, -132.450
4.290, 231.814, 13.717, -59.701, 0.000, 0.000, 158.483, -107.550, 4.290, 270.712, 13.717, -59.701, 0.000, 0.000, 158.483, -132.450
4.300, 231.945, 13.120, -59.701, -0.000, 0.000, 158.614, -107.550, 4.300, 270.843, 13.120, -59.701, -0.000, 0.000, 158.614, -132.450
4.310, 232.071, 12.523, -59.701, 0.000, 0.000, 158.740, -107.550, 4.310, 270.969, 12.523, -59.701, 0.000, 0.000, 158.740, -132.450
4.320, 232.190, 11.926, -59.701, -0.000, 0.000, 158.859, -107.550, 4.320, 271.088, 11.926, -59.701, -0.000, 0.000, 158.859, -132.450
4.330, 232.303, 11.329, -59.701, 0.000, 0.000, 158.972, -107.550, 4.330, 271.201, 11.329, -59.701, 0.000, 0.000, 158.972, -132.450
4.340, 232.410, 10.732, -59.701, 0.000, 0.000, 159.080, -107.550, 4.340, 271.309, 10.732, -59.701, 0.000, 0.000, 159.080, -132.450
4.350, 232.512, 10.135, -59.701, 0.000, 0.000, 159.181, -107.550, 4.350, 271.410, 10.135, -59.701, 0.000, 0.000, 159.181, -132.450
4.360, 232.607, 9.538, -59.701, 0.000, 0.000, 159.276, -107.550, 4.360, 271.505, 9.538, -59.701, 0.000, 0.000, 159.276, -132.450
4.370, 232.697, 8.941, -59.701, -0.000, 0.000, 159.366, -107.550, 4.370, 271.595, 8.941, -59.701, -0.000, 0.000, 159.366, -132.450
4.380, 232.780, 8.344, -59.701, 0.000, 0.000, 159.449, -107.550, 4.380, 271.678, 8.344, -59.701, 0.000, 0.000, 159.449, -132.450
4.390, 232.857, 7.747, -59.701, 0.000, 0.000, 159.527, -107.550, 4.390, 271.756, 7.747, -59.701, 0.000, 0.000, 159.527, -132.450
4.400, 232.929, 7.150, -59.701, 0.000, 0.000, 159.598, -107.550, 4.400, 271.827, 7.150, -59.701, 0.000, 0.000, 159.598, -132.450
4.410, 232.995, 6.553, -59.701, 0.000, 0.000, 159.664, -107.550, 4.410, 271.893, 6.553, -59.701, 0.000, 0.000, 159.664, -132.450
4.420, 233.054, 5.956, -59.701, -0.000, 0.000, 159.723, -107.550, 4.420, 271.952, 5.956, -59.701, -0.000, 0.000, 159.723, -132.450
4.430, 233.108, 5.359, -59.701, 0.000, 0.000, 159.777, -107.550, 4.430, 272.006, 5.359, -59.701, 0.000, 0.000, 159.777, -132.450
4.440, 233.155, 4.762, -59.701, -0.000, 0.000, 159.824, -107.550, 4.440, 272.053, 4.762, -59.701, -0.000, 0.000, 159.824, -132.450
4.450, 233.197, 4.165, -59.701, 0.000, 0.000, 159.866, -107.550, 4.450, 272.095, 4.165, -59.701, 0.000, 0.000, 159.866, -132.450
4.460, 233.233, 3.568, -59.701, -0.000, 0.000, 159.902, -107.550, 4.460, 272.131, 3.568, -59.701, -0.000, 0.000, 159.902, -132.450
4.470, 233.262, 2.971, -59.701, -0.000, 0.000, 159.931, -107.550, 4.470, 272.160, 2.971, -59.701, -0.000, 0.000, 159.931, -132.450
4.480, 233.286, 2.374, -59.701, 0.000, 0.000, 159.955, -107.550, 4.480, 272.184, 2.374, -59.701, 0.000, 0.000, 159.955, -132.450
4.490, 233.304, 1.778, -59.581, 12.080, 0.000, 159.973, -107.550, 4.490, 272.202, 1.778, -59.581, 12.080, 0.000, 159.973, -132.450
4.500, 233.316, 1.233, -54.485, 509.593, 0.000, 159.985, -107.550, 4.500, 272.214, 1.233, -54.485, 509.593, 0.000, 159.985, -132.450
4.510, 233.324, 0.788, -44.535, 995.025, 0.000, 159.993, -107.550, 4.510, 272.222, 0.788, -44.535, 995.025, 0.000, 159.993, -132.450
4.520, 233.328, 0.442, -34.584, 995.025, 0.000, 159.998, -107.550, 4.520, 272.227, 0.442, -34.584, 995.025, 0.000, 159.998, -132.450
4.530, 233.330, 0.195, -24.634, 995.025, 0.000, 160.000, -107.550, 4.530, 272.229, 0.195, -24.634, 995.025, 0.000, 160.000, -132.450
4.540, 233.331, 0.049, -14.684, 995.025, 0.000, 160.000, -107.550, 4.540, 272.229, 0.049, -14.684, 995.025, 0.000, 160.000, -132.450
4.550, 233.331, 0.000, -4.854, 982.944, 0.000, 160.000, -107.550, 4.550, 272.229, 0.000, -4.854, 982.944, 0.000, 160.000, -132.450
