0.000, 0.000, 0.060, 6.000, 600.000, 6.283, 0.000, 12.450, 0.000, 0.000, 0.060, 6.000, 600.000, 6.283, 0.000, -12.450
0.010, 0.002, 0.120, 6.000, 0.004, 6.283, 0.002, 12.450, 0.010, 0.001, 0.120, 6.000, -0.004, 6.283, 0.001, -12.450
0.020, 0.004, 0.270, 15.000, 900.021, 6.283, 0.004, 12.450, 0.020, 0.004, 0.270, 15.000, 899.979, 6.283, 0.004, -12.450
0.030, 0.009, 0.480, 21.001, 600.064, 6.283, 0.009, 12.450, 0.030, 0.009, 0.480, 20.999, 599.936, 6.283, 0.009, -12.450
0.040, 0.017, 0.750, 27.002, 600.148, 6.283, 0.017, 12.450, 0.040, 0.016, 0.750, 26.998, 599.852, 6.283, 0.016, -12.450
0.050, 0.027, 1.080, 33.005, 600.285, 6.283, 0.027, 12.450, 0.050, 0.027, 1.080, 32.995, 599.715, 6.283, 0.027, -12.450
0.060, 0.042, 1.470, 39.010, 600.488, 6.283, 0.042, 12.450, 0.060, 0.042, 1.470, 38.990, 599.512, 6.283, 0.042, -12.450
0.070, 0.061, 1.920, 45.018, 600.771, 6.283, 0.061, 12.450, 0.070, 0.061, 1.920, 44.982, 599.229, 6.283, 0.061, -12.450
0.080, 0.086, 2.431, 51.029, 601.145, 6.283, 0.086, 12.450, 0.080, 0.085, 2.429, 50.971, 598.855, 6.283, 0.085, -12.450
0.090, 0.116, 3.001, 57.046, 601.624, 6.283, 0.116, 12.450, 0.090, 0.115, 2.999, 56.954, 598.376, 6.283, 0.115, -12.450
0.100, 0.152, 3.602, 60.066, 302.052, 6.283, 0.152, 12.450, 0.100, 0.151, 3.598, 59.934, 297.948, 6.283, 0.151, -12.450
0.110, 0.194, 4.203, 60.090, 2.372, 6.283, 0.194, 12.450, 0.110, 0.193, 4.197, 59.910, -2.372, 6.283, 0.193, -12.450
0.120, 0.242, 4.804, 60.117, 2.757, 6.283, 0.242, 12.450, 0.120, 0.241, 4.796, 59.883, -2.757, 6.283, 0.241, -12.450
0.130, 0.296, 5.405, 60.149, 3.136, 6.283, 0.296, 12.450, 0.130, 0.295, 5.395, 59.851, -3.136, 6.283, 0.295, -12.450
0.140, 0.356, 6.007, 60.184, 3.510, 6.283, 0.356, 12.450, 0.140, 0.355, 5.993, 59.816, -3.510, 6.283, 0.355, -12.450
0.150, 0.422, 6.609, 60.223, 3.878, 6.283, 0.422, 12.450, 0.150, 0.421, 6.591, 59.777, -3.878, 6.283, 0.421, -12.450
0.160, 0.494, 7.212, 60.265, 4.238, 6.283, 0.494, 12.450, 0.160, 0.493, 7.188, 59.735, -4.238, 6.283, 0.493, -12.450
0.170, 0.572, 7.815, 60.311, 4.591, 6.283, 0.572, 12.450, 0.170, 0.571, 7.785, 59.689, -4.591, 6.283, 0.571, -12.450
0.180, 0.656, 8.419, 60.360, 4.935, 6.283, 0.656, 12.450, 0.180, 0.655, 8.381, 59.640, -4.935, 6.283, 0.655, -12.450
0.190, 0.747, 9.023, 60.413, 5.270, 6.283, 0.747, 12.450, 0.190, 0.744, 8.977, 59.587, -5.270, 6.283, 0.744, -12.450
0.200, 0.843, 9.628, 60.469, 5.595, 6.283, 0.843, 12.450, 0.200, 0.840, 9.572, 59.531, -5.595, 6.283, 0.840, -12.450
0.210, 0.945, 10.233, 60.528, 5.910, 6.283, 0.945, 12.450, 0.210, 0.942, 10.167, 59.472, -5.910, 6.283, 0.942, -12.450
0.220, 1.054, 10.839, 60.590, 6.214, 6.283, 1.054, 12.450, 0.220, 1.049, 10.761, 59.410, -6.214, 6.283, 1.049, -12.450
0.230, 1.168, 11.445, 60.655, 6.507, 6.283, 1.168, 12.450, 0.230, 1.163, 11.355, 59.345, -6.507, 6.283, 1.163, -12.450
0.240, 1.288, 12.053, 60.723, 6.787, 6.283, 1.288, 12.450, 0.240, 1.283, 11.947, 59.277, -6.787, 6.283, 1.283, -12.450
0.250, 1.415, 12.660, 60.794, 7.054, 6.283, 1.415, 12.450, 0.250, 1.408, 12.540, 59.206, -7.054, 6.283, 1.408, -12.450
0.260, 1.548, 13.269, 60.867, 7.307, 6.283, 1.548, 12.450, 0.260, 1.539, 13.131, 59.133, -7.307, 6.283, 1.539, -12.450
0.270, 1.687, 13.879, 60.942, 7.547, 6.283, 1.687, 12.450, 0.270, 1.676, 13.721, 59.058, -7.547, 6.283, 1.676, -12.450
0.280, 1.831, 14.489, 61.020, 7.772, 6.283, 1.831, 12.450, 0.280, 1.820, 14.311, 58.980, -7.772, 6.283, 1.820, -12.450
0.290, 1.982, 15.100, 61.100, 7.981, 6.283, 1.982, 12.450, 0.290, 1.969, 14.900, 58.900, -7.981, 6.283, 1.969, -12.450
0.300, 2.140, 15.712, 61.181, 8.175, 6.283, 2.140, 12.450, 0.300, 2.123, 15.488, 58.819, -8.175, 6.283, 2.123, -12.450
0.310, 2.303, 16.324, 61.265, 8.353, 6.282, 2.303, 12.449, 0.310, 2.284, 16.076, 58.735, -8.353, 6.282, 2.284, -12.451
0.320, 2.472, 16.938, 61.350, 8.514, 6.282, 2.472, 12.449, 0.320, 2.451, 16.662, 58.650, -8.514, 6.282, 2.451, -12.451
0.330, 2.648, 17.552, 61.437, 8.658, 6.282, 2.648, 12.449, 0.330, 2.623, 17.248, 58.563, -8.658, 6.282, 2.623, -12.451
0.340, 2.829, 18.167, 61.524, 8.784, 6.282, 2.829, 12.449, 0.340, 2.802, 17.833, 58.476, -8.784, 6.282, 2.802, -12.451
0.350, 3.017, 18.783, 61.613, 8.891, 6.282, 3.017, 12.449, 0.350, 2.986, 18.417, 58.387, -8.891, 6.282, 2.986, -12.451
0.360, 3.211, 19.400, 61.703, 8.980, 6.282, 3.211, 12.448, 0.360, 3.176, 19.000, 58.297, -8.980, 6.282, 3.176, -12.452
0.370, 3.411, 20.018, 61.794, 9.050, 6.282, 3.411, 12.448, 0.370, 3.372, 19.582, 58.206, -9.050, 6.282, 3.372, -12.452
0.380, 3.618, 20.637, 61.885, 9.100, 6.281, 3.618, 12.448, 0.380, 3.573, 20.163, 58.115, -9.100, 6.281, 3.573, -12.452
0.390, 3.830, 21.257, 61.976, 9.131, 6.281, 3.830, 12.447, 0.390, 3.781, 20.743, 58.024, -9.131, 6.281, 3.781, -12.453
0.400, 4.049, 21.878, 62.067, 9.141, 6.281, 4.049, 12.447, 0.400, 3.994, 21.322, 57.933, -9.141, 6.281, 3.994, -12.453
0.410, 4.274, 22.499, 62.159, 9.130, 6.281, 4.274, 12.446, 0.410, 4.213, 21.901, 57.841, -9.130, 6.281, 4.213, -12.454
0.420, 4.505, 23.122, 62.250, 9.099, 6.280, 4.505, 12.446, 0.420, 4.438, 22.478, 57.750, -9.099, 6.280, 4.438, -12.454
0.430, 4.743, 23.745, 62.340, 9.046, 6.280, 4.743, 12.445, 0.430, 4.668, 23.055, 57.660, -9.046, 6.280, 4.668, -12.455
0.440, 4.986, 24.369, 62.430, 8.972, 6.280, 4.986, 12.444, 0.440, 4.905, 23.631, 57.570, -8.971, 6.280, 4.905, -12.456
0.450, 5.236, 24.995, 62.519, 8.875, 6.280, 5.236, 12.444, 0.450, 5.147, 24.205, 57.481, -8.875, 6.280, 5.147, -12.456
0.460, 5.493, 25.621, 62.606, 8.756, 6.279, 5.493, 12.443, 0.460, 5.394, 24.779, 57.394, -8.756, 6.279, 5.394, -12.457
0.470, 5.755, 26.248, 62.692, 8.615, 6.279, 5.755, 12.441, 0.470, 5.648, 25.352, 57.308, -8.615, 6.279, 5.648, -12.458
0.480, 6.024, 26.875, 62.777, 8.452, 6.278, 6.024, 12.440, 0.480, 5.907, 25.925, 57.223, -8.452, 6.278, 5.907, -12.459
0.490, 6.299, 27.504, 62.860, 8.265, 6.278, 6.299, 12.439, 0.490, 6.172, 26.496, 57.140, -8.265, 6.278, 6.172, -12.461
0.500, 6.580, 28.133, 62.940, 8.055, 6.278, 6.580, 12.437, 0.500, 6.443, 27.067, 57.060, -8.055, 6.278, 6.443, -12.462
0.510, 6.868, 28.764, 63.018, 7.823, 6.277, 6.868, 12.436, 0.510, 6.719, 27.636, 56.982, -7.823, 6.277, 6.719, -12.464
0.520, 7.162, 29.395, 63.094, 7.566, 6.277, 7.162, 12.434, 0.520, 7.001, 28.205, 56.906, -7.567, 6.277, 7.001, -12.466
0.530, 7.462, 30.026, 63.167, 7.287, 6.276, 7.462, 12.432, 0.530, 7.289, 28.774, 56.833, -7.287, 6.276, 7.289, -12.467
0.540, 7.769, 30.659, 63.237, 6.984, 6.276, 7.769, 12.430, 0.540, 7.582, 29.341, 56.763, -6.984, 6.276, 7.582, -12.470
0.550, 8.082, 31.292, 63.303, 6.657, 6.275, 8.082, 12.427, 0.550, 7.881, 29.908, 56.697, -6.657, 6.275, 7.881, -12.472
0.560, 8.401, 31.925, 63.366, 6.307, 6.275, 8.401, 12.425, 0.560, 8.186, 30.475, 56.634, -6.307, 6.275, 8.186, -12.474
0.570, 8.726, 32.560, 63.426, 5.933, 6.274, 8.726, 12.422, 0.570, 8.497, 31.040, 56.574, -5.933, 6.274, 8.496, -12.477
0.580, 9.058, 33.194, 63.481, 5.536, 6.273, 9.058, 12.419, 0.580, 8.813, 31.606, 56.519, -5.536, 6.273, 8.813, -12.480
0.590, 9.397, 33.830, 63.532, 5.115, 6.273, 9.397, 12.415, 0.590, 9.134, 32.170, 56.468, -5.115, 6.273, 9.134, -12.484
0.600, 9.741, 34.465, 63.579, 4.670, 6.272, 9.741, 12.411, 0.600, 9.462, 32.735, 56.421, -4.670, 6.272, 9.462, -12.487
0.610, 10.092, 35.102, 63.621, 4.203, 6.271, 10.092, 12.407, 0.610, 9.795, 33.298, 56.379, -4.203, 6.271, 9.795, -12.491
0.620, 10.450, 35.738, 63.658, 3.712, 6.270, 10.450, 12.403, 0.620, 10.133, 33.862, 56.342, -3.712, 6.270, 10.133, -12.495
0.630, 10.813, 36.375, 63.690, 3.198, 6.270, 10.813, 12.398, 0.630, 10.478, 34.425, 56.310, -3.198, 6.270, 10.477, -12.500
0.640, 11.184, 37.012, 63.717, 2.661, 6.269, 11.183, 12.393, 0.640, 10.827, 34.988, 56.283, -2.662, 6.269, 10.827, -12.504
0.650, 11.560, 37.650, 63.738, 2.102, 6.268, 11.560, 12.387, 0.650, 11.183, 35.550, 56.262, -2.103, 6.268, 11.183, -12.510
0.660, 11.943, 38.287, 63.753, 1.521, 6.267, 11.943, 12.381, 0.660, 11.544, 36.113, 56.247, -1.521, 6.267, 11.544, -12.515
0.670, 12.332, 38.925, 63.762, 0.918, 6.266, 12.332, 12.375, 0.670, 11.911, 36.675, 56.238, -0.918, 6.266, 11.910, -12.521
0.680, 12.728, 39.562, 63.765, 0.293, 6.265, 12.727, 12.368, 0.680, 12.283, 37.238, 56.235, -0.294, 6.265, 12.283, -12.528
0.690, 13.130, 40.200, 63.761, -0.352, 6.264, 13.129, 12.361, 0.690, 12.661, 37.800, 56.239, 0.352, 6.264, 12.661, -12.535
0.700, 13.538, 40.838, 63.751, -1.019, 6.263, 13.538, 12.353, 0.700, 13.045, 38.362, 56.249, 1.018, 6.263, 13.044, -12.542
0.710, 13.953, 41.475, 63.734, -1.705, 6.262, 13.952, 12.344, 0.710, 13.434, 38.925, 56.266, 1.705, 6.262, 13.433, -12.550
0.720, 14.374, 42.112, 63.710, -2.411, 6.261, 14.373, 12.335, 0.720, 13.829, 39.488, 56.290, 2.411, 6.261, 13.828, -12.559
0.730, 14.802, 42.749, 63.679, -3.136, 6.260, 14.801, 12.326, 0.730, 14.229, 40.051, 56.321, 3.136, 6.260, 14.229, -12.568
0.740, 15.235, 43.385, 63.640, -3.879, 6.259, 15.234, 12.316, 0.740, 14.636, 40.615, 56.360, 3.879, 6.259, 14.635, -12.577
0.750, 15.676, 44.021, 63.594, -4.639, 6.258, 15.675, 12.305, 0.750, 15.047, 41.179, 56.406, 4.639, 6.258, 15.046, -12.587
0.760, 16.122, 44.657, 63.539, -5.417, 6.257, 16.121, 12.293, 0.760, 15.465, 41.743, 56.461, 5.417, 6.257, 15.464, -12.598
0.770, 16.575, 45.291, 63.477, -6.210, 6.256, 16.574, 12.281, 0.770, 15.888, 42.309, 56.523, 6.210, 6.256, 15.887, -12.609
0.780, 17.034, 45.925, 63.407, -7.019, 6.254, 17.033, 12.268, 0.780, 16.317, 42.875, 56.593, 7.019, 6.254, 16.315, -12.622
0.790, 17.500, 46.559, 63.329, -7.841, 6.253, 17.498, 12.254, 0.790, 16.751, 43.441, 56.671, 7.841, 6.253, 16.749, -12.634
0.800, 17.972, 47.191, 63.242, -8.677, 6.252, 17.970, 12.240, 0.800, 17.191, 44.009, 56.758, 8.677, 6.252, 17.189, -12.648
0.810, 18.450, 47.823, 63.147, -9.525, 6.251, 18.448, 12.225, 0.810, 17.637, 44.577, 56.853, 9.525, 6.251, 17.635, -12.662
0.820, 18.935, 48.453, 63.043, -10.384, 6.249, 18.932, 12.208, 0.820, 18.088, 45.147, 56.957, 10.384, 6.249, 18.086, -12.677
0.830, 19.425, 49.082, 62.930, -11.253, 6.248, 19.423, 12.191, 0.830, 18.546, 45.718, 57.070, 11.253, 6.248, 18.543, -12.693
0.840, 19.923, 49.710, 62.809, -12.131, 6.246, 19.919, 12.174, 0.840, 19.008, 46.290, 57.191, 12.131, 6.246, 19.005, -12.710
0.850, 20.426, 50.337, 62.679, -13.016, 6.245, 20.422, 12.155, 0.850, 19.477, 46.863, 57.321, 13.016, 6.245, 19.474, -12.727
0.860, 20.936, 50.963, 62.540, -13.907, 6.244, 20.932, 12.135, 0.860, 19.951, 47.437, 57.460, 13.907, 6.244, 19.948, -12.746
0.870, 21.451, 51.587, 62.392, -14.803, 6.242, 21.447, 12.114, 0.870, 20.432, 48.013, 57.608, 14.803, 6.242, 20.428, -12.765
0.880, 21.974, 52.209, 62.235, -15.702, 6.241, 21.969, 12.092, 0.880, 20.917, 48.591, 57.765, 15.702, 6.241, 20.913, -12.785
0.890, 22.502, 52.830, 62.069, -16.603, 6.239, 22.497, 12.070, 0.890, 21.409, 49.170, 57.931, 16.603, 6.239, 21.404, -12.806
0.900, 23.036, 53.448, 61.894, -17.503, 6.238, 23.030, 12.046, 0.900, 21.907, 49.752, 58.106, 17.504, 6.238, 21.901, -12.829
0.910, 23.577, 54.066, 61.710, -18.403, 6.236, 23.571, 12.021, 0.910, 22.410, 50.334, 58.290, 18.403, 6.236, 22.404, -12.852
0.920, 24.124, 54.681, 61.517, -19.299, 6.235, 24.117, 11.995, 0.920, 22.919, 50.919, 58.483, 19.299, 6.235, 22.913, -12.876
0.930, 24.677, 55.294, 61.315, -20.190, 6.233, 24.669, 11.968, 0.930, 23.434, 51.506, 58.685, 20.190, 6.233, 23.427, -12.901
0.940, 25.236, 55.905, 61.104, -21.075, 6.232, 25.227, 11.939, 0.940, 23.955, 52.095, 58.896, 21.075, 6.232, 23.947, -12.928
0.950, 25.801, 56.514, 60.884, -21.951, 6.230, 25.792, 11.910, 0.950, 24.482, 52.686, 59.116, 21.951, 6.230, 24.474, -12.955
0.960, 26.372, 57.120, 60.656, -22.816, 6.229, 26.362, 11.879, 0.960, 25.015, 53.280, 59.344, 22.817, 6.229, 25.006, -12.984
0.970, 26.949, 57.725, 60.420, -23.670, 6.227, 26.938, 11.847, 0.970, 25.554, 53.875, 59.580, 23.670, 6.227, 25.544, -13.014
0.980, 27.533, 58.326, 60.174, -24.509, 6.226, 27.521, 11.814, 0.980, 26.098, 54.474, 59.826, 24.509, 6.226, 26.087, -13.045
0.990, 28.122, 58.925, 59.921, -25.332, 6.224, 28.109, 11.780, 0.990, 26.649, 55.075, 60.079, 25.332, 6.224, 26.637, -13.077
1.000, 28.717, 59.522, 59.660, -26.137, 6.222, 28.703, 11.744, 1.000, 27.206, 55.678, 60.340, 26.137, 6.222, 27.193, -13.110
1.010, 29.318, 60.116, 59.391, -26.922, 6.221, 29.303, 11.707, 1.010, 27.769, 56.284, 60.609, 26.922, 6.221, 27.755, -13.145
1.020, 29.925, 60.707, 59.114, -27.684, 6.219, 29.909, 11.669, 1.020, 28.338, 56.893, 60.886, 27.684, 6.219, 28.323, -13.180
1.030, 30.538, 61.295, 58.830, -28.421, 6.218, 30.521, 11.630, 1.030, 28.913, 57.505, 61.170, 28.422, 6.218, 28.896, -13.217
1.040, 31.157, 61.881, 58.538, -29.133, 6.216, 31.138, 11.589, 1.040, 29.494, 58.119, 61.462, 29.133, 6.216, 29.476, -13.256
1.050, 31.782, 62.463, 58.240, -29.815, 6.215, 31.761, 11.547, 1.050, 30.081, 58.737, 61.760, 29.815, 6.215, 30.062, -13.295
1.060, 32.412, 63.043, 57.935, -30.466, 6.213, 32.390, 11.503, 1.060, 30.675, 59.357, 62.065, 30.467, 6.213, 30.655, -13.336
1.070, 33.048, 63.619, 57.625, -31.084, 6.212, 33.025, 11.458, 1.070, 31.275, 59.981, 62.375, 31.085, 6.212, 31.253, -13.379
1.080, 33.690, 64.192, 57.308, -31.667, 6.211, 33.665, 11.412, 1.080, 31.881, 60.608, 62.692, 31.667, 6.211, 31.857, -13.422
1.090, 34.338, 64.762, 56.986, -32.212, 6.209, 34.311, 11.365, 1.090, 32.493, 61.238, 63.014, 32.212, 6.209, 32.468, -13.467
1.100, 34.991, 65.328, 56.659, -32.717, 6.208, 34.963, 11.316, 1.100, 33.112, 61.872, 63.341, 32.717, 6.208, 33.085, -13.513
1.110, 35.650, 65.892, 56.327, -33.180, 6.206, 35.620, 11.266, 1.110, 33.737, 62.508, 63.673, 33.180, 6.206, 33.708, -13.561
1.120, 36.315, 66.452, 55.991, -33.598, 6.205, 36.282, 11.214, 1.120, 34.368, 63.148, 64.009, 33.598, 6.205, 34.338, -13.610
1.130, 36.985, 67.008, 55.651, -33.969, 6.204, 36.950, 11.161, 1.130, 35.006, 63.792, 64.349, 33.969, 6.204, 34.974, -13.660
1.140, 37.660, 67.561, 55.308, -34.291, 6.202, 37.624, 11.107, 1.140, 35.651, 64.439, 64.692, 34.291, 6.202, 35.616, -13.712
1.150, 38.341, 68.111, 54.963, -34.561, 6.201, 38.302, 11.052, 1.150, 36.302, 65.089, 65.037, 34.561, 6.201, 36.265, -13.764
1.160, 39.028, 68.657, 54.615, -34.776, 6.200, 38.987, 10.995, 1.160, 36.959, 65.743, 65.385, 34.777, 6.200, 36.920, -13.819
1.170, 39.720, 69.200, 54.265, -34.935, 6.199, 39.676, 10.938, 1.170, 37.623, 66.400, 65.735, 34.935, 6.199, 37.582, -13.874
1.180, 40.417, 69.739, 53.915, -35.035, 6.198, 40.371, 10.879, 1.180, 38.294, 67.061, 66.085, 35.035, 6.198, 38.250, -13.931
1.190, 41.120, 70.274, 53.564, -35.072, 6.197, 41.071, 10.818, 1.190, 38.971, 67.726, 66.436, 35.072, 6.197, 38.925, -13.989
1.200, 41.828, 70.806, 53.214, -35.045, 6.196, 41.777, 10.757, 1.200, 39.655, 68.394, 66.786, 35.045, 6.196, 39.606, -14.048
1.210, 42.541, 71.335, 52.864, -34.950, 6.195, 42.487, 10.695, 1.210, 40.346, 69.065, 67.136, 34.950, 6.195, 40.294, -14.109
1.220, 43.260, 71.860, 52.517, -34.785, 6.194, 43.203, 10.631, 1.220, 41.043, 69.740, 67.483, 34.785, 6.194, 40.989, -14.170
1.230, 43.984, 72.382, 52.171, -34.547, 6.193, 43.924, 10.566, 1.230, 41.747, 70.418, 67.829, 34.547, 6.193, 41.690, -14.233
1.240, 44.713, 72.900, 51.829, -34.232, 6.193, 44.650, 10.501, 1.240, 42.458, 71.100, 68.171, 34.232, 6.193, 42.398, -14.297
1.250, 45.447, 73.415, 51.490, -33.838, 6.192, 45.381, 10.434, 1.250, 43.176, 71.785, 68.510, 33.838, 6.192, 43.113, -14.363
1.260, 46.186, 73.927, 51.157, -33.361, 6.191, 46.117, 10.366, 1.260, 43.901, 72.473, 68.843, 33.361, 6.191, 43.835, -14.429
1.270, 46.931, 74.435, 50.829, -32.798, 6.191, 46.858, 10.298, 1.270, 44.632, 73.165, 69.171, 32.798, 6.191, 44.563, -14.496
1.280, 47.680, 74.940, 50.507, -32.146, 6.190, 47.605, 10.229, 1.280, 45.371, 73.860, 69.493, 32.145, 6.190, 45.299, -14.564
1.290, 48.434, 75.442, 50.193, -31.399, 6.190, 48.356, 10.159, 1.290, 46.117, 74.558, 69.807, 31.399, 6.190, 46.041, -14.633
1.300, 49.194, 75.941, 49.888, -30.555, 6.190, 49.112, 10.088, 1.300, 46.869, 75.259, 70.112, 30.555, 6.190, 46.791, -14.704
1.310, 49.958, 76.437, 49.592, -29.610, 6.190, 49.873, 10.017, 1.310, 47.629, 75.963, 70.408, 29.609, 6.190, 47.547, -14.774
1.320, 50.728, 76.930, 49.306, -28.559, 6.190, 50.639, 9.945, 1.320, 48.395, 76.670, 70.694, 28.558, 6.190, 48.310, -14.846
1.330, 51.502, 77.420, 49.032, -27.398, 6.190, 51.410, 9.872, 1.330, 49.169, 77.380, 70.968, 27.397, 6.190, 49.081, -14.918
1.340, 52.281, 77.908, 48.771, -26.122, 6.190, 52.185, 9.800, 1.340, 49.950, 78.092, 71.229, 26.121, 6.190, 49.858, -14.991
1.350, 53.065, 78.393, 48.524, -24.726, 6.190, 52.966, 9.726, 1.350, 50.738, 78.807, 71.476, 24.725, 6.190, 50.643, -15.065
1.360, 53.854, 78.876, 48.292, -23.206, 6.190, 53.751, 9.653, 1.360, 51.533, 79.524, 71.708, 23.205, 6.190, 51.434, -15.139
1.370, 54.647, 79.357, 48.076, -21.556, 6.190, 54.541, 9.579, 1.370, 52.336, 80.243, 71.924, 21.555, 6.190, 52.233, -15.214
1.380, 55.445, 79.836, 47.878, -19.770, 6.191, 55.336, 9.505, 1.380, 53.146, 80.964, 72.122, 19.769, 6.191, 53.040, -15.289
1.390, 56.249, 80.313, 47.700, -17.844, 6.191, 56.136, 9.431, 1.390, 53.962, 81.687, 72.300, 17.842, 6.191, 53.853, -15.364
1.400, 57.056, 80.788, 47.542, -15.770, 6.192, 56.941, 9.358, 1.400, 54.787, 82.412, 72.458, 15.769, 6.192, 54.674, -15.439
1.410, 57.869, 81.262, 47.407, -13.544, 6.193, 57.750, 9.284, 1.410, 55.618, 83.138, 72.593, 13.543, 6.193, 55.502, -15.514
1.420, 58.686, 81.735, 47.295, -11.159, 6.194, 58.564, 9.210, 1.420, 56.457, 83.865, 72.705, 11.158, 6.194, 56.337, -15.590
1.430, 59.509, 82.207, 47.209, -8.609, 6.195, 59.383, 9.137, 1.430, 57.302, 84.593, 72.791, 8.607, 6.195, 57.179, -15.665
1.440, 60.335, 82.679, 47.150, -5.887, 6.196, 60.206, 9.065, 1.440, 58.156, 85.321, 72.850, 5.885, 6.196, 58.029, -15.740
1.450, 61.167, 83.150, 47.120, -2.987, 6.197, 61.035, 8.992, 1.450, 59.016, 86.050, 72.879, 2.986, 6.197, 58.887, -15.815
1.460, 62.003, 83.621, 47.121, 0.097, 6.198, 61.868, 8.921, 1.460, 59.884, 86.779, 72.879, -0.099, 6.198, 59.751, -15.889
1.470, 62.844, 84.093, 47.155, 3.373, 6.199, 62.706, 8.850, 1.470, 60.759, 87.507, 72.845, -3.375, 6.199, 60.623, -15.963
1.480, 63.690, 84.565, 47.224, 6.846, 6.201, 63.548, 8.780, 1.480, 61.641, 88.235, 72.776, -6.848, 6.201, 61.503, -16.036
1.490, 64.540, 85.038, 47.329, 10.524, 6.203, 64.396, 8.711, 1.490, 62.531, 88.962, 72.671, -10.526, 6.203, 62.389, -16.108
1.500, 65.395, 85.513, 47.473, 14.412, 6.204, 65.248, 8.642, 1.500, 63.428, 89.687, 72.527, -14.414, 6.204, 63.283, -16.180
1.510, 66.255, 85.989, 47.658, 18.517, 6.206, 66.106, 8.575, 1.510, 64.332, 90.411, 72.342, -18.519, 6.206, 64.185, -16.251
1.520, 67.120, 86.468, 47.886, 22.845, 6.208, 66.968, 8.509, 1.520, 65.243, 91.132, 72.113, -22.847, 6.208, 65.093, -16.320
1.530, 67.989, 86.950, 48.161, 27.402, 6.210, 67.835, 8.445, 1.530, 66.162, 91.850, 71.839, -27.403, 6.210, 66.009, -16.388
1.540, 68.864, 87.435, 48.482, 32.193, 6.212, 68.707, 8.382, 1.540, 67.087, 92.565, 71.517, -32.194, 6.212, 66.932, -16.455
1.550, 69.743, 87.923, 48.855, 37.224, 6.214, 69.584, 8.320, 1.550, 68.020, 93.277, 71.145, -37.225, 6.214, 67.863, -16.521
1.560, 70.627, 88.416, 49.280, 42.499, 6.216, 70.466, 8.260, 1.560, 68.960, 93.984, 70.720, -42.500, 6.216, 68.801, -16.585
1.570, 71.516, 88.914, 49.760, 48.024, 6.219, 71.353, 8.201, 1.570, 69.907, 94.686, 70.240, -48.024, 6.219, 69.745, -16.647
1.580, 72.410, 89.417, 50.298, 53.801, 6.221, 72.246, 8.145, 1.580, 70.861, 95.383, 69.702, -53.801, 6.221, 70.697, -16.707
1.590, 73.309, 89.926, 50.896, 59.836, 6.223, 73.143, 8.090, 1.590, 71.822, 96.074, 69.103, -59.835, 6.223, 71.656, -16.766
1.600, 74.214, 90.441, 51.558, 66.130, 6.226, 74.046, 8.037, 1.600, 72.789, 96.759, 68.442, -66.129, 6.226, 72.622, -16.822
1.610, 75.124, 90.964, 52.284, 72.688, 6.229, 74.954, 7.986, 1.610, 73.763, 97.436, 67.715, -72.687, 6.229, 73.595, -16.877
1.620, 76.038, 91.495, 53.080, 79.511, 6.231, 75.868, 7.937, 1.620, 74.745, 98.105, 66.920, -79.509, 6.231, 74.575, -16.929
1.630, 76.959, 92.034, 53.946, 86.602, 6.234, 76.787, 7.891, 1.630, 75.732, 98.766, 66.054, -86.600, 6.234, 75.561, -16.979
1.640, 77.885, 92.583, 54.885, 93.963, 6.237, 77.712, 7.846, 1.640, 76.726, 99.417, 65.115, -93.961, 6.237, 76.554, -17.027
1.650, 78.816, 93.142, 55.901, 101.596, 6.239, 78.642, 7.804, 1.650, 77.727, 100.058, 64.099, -101.593, 6.239, 77.554, -17.072
1.660, 79.753, 93.712, 56.996, 109.502, 6.242, 79.579, 7.765, 1.660, 78.734, 100.688, 63.004, -109.499, 6.242, 78.560, -17.114
1.670, 80.696, 94.294, 58.173, 117.684, 6.245, 80.521, 7.727, 1.670, 79.747, 101.306, 61.827, -117.680, 6.245, 79.572, -17.154
1.680, 81.645, 94.888, 59.435, 126.144, 6.248, 81.469, 7.693, 1.680, 80.766, 101.912, 60.565, -126.140, 6.248, 80.590, -17.192
1.690, 82.600, 95.496, 60.783, 134.885, 6.251, 82.424, 7.660, 1.690, 81.791, 102.504, 59.217, -134.880, 6.251, 81.615, -17.227
1.700, 83.561, 96.118, 62.222, 143.910, 6.253, 83.384, 7.630, 1.700, 82.822, 103.082, 57.778, -143.905, 6.253, 82.645, -17.259
1.710, 84.529, 96.756, 63.755, 153.225, 6.256, 84.351, 7.603, 1.710, 83.858, 103.644, 56.245, -153.219, 6.256, 83.681, -17.288
1.720, 85.503, 97.410, 65.383, 162.835, 6.259, 85.325, 7.578, 1.720, 84.900, 104.190, 54.617, -162.829, 6.259, 84.723, -17.315
1.730, 86.484, 98.081, 67.111, 172.748, 6.262, 86.306, 7.556, 1.730, 85.947, 104.719, 52.890, -172.741, 6.262, 85.770, -17.339
1.740, 87.471, 98.770, 68.940, 182.973, 6.264, 87.293, 7.536, 1.740, 87.000, 105.230, 51.060, -182.967, 6.264, 86.822, -17.360
1.750, 88.466, 99.479, 70.875, 193.522, 6.267, 88.288, 7.518, 1.750, 88.057, 105.721, 49.125, -193.516, 6.267, 87.879, -17.379
1.760, 89.468, 100.208, 72.920, 204.410, 6.269, 89.290, 7.503, 1.760, 89.119, 106.192, 47.081, -204.404, 6.269, 88.941, -17.395
1.770, 90.478, 100.959, 75.076, 215.653, 6.271, 90.299, 7.490, 1.770, 90.185, 106.641, 44.924, -215.647, 6.271, 90.007, -17.408
1.780, 91.495, 101.732, 77.349, 227.271, 6.274, 91.317, 7.479, 1.780, 91.256, 107.068, 42.652, -227.266, 6.274, 91.077, -17.420
1.790, 92.520, 102.530, 79.742, 239.288, 6.276, 92.342, 7.470, 1.790, 92.331, 107.470, 40.259, -239.284, 6.276, 92.152, -17.429
1.800, 93.554, 103.352, 82.259, 251.729, 6.277, 93.375, 7.463, 1.800, 93.409, 107.848, 37.742, -251.726, 6.277, 93.231, -17.436
1.810, 94.596, 104.201, 84.905, 264.625, 6.279, 94.417, 7.458, 1.810, 94.491, 108.199, 35.095, -264.624, 6.279, 94.313, -17.442
1.820, 95.647, 105.078, 87.685, 278.007, 6.280, 95.468, 7.454, 1.820, 95.576, 108.522, 32.315, -278.008, 6.280, 95.398, -17.446
1.830, 96.707, 105.984, 90.604, 291.910, 6.281, 96.528, 7.452, 1.830, 96.664, 108.816, 29.396, -291.913, 6.281, 96.486, -17.448
1.840, 97.776, 106.921, 93.668, 306.370, 6.282, 97.597, 7.451, 1.840, 97.755, 109.079, 26.332, -306.377, 6.282, 97.577, -17.449
1.850, 98.855, 107.890, 96.882, 321.425, 6.283, 98.676, 7.450, 1.850, 98.848, 109.310, 23.118, -321.435, 6.283, 98.670, -17.450
1.860, 99.944, 108.892, 100.253, 337.111, 6.283, 99.765, 7.450, 1.860, 99.943, 109.508, 19.747, -337.125, 6.283, 99.765, -17.450
1.870, 101.041, 109.727, 83.453, -1680.058, 0.000, 100.862, 7.450, 1.870, 101.042, 109.873, 36.547, 1680.040, 0.000, 100.864, -17.450
1.880, 102.142, 110.137, 41.015, -4243.755, 0.000, 101.964, 7.450, 1.880, 102.149, 110.663, 78.985, 4243.745, 0.000, 101.970, -17.450
1.890, 103.248, 110.531, 39.369, -164.587, 0.001, 103.069, 7.451, 1.890, 103.263, 111.469, 80.630, 164.582, 0.001, 103.085, -17.449
1.900, 104.357, 110.923, 39.182, -18.752, 0.001, 104.178, 7.452, 1.900, 104.386, 112.277, 80.818, 18.746, 0.001, 104.208, -17.448
1.910, 105.470, 111.312, 38.965, -21.744, 0.002, 105.291, 7.453, 1.910, 105.517, 113.088, 81.035, 21.739, 0.002, 105.339, -17.447
1.920, 106.587, 111.699, 38.716, -24.818, 0.003, 106.408, 7.456, 1.920, 106.656, 113.901, 81.283, 24.811, 0.003, 106.478, -17.444
1.930, 107.708, 112.084, 38.437, -27.979, 0.004, 107.529, 7.460, 1.930, 107.803, 114.716, 81.563, 27.974, 0.004, 107.625, -17.440
1.940, 108.832, 112.465, 38.124, -31.243, 0.005, 108.654, 7.465, 1.940, 108.959, 115.535, 81.875, 31.234, 0.005, 108.780, -17.435
1.950, 109.961, 112.843, 37.778, -34.613, 0.006, 109.782, 7.471, 1.950, 110.122, 116.357, 82.222, 34.609, 0.006, 109.944, -17.428
1.960, 111.093, 113.217, 37.397, -38.109, 0.008, 110.914, 7.479, 1.960, 111.294, 117.183, 82.603, 38.100, 0.008, 111.115, -17.420
1.970, 112.229, 113.587, 36.980, -41.735, 0.010, 112.050, 7.490, 1.970, 112.474, 118.013, 83.020, 41.727, 0.010, 112.296, -17.409
1.980, 113.368, 113.952, 36.524, -45.506, 0.012, 113.190, 7.502, 1.980, 113.663, 118.848, 83.475, 45.497, 0.012, 113.484, -17.396
1.990, 114.511, 114.312, 36.030, -49.432, 0.014, 114.333, 7.517, 1.990, 114.860, 119.688, 83.969, 49.426, 0.014, 114.681, -17.381
2.000, 115.658, 114.638, 32.573, -345.753, 0.016, 115.479, 7.534, 2.000, 116.065, 120.502, 81.426, -254.259, 0.016, 115.886, -17.363
2.010, 116.807, 114.900, 26.180, -639.239, 0.019, 116.628, 7.554, 2.010, 117.277, 121.260, 75.819, -560.771, 0.019, 117.098, -17.341
2.020, 117.958, 115.098, 19.793, -638.756, 0.022, 117.778, 7.577, 2.020, 118.497, 121.962, 70.206, -561.253, 0.022, 118.317, -17.317
2.030, 119.110, 115.232, 13.410, -638.265, 0.025, 118.930, 7.604, 2.030, 119.723, 122.608, 64.589, -561.744, 0.025, 119.543, -17.288
2.040, 120.263, 115.302, 7.033, -637.746, 0.028, 120.083, 7.634, 2.040, 120.955, 123.198, 58.966, -562.268, 0.028, 120.775, -17.256
2.050, 121.416, 115.309, 0.661, -637.168, 0.031, 121.236, 7.668, 2.050, 122.192, 123.731, 53.338, -562.837, 0.031, 122.011, -17.220
2.060, 122.569, 115.251, -5.704, -636.524, 0.035, 122.388, 7.706, 2.060, 123.434, 124.208, 47.703, -563.492, 0.035, 123.253, -17.179
2.070, 123.720, 115.131, -12.062, -635.772, 0.039, 123.538, 7.748, 2.070, 124.681, 124.629, 42.060, -564.239, 0.039, 124.498, -17.133
2.080, 124.870, 114.947, -18.411, -634.896, 0.043, 124.687, 7.795, 2.080, 125.930, 124.993, 36.409, -565.114, 0.043, 125.747, -17.082
2.090, 126.017, 114.699, -24.750, -633.867, 0.047, 125.832, 7.846, 2.090, 127.183, 125.301, 30.748, -566.146, 0.047, 126.999, -17.026
2.100, 127.161, 114.417, -28.219, -346.968, 0.051, 126.975, 7.902, 2.100, 128.439, 125.583, 28.217, -253.042, 0.051, 128.253, -16.965
2.110, 128.302, 114.129, -28.854, -63.506, 0.056, 128.115, 7.964, 2.110, 129.698, 125.871, 28.852, 63.490, 0.056, 129.510, -16.897
2.120, 129.440, 113.833, -29.534, -67.908, 0.061, 129.251, 8.030, 2.120, 130.960, 126.167, 29.531, 67.889, 0.061, 130.770, -16.823
2.130, 130.576, 113.531, -30.257, -72.394, 0.066, 130.384, 8.102, 2.130, 132.224, 126.469, 30.255, 72.383, 0.066, 132.032, -16.743
2.140, 131.708, 113.220, -31.027, -76.982, 0.072, 131.514, 8.180, 2.140, 133.492, 126.779, 31.025, 76.953, 0.072, 133.297, -16.656
2.150, 132.837, 112.902, -31.844, -81.640, 0.077, 132.640, 8.264, 2.150, 134.763, 127.098, 31.841, 81.632, 0.077, 134.564, -16.561
2.160, 133.963, 112.575, -32.708, -86.406, 0.083, 133.762, 8.355, 2.160, 136.037, 127.425, 32.705, 86.373, 0.083, 135.834, -16.459
2.170, 135.085, 112.239, -33.620, -91.231, 0.090, 134.880, 8.452, 2.170, 137.315, 127.761, 33.617, 91.217, 0.090, 137.107, -16.349
2.180, 136.204, 111.893, -34.582, -96.146, 0.096, 135.994, 8.555, 2.180, 138.596, 128.107, 34.578, 96.115, 0.096, 138.383, -16.230
2.190, 137.319, 111.537, -35.593, -101.110, 0.103, 137.104, 8.666, 2.190, 139.881, 128.463, 35.589, 101.085, 0.103, 139.661, -16.102
2.200, 138.431, 111.170, -36.654, -106.124, 0.110, 138.209, 8.784, 2.200, 141.169, 128.829, 36.650, 106.097, 0.110, 140.942, -15.966
2.210, 139.539, 110.793, -37.765, -111.165, 0.117, 139.310, 8.910, 2.210, 142.461, 129.207, 37.761, 111.130, 0.117, 142.226, -15.819
2.220, 140.643, 110.403, -38.927, -116.198, 0.125, 140.406, 9.043, 2.220, 143.757, 129.596, 38.923, 116.173, 0.125, 143.512, -15.662
2.230, 141.743, 110.002, -40.140, -121.213, 0.133, 141.497, 9.185, 2.230, 145.057, 129.997, 40.134, 121.170, 0.133, 144.801, -15.495
2.240, 142.839, 109.588, -41.401, -126.148, 0.141, 142.583, 9.335, 2.240, 146.361, 130.411, 41.396, 126.111, 0.141, 146.093, -15.317
2.250, 143.930, 109.161, -42.711, -130.969, 0.150, 143.663, 9.493, 2.250, 147.669, 130.838, 42.705, 130.934, 0.150, 147.388, -15.127
2.260, 145.018, 108.720, -44.067, -135.629, 0.159, 144.737, 9.661, 2.260, 148.982, 131.279, 44.061, 135.579, 0.159, 148.685, -14.924
2.270, 146.100, 108.266, -45.467, -140.044, 0.169, 145.805, 9.837, 2.270, 150.300, 131.734, 45.461, 140.003, 0.169, 149.984, -14.709
2.280, 147.178, 107.796, -46.909, -144.155, 0.178, 146.867, 10.023, 2.280, 151.622, 132.203, 46.902, 144.107, 0.178, 151.287, -14.481
2.290, 148.251, 107.313, -48.388, -147.870, 0.189, 147.922, 10.219, 2.290, 152.948, 132.686, 48.380, 147.812, 0.189, 152.591, -14.239
2.300, 149.320, 106.814, -49.899, -151.077, 0.199, 148.970, 10.425, 2.300, 154.280, 133.185, 49.890, 151.023, 0.199, 153.898, -13.982
2.310, 150.383, 106.299, -51.435, -153.671, 0.210, 150.011, 10.641, 2.310, 155.617, 133.700, 51.426, 153.609, 0.210, 155.207, -13.711
2.320, 151.440, 105.769, -52.990, -155.505, 0.222, 151.044, 10.868, 2.320, 156.960, 134.229, 52.981, 155.453, 0.222, 156.518, -13.423
2.330, 152.492, 105.224, -54.555, -156.453, 0.234, 152.069, 11.105, 2.330, 158.307, 134.775, 54.545, 156.373, 0.234, 157.831, -13.119
2.340, 153.539, 104.663, -56.118, -156.308, 0.246, 153.086, 11.353, 2.340, 159.661, 135.336, 56.107, 156.247, 0.246, 159.146, -12.798
2.350, 154.580, 104.086, -57.667, -154.917, 0.259, 154.094, 11.613, 2.350, 161.020, 135.912, 57.655, 154.845, 0.259, 160.462, -12.459
2.360, 155.615, 103.494, -59.188, -152.057, 0.272, 155.092, 11.884, 2.360, 162.385, 136.504, 59.175, 151.978, 0.272, 161.779, -12.101
2.370, 156.644, 102.887, -60.663, -147.500, 0.286, 156.082, 12.168, 2.370, 163.756, 137.111, 60.650, 147.430, 0.286, 163.098, -11.724
2.380, 157.666, 102.267, -62.073, -141.024, 0.300, 157.061, 12.463, 2.380, 165.133, 137.731, 62.059, 140.936, 0.300, 164.416, -11.326
2.390, 158.683, 101.633, -63.396, -132.353, 0.315, 158.030, 12.770, 2.390, 166.517, 138.365, 63.382, 132.273, 0.315, 165.735, -10.908
2.400, 159.693, 100.987, -64.609, -121.237, 0.330, 158.987, 13.090, 2.400, 167.907, 139.011, 64.593, 121.160, 0.330, 167.054, -10.468
2.410, 160.696, 100.330, -65.683, -107.410, 0.346, 159.934, 13.422, 2.410, 169.304, 139.668, 65.667, 107.330, 0.346, 168.371, -10.005
2.420, 161.693, 99.664, -66.589, -90.610, 0.362, 160.869, 13.767, 2.420, 170.707, 140.333, 66.572, 90.524, 0.362, 169.688, -9.518
2.430, 162.682, 98.991, -67.295, -70.581, 0.379, 161.792, 14.126, 2.430, 172.117, 141.006, 67.277, 70.505, 0.379, 171.002, -9.008
2.440, 163.666, 98.313, -67.766, -47.109, 0.396, 162.702, 14.497, 2.440, 173.534, 141.684, 67.747, 47.042, 0.396, 172.314, -8.473
2.450, 164.642, 97.634, -67.966, -20.015, 0.414, 163.599, 14.882, 2.450, 174.958, 142.363, 67.947, 19.950, 0.414, 173.622, -7.911
2.460, 165.611, 96.955, -67.858, 10.828, 0.433, 164.483, 15.281, 2.460, 176.388, 143.041, 67.838, -10.889, 0.433, 174.926, -7.323
2.470, 166.574, 96.281, -67.403, 45.474, 0.452, 165.353, 15.693, 2.470, 177.825, 143.715, 67.383, -45.516, 0.452, 176.225, -6.708
2.480, 167.530, 95.615, -66.564, 83.869, 0.471, 166.209, 16.119, 2.480, 179.269, 144.381, 66.544, -83.902, 0.471, 177.518, -6.065
2.490, 168.480, 94.962, -65.306, 125.862, 0.492, 167.051, 16.558, 2.490, 180.719, 145.034, 65.285, -125.880, 0.492, 178.803, -5.394
2.500, 169.423, 94.326, -63.594, 171.164, 0.512, 167.878, 17.012, 2.500, 182.176, 145.669, 63.573, -171.162, 0.512, 180.081, -4.693
2.510, 170.360, 93.712, -61.401, 219.339, 0.533, 168.690, 17.480, 2.510, 183.639, 146.283, 61.380, -219.316, 0.533, 181.348, -3.963
2.520, 171.292, 93.125, -58.703, 269.797, 0.555, 169.487, 17.962, 2.520, 185.108, 146.870, 58.683, -269.753, 0.555, 182.605, -3.203
2.530, 172.217, 92.571, -55.485, 321.790, 0.577, 170.268, 18.458, 2.530, 186.582, 147.425, 55.465, -321.722, 0.577, 183.849, -2.412
2.540, 173.138, 92.053, -51.741, 374.416, 0.599, 171.034, 18.969, 2.540, 188.061, 147.942, 51.722, -374.316, 0.599, 185.080, -1.591
2.550, 174.054, 91.578, -47.474, 426.623, 0.622, 171.784, 19.494, 2.550, 189.545, 148.416, 47.457, -426.506, 0.622, 186.296, -0.740
2.560, 174.965, 91.151, -42.702, 477.267, 0.645, 172.519, 20.034, 2.560, 191.034, 148.843, 42.686, -477.117, 0.645, 187.495, 0.141
2.570, 175.873, 90.777, -37.451, 525.109, 0.669, 173.238, 20.588, 2.570, 192.526, 149.218, 37.437, -524.933, 0.669, 188.677, 1.052
2.580, 176.778, 90.459, -31.762, 568.889, 0.693, 173.941, 21.157, 2.580, 194.021, 149.535, 31.750, -568.693, 0.693, 189.839, 1.993
2.590, 177.680, 90.202, -25.688, 607.381, 0.716, 174.628, 21.742, 2.590, 195.519, 149.792, 25.678, -607.159, 0.716, 190.980, 2.964
2.600, 178.580, 90.009, -19.294, 639.437, 0.741, 175.300, 22.341, 2.600, 197.019, 149.985, 19.286, -639.198, 0.741, 192.100, 3.962
2.610, 179.479, 89.883, -12.653, 664.066, 0.765, 175.956, 22.955, 2.610, 198.520, 150.111, 12.648, -663.812, 0.765, 193.195, 4.988
2.620, 180.377, 89.824, -5.848, 680.477, 0.789, 176.596, 23.585, 2.620, 200.022, 150.170, 5.846, -680.213, 0.789, 194.266, 6.041
2.630, 181.275, 89.835, 1.033, 688.131, 0.813, 177.222, 24.230, 2.630, 201.523, 150.159, -1.033, -687.864, 0.813, 195.311, 7.119
2.640, 182.174, 89.914, 7.901, 686.776, 0.837, 177.831, 24.891, 2.640, 203.024, 150.080, -7.898, -686.509, 0.837, 196.329, 8.222
2.650, 183.075, 90.060, 14.665, 676.455, 0.861, 178.426, 25.567, 2.650, 204.524, 149.934, -14.660, -676.194, 0.861, 197.319, 9.348
2.660, 183.978, 90.273, 21.241, 657.511, 0.885, 179.006, 26.259, 2.660, 206.021, 149.721, -21.232, -657.261, 0.885, 198.281, 10.495
2.670, 184.883, 90.548, 27.546, 630.561, 0.909, 179.571, 26.967, 2.670, 207.515, 149.446, -27.536, -630.328, 0.909, 199.213, 11.663
2.680, 185.792, 90.883, 33.511, 596.463, 0.932, 180.121, 27.690, 2.680, 209.006, 149.111, -33.498, -596.248, 0.932, 200.116, 12.850
2.690, 186.705, 91.274, 39.073, 556.259, 0.955, 180.656, 28.429, 2.690, 210.494, 148.721, -39.059, -556.069, 0.955, 200.988, 14.055
2.700, 187.622, 91.716, 44.185, 511.129, 0.978, 181.177, 29.184, 2.700, 211.976, 148.279, -44.168, -510.962, 0.978, 201.830, 15.275
2.710, 188.544, 92.204, 48.808, 462.316, 1.000, 181.684, 29.955, 2.710, 213.454, 147.791, -48.790, -462.173, 1.000, 202.642, 16.510
2.720, 189.471, 92.733, 52.919, 411.075, 1.022, 182.176, 30.741, 2.720, 214.927, 147.262, -52.900, -410.964, 1.022, 203.424, 17.758
2.730, 190.404, 93.298, 56.505, 358.626, 1.044, 182.654, 31.542, 2.730, 216.394, 146.697, -56.485, -358.534, 1.044, 204.175, 19.018
2.740, 191.343, 93.894, 59.566, 306.085, 1.065, 183.117, 32.358, 2.740, 217.855, 146.102, -59.545, -306.027, 1.065, 204.897, 20.289
2.750, 192.288, 94.515, 62.110, 254.465, 1.085, 183.567, 33.190, 2.750, 219.310, 145.481, -62.090, -254.426, 1.085, 205.589, 21.568
2.760, 193.240, 95.157, 64.157, 204.620, 1.105, 184.003, 34.036, 2.760, 220.758, 144.839, -64.136, -204.602, 1.105, 206.252, 22.856
2.770, 194.198, 95.814, 65.729, 157.251, 1.125, 184.424, 34.896, 2.770, 222.200, 144.182, -65.708, -157.256, 1.125, 206.887, 24.151
2.780, 195.163, 96.483, 66.858, 112.902, 1.143, 184.833, 35.770, 2.780, 223.635, 143.514, -66.838, -112.927, 1.143, 207.494, 25.451
2.790, 196.134, 97.158, 67.578, 71.966, 1.162, 185.227, 36.658, 2.790, 225.063, 142.838, -67.558, -71.998, 1.162, 208.074, 26.756
2.800, 197.113, 97.838, 67.925, 34.681, 1.180, 185.608, 37.559, 2.800, 226.485, 142.159, -67.905, -34.732, 1.180, 208.627, 28.066
2.810, 198.098, 98.517, 67.936, 1.178, 1.197, 185.976, 38.473, 2.810, 227.900, 141.480, -67.917, -1.236, 1.197, 209.155, 29.378
2.820, 199.090, 99.193, 67.651, -28.536, 1.214, 186.330, 39.400, 2.820, 229.308, 140.804, -67.633, 28.465, 1.214, 209.658, 30.693
2.830, 200.089, 99.864, 67.106, -54.525, 1.230, 186.672, 40.338, 2.830, 230.709, 140.133, -67.088, 54.456, 1.230, 210.138, 32.010
2.840, 201.094, 100.528, 66.336, -76.944, 1.245, 187.001, 41.288, 2.840, 232.104, 139.470, -66.319, 76.865, 1.245, 210.594, 33.328
2.850, 202.106, 101.182, 65.377, -95.982, 1.261, 187.317, 42.249, 2.850, 233.492, 138.816, -65.360, 95.895, 1.261, 211.028, 34.647
2.860, 203.124, 101.824, 64.258, -111.859, 1.275, 187.620, 43.221, 2.860, 234.874, 138.174, -64.243, 111.788, 1.275, 211.440, 35.966
2.870, 204.148, 102.454, 63.009, -124.853, 1.289, 187.912, 44.203, 2.870, 236.249, 137.544, -62.995, 124.765, 1.289, 211.831, 37.284
2.880, 205.179, 103.071, 61.657, -135.203, 1.303, 188.192, 45.195, 2.880, 237.619, 136.927, -61.644, 135.124, 1.303, 212.203, 38.602
2.890, 206.216, 103.673, 60.225, -143.189, 1.316, 188.460, 46.197, 2.890, 238.982, 136.325, -60.213, 143.109, 1.316, 212.555, 39.919
2.900, 207.258, 104.260, 58.735, -149.066, 1.329, 188.716, 47.207, 2.900, 240.339, 135.738, -58.723, 148.991, 1.329, 212.889, 41.235
2.910, 208.307, 104.832, 57.204, -153.088, 1.341, 188.961, 48.227, 2.910, 241.691, 135.166, -57.193, 153.012, 1.341, 213.205, 42.549
2.920, 209.361, 105.389, 55.649, -155.489, 1.352, 189.195, 49.254, 2.920, 243.037, 134.610, -55.638, 155.412, 1.352, 213.504, 43.861
2.930, 210.420, 105.930, 54.084, -156.481, 1.364, 189.419, 50.290, 2.930, 244.378, 134.069, -54.074, 156.418, 1.364, 213.787, 45.172
2.940, 211.485, 106.455, 52.521, -156.278, 1.375, 189.632, 51.333, 2.940, 245.713, 133.544, -52.512, 156.213, 1.375, 214.055, 46.480
2.950, 212.554, 106.965, 50.971, -155.052, 1.385, 189.835, 52.383, 2.950, 247.043, 133.034, -50.962, 154.994, 1.385, 214.307, 47.786
2.960, 213.629, 107.459, 49.441, -152.978, 1.395, 190.028, 53.440, 2.960, 248.369, 132.540, -49.433, 152.909, 1.395, 214.545, 49.090
2.970, 214.708, 107.939, 47.939, -150.178, 1.405, 190.211, 54.504, 2.970, 249.689, 132.061, -47.932, 150.135, 1.405, 214.770, 50.392
2.980, 215.792, 108.403, 46.471, -146.817, 1.414, 190.385, 55.574, 2.980, 251.005, 131.596, -46.464, 146.753, 1.414, 214.981, 51.690
2.990, 216.881, 108.854, 45.042, -142.966, 1.423, 190.550, 56.650, 2.990, 252.317, 131.146, -45.035, 142.929, 1.423, 215.179, 52.987
3.000, 217.974, 109.290, 43.654, -138.763, 1.432, 190.706, 57.731, 3.000, 253.624, 130.709, -43.648, 138.710, 1.432, 215.366, 54.280
3.010, 219.071, 109.713, 42.311, -134.261, 1.440, 190.854, 58.819, 3.010, 254.927, 130.286, -42.306, 134.223, 1.440, 215.541, 55.572
3.020, 220.172, 110.123, 41.016, -129.552, 1.448, 190.993, 59.911, 3.020, 256.226, 129.876, -41.010, 129.511, 1.448, 215.706, 56.860
3.030, 221.277, 110.521, 39.769, -124.688, 1.456, 191.124, 61.008, 3.030, 257.520, 129.478, -39.764, 124.652, 1.456, 215.859, 58.145
3.040, 222.386, 110.907, 38.572, -119.726, 1.463, 191.248, 62.111, 3.040, 258.811, 129.093, -38.567, 119.690, 1.463, 216.003, 59.428
3.050, 223.499, 111.281, 37.425, -114.705, 1.470, 191.364, 63.217, 3.050, 260.098, 128.718, -37.420, 114.674, 1.470, 216.137, 60.709
3.060, 224.616, 111.644, 36.328, -109.667, 1.477, 191.473, 64.328, 3.060, 261.382, 128.355, -36.324, 109.632, 1.477, 216.262, 61.986
3.070, 225.735, 111.997, 35.282, -104.628, 1.483, 191.574, 65.444, 3.070, 262.662, 128.002, -35.278, 104.608, 1.483, 216.378, 63.261
3.080, 226.859, 112.340, 34.285, -99.632, 1.489, 191.669, 66.563, 3.080, 263.939, 127.660, -34.282, 99.605, 1.489, 216.486, 64.533
3.090, 227.986, 112.673, 33.338, -94.683, 1.495, 191.758, 67.686, 3.090, 265.212, 127.326, -33.335, 94.654, 1.495, 216.586, 65.802
3.100, 229.116, 112.998, 32.441, -89.792, 1.501, 191.840, 68.813, 3.100, 266.482, 127.002, -32.438, 89.775, 1.501, 216.679, 67.069
3.110, 230.249, 113.314, 31.591, -84.985, 1.506, 191.917, 69.944, 3.110, 267.749, 126.686, -31.588, 84.962, 1.506, 216.764, 68.333
3.120, 231.385, 113.622, 30.788, -80.257, 1.511, 191.987, 71.078, 3.120, 269.013, 126.378, -30.786, 80.235, 1.511, 216.843, 69.594
3.130, 232.524, 113.922, 30.032, -75.613, 1.516, 192.052, 72.215, 3.130, 270.273, 126.078, -30.030, 75.599, 1.516, 216.915, 70.853
3.140, 233.666, 114.215, 29.321, -71.066, 1.521, 192.112, 73.356, 3.140, 271.531, 125.785, -29.319, 71.044, 1.521, 216.981, 72.109
3.150, 234.811, 114.502, 28.655, -66.599, 1.525, 192.167, 74.500, 3.150, 272.786, 125.498, -28.653, 66.587, 1.525, 217.041, 73.362
3.160, 235.959, 114.782, 28.033, -62.228, 1.529, 192.217, 75.646, 3.160, 274.038, 125.218, -28.031, 62.212, 1.529, 217.095, 74.613
3.170, 237.110, 115.045, 26.315, -171.765, 1.533, 192.262, 76.796, 3.170, 275.288, 124.931, -28.685, -65.402, 1.533, 217.145, 75.862
3.180, 238.262, 115.263, 21.743, -457.257, 1.537, 192.303, 77.948, 3.180, 276.534, 124.606, -32.484, -379.908, 1.537, 217.189, 77.107
3.190, 239.416, 115.417, 15.426, -631.703, 1.541, 192.340, 79.101, 3.190, 277.776, 124.224, -38.167, -568.311, 1.541, 217.229, 78.349
3.200, 240.571, 115.508, 9.099, -632.660, 1.544, 192.373, 80.256, 3.200, 279.014, 123.786, -43.841, -567.345, 1.544, 217.264, 79.586
3.210, 241.727, 115.536, 2.764, -633.494, 1.547, 192.402, 81.411, 3.210, 280.247, 123.291, -49.506, -566.519, 1.547, 217.295, 80.818
3.220, 242.882, 115.500, -3.578, -634.218, 1.550, 192.428, 82.566, 3.220, 281.474, 122.739, -55.164, -565.795, 1.550, 217.323, 82.046
3.230, 244.036, 115.401, -9.926, -634.859, 1.553, 192.451, 83.719, 3.230, 282.695, 122.131, -60.815, -565.149, 1.553, 217.347, 83.267
3.240, 245.188, 115.238, -16.281, -635.446, 1.555, 192.470, 84.872, 3.240, 283.910, 121.467, -66.461, -564.564, 1.555, 217.367, 84.481
3.250, 246.338, 115.011, -22.641, -635.996, 1.557, 192.487, 86.022, 3.250, 285.117, 120.745, -72.101, -564.014, 1.557, 217.385, 85.688
3.260, 247.486, 114.721, -29.006, -636.531, 1.560, 192.501, 87.169, 3.260, 286.317, 119.968, -77.736, -563.479, 1.560, 217.399, 86.888
3.270, 248.629, 114.379, -34.214, -520.800, 1.561, 192.513, 88.312, 3.270, 287.509, 119.147, -82.157, -442.054, 1.561, 217.412, 88.079
3.280, 249.769, 114.014, -36.471, -225.724, 1.563, 192.523, 89.453, 3.280, 288.692, 118.311, -83.528, -137.134, 1.563, 217.422, 89.263
3.290, 250.906, 113.645, -36.917, -44.591, 1.565, 192.530, 90.589, 3.290, 289.867, 117.480, -83.082, 44.584, 1.565, 217.430, 90.437
3.300, 252.039, 113.272, -37.325, -40.806, 1.566, 192.536, 91.722, 3.300, 291.033, 116.654, -82.674, 40.797, 1.566, 217.436, 91.604
3.310, 253.168, 112.895, -37.697, -37.160, 1.567, 192.541, 92.851, 3.310, 292.191, 115.831, -82.303, 37.155, 1.567, 217.441, 92.762
3.320, 254.293, 112.515, -38.034, -33.649, 1.568, 192.544, 93.976, 3.320, 293.342, 115.011, -81.966, 33.640, 1.568, 217.444, 93.912
3.330, 255.414, 112.131, -38.336, -30.252, 1.569, 192.547, 95.097, 3.330, 294.483, 114.194, -81.664, 30.247, 1.569, 217.447, 95.054
3.340, 256.532, 111.745, -38.606, -26.966, 1.570, 192.548, 96.215, 3.340, 295.617, 113.380, -81.394, 26.959, 1.570, 217.448, 96.188
3.350, 257.645, 111.357, -38.843, -23.775, 1.570, 192.549, 97.328, 3.350, 296.743, 112.569, -81.156, 23.769, 1.570, 217.449, 97.314
3.360, 258.755, 110.966, -39.050, -20.672, 1.571, 192.550, 98.438, 3.360, 297.861, 111.759, -80.950, 20.666, 1.571, 217.450, 98.431
3.370, 259.860, 110.574, -39.227, -17.645, 1.571, 192.550, 99.544, 3.370, 298.970, 110.952, -80.773, 17.640, 1.571, 217.450, 99.541
3.380, 260.962, 110.144, -43.030, -380.349, 1.571, 192.550, 100.645, 3.380, 300.072, 110.182, -76.970, 380.344, 1.571, 217.450, 100.643
3.390, 262.057, 109.555, -58.898, -1586.834, 1.571, 192.550, 101.741, 3.390, 301.168, 109.571, -61.102, 1586.832, 1.571, 217.450, 101.738
3.400, 263.147, 108.949, -60.575, -167.696, 1.571, 192.550, 102.830, 3.400, 302.257, 108.977, -59.425, 167.696, 1.571, 217.450, 102.828
3.410, 264.230, 108.345, -60.421, 15.450, 1.571, 192.550, 103.913, 3.410, 303.341, 108.381, -59.579, -15.450, 1.571, 217.450, 103.912
3.420, 265.308, 107.742, -60.283, 13.836, 1.571, 192.550, 104.991, 3.420, 304.419, 107.784, -59.717, -13.836, 1.571, 217.450, 104.990
3.430, 266.379, 107.140, -60.160, 12.292, 1.571, 192.550, 106.062, 3.430, 305.491, 107.185, -59.840, -12.292, 1.571, 217.450, 106.062
3.440, 267.445, 106.540, -60.051, 10.815, 1.571, 192.550, 107.128, 3.440, 306.557, 106.586, -59.949, -10.815, 1.571, 217.450, 107.127
3.450, 268.504, 105.940, -59.957, 9.404, 1.571, 192.550, 108.187, 3.450, 307.617, 105.985, -60.043, -9.404, 1.571, 217.450, 108.187
3.460, 269.557, 105.341, -59.877, 8.057, 1.571, 192.550, 109.240, 3.460, 308.670, 105.384, -60.123, -8.057, 1.571, 217.450, 109.241
3.470, 270.605, 104.743, -59.809, 6.773, 1.571, 192.550, 110.288, 3.470, 309.718, 104.782, -60.191, -6.773, 1.571, 217.450, 110.289
3.480, 271.646, 104.146, -59.754, 5.550, 1.571, 192.550, 111.329, 3.480, 310.760, 104.180, -60.246, -5.550, 1.571, 217.450, 111.331
3.490, 272.682, 103.549, -59.710, 4.387, 1.571, 192.550, 112.365, 3.490, 311.796, 103.577, -60.290, -4.387, 1.571, 217.450, 112.367
3.500, 273.711, 102.952, -59.677, 3.282, 1.571, 192.550, 113.394, 3.500, 312.826, 102.974, -60.323, -3.282, 1.571, 217.450, 113.396
3.510, 274.735, 102.355, -59.655, 2.233, 1.571, 192.550, 114.418, 3.510, 313.849, 102.370, -60.345, -2.233, 1.571, 217.450, 114.420
3.520, 275.752, 101.759, -59.642, 1.240, 1.571, 192.550, 115.436, 3.520, 314.867, 101.767, -60.358, -1.240, 1.571, 217.450, 115.438
3.530, 276.764, 101.163, -59.639, 0.301, 1.571, 192.550, 116.447, 3.530, 315.879, 101.163, -60.361, -0.301, 1.571, 217.450, 116.449
3.540, 277.770, 100.566, -59.645, -0.585, 1.571, 192.550, 117.453, 3.540, 316.884, 100.560, -60.355, 0.585, 1.571, 217.450, 117.455
3.550, 278.769, 99.970, -59.659, -1.420, 1.571, 192.550, 118.453, 3.550, 317.884, 99.956, -60.341, 1.420, 1.571, 217.450, 118.454
3.560, 279.763, 99.373, -59.681, -2.205, 1.571, 192.550, 119.446, 3.560, 318.877, 99.353, -60.319, 2.205, 1.571, 217.450, 119.448
3.570, 280.751, 98.776, -59.711, -2.942, 1.571, 192.550, 120.434, 3.570, 319.865, 98.750, -60.289, 2.942, 1.571, 217.450, 120.435
3.580, 281.733, 98.178, -59.747, -3.632, 1.571, 192.550, 121.416, 3.580, 320.846, 98.147, -60.253, 3.632, 1.571, 217.450, 121.417
3.590, 282.709, 97.580, -59.790, -4.276, 1.571, 192.550, 122.392, 3.590, 321.822, 97.545, -60.210, 4.276, 1.571, 217.450, 122.392
3.600, 283.678, 96.982, -59.839, -4.875, 1.571, 192.550, 123.361, 3.600, 322.791, 96.944, -60.161, 4.875, 1.571, 217.450, 123.362
3.610, 284.642, 96.383, -59.893, -5.431, 1.571, 192.550, 124.325, 3.610, 323.755, 96.343, -60.107, 5.431, 1.571, 217.450, 124.325
3.620, 285.600, 95.783, -59.952, -5.945, 1.571, 192.550, 125.283, 3.620, 324.712, 95.742, -60.048, 5.945, 1.571, 217.450, 125.283
3.630, 286.552, 95.183, -60.016, -6.418, 1.571, 192.550, 126.235, 3.630, 325.663, 95.142, -59.984, 6.418, 1.571, 217.450, 126.234
3.640, 287.498, 94.582, -60.085, -6.851, 1.571, 192.550, 127.181, 3.640, 326.609, 94.543, -59.915, 6.851, 1.571, 217.450, 127.180
3.650, 288.437, 93.981, -60.157, -7.246, 1.571, 192.550, 128.121, 3.650, 327.548, 93.945, -59.843, 7.246, 1.571, 217.450, 128.119
3.660, 289.371, 93.379, -60.233, -7.604, 1.571, 192.550, 129.054, 3.660, 328.482, 93.347, -59.767, 7.604, 1.571, 217.450, 129.052
3.670, 290.299, 92.775, -60.313, -7.925, 1.571, 192.550, 129.982, 3.670, 329.409, 92.750, -59.687, 7.925, 1.571, 217.450, 129.980
3.680, 291.221, 92.171, -60.395, -8.212, 1.571, 192.550, 130.904, 3.680, 330.331, 92.154, -59.605, 8.212, 1.571, 217.450, 130.901
3.690, 292.136, 91.567, -60.480, -8.464, 1.571, 192.550, 131.819, 3.690, 331.246, 91.559, -59.520, 8.464, 1.571, 217.450, 131.817
3.700, 293.049, 91.230, -33.625, 2685.406, 1.570, 192.550, 132.732, 3.700, 332.153, 90.695, -86.375, -2685.410, 1.570, 217.450, 132.724
3.710, 293.962, 91.354, 12.326, 4595.144, 1.570, 192.551, 133.645, 3.710, 333.047, 89.372, -132.326, -4595.185, 1.570, 217.451, 133.618
3.720, 294.876, 91.327, -2.703, -1502.947, 1.568, 192.552, 134.559, 3.720, 333.929, 88.199, -117.297, 1502.922, 1.568, 217.452, 134.500
3.730, 295.787, 91.142, -18.424, -1572.089, 1.567, 192.555, 135.470, 3.730, 334.801, 87.183, -101.576, 1572.089, 1.567, 217.455, 135.372
3.740, 296.695, 90.813, -32.955, -1453.061, 1.565, 192.560, 136.378, 3.740, 335.664, 86.313, -87.046, 1453.077, 1.565, 217.459, 136.235
3.750, 297.599, 90.350, -46.260, -1330.456, 1.563, 192.566, 137.282, 3.750, 336.520, 85.575, -73.741, 1330.481, 1.563, 217.465, 137.090
3.760, 298.496, 89.767, -58.350, -1208.996, 1.561, 192.573, 138.179, 3.760, 337.369, 84.959, -61.651, 1209.022, 1.561, 217.472, 137.940
3.770, 299.387, 89.074, -69.272, -1092.265, 1.559, 192.583, 139.070, 3.770, 338.214, 84.452, -50.728, 1092.289, 1.559, 217.481, 138.784
3.780, 300.270, 88.283, -79.101, -982.857, 1.558, 192.594, 139.953, 3.780, 339.054, 84.043, -40.899, 982.875, 1.558, 217.491, 139.625
3.790, 301.144, 87.404, -87.926, -882.527, 1.556, 192.606, 140.827, 3.790, 339.891, 83.722, -32.073, 882.538, 1.556, 217.503, 140.462
3.800, 302.008, 86.445, -95.850, -792.352, 1.555, 192.619, 141.691, 3.800, 340.726, 83.480, -24.150, 792.355, 1.555, 217.516, 141.297
3.810, 302.862, 85.415, -102.978, -712.871, 1.554, 192.633, 142.545, 3.810, 341.559, 83.310, -17.021, 712.866, 1.554, 217.529, 142.130
3.820, 303.706, 84.321, -109.420, -644.217, 1.554, 192.647, 143.388, 3.820, 342.391, 83.204, -10.579, 644.203, 1.554, 217.544, 142.962
3.830, 304.537, 83.168, -115.283, -586.227, 1.554, 192.661, 144.220, 3.830, 343.223, 83.157, -4.717, 586.204, 1.554, 217.558, 143.793
3.840, 305.357, 81.962, -120.668, -538.535, 1.554, 192.675, 145.039, 3.840, 344.055, 83.164, 0.668, 538.505, 1.554, 217.572, 144.625
3.850, 306.164, 80.705, -125.674, -500.647, 1.555, 192.688, 145.846, 3.850, 344.887, 83.221, 5.674, 500.609, 1.555, 217.585, 145.457
3.860, 306.958, 79.401, -130.394, -471.997, 1.557, 192.700, 146.640, 3.860, 345.720, 83.325, 10.393, 471.952, 1.557, 217.598, 146.290
3.870, 307.739, 78.052, -134.914, -451.990, 1.559, 192.710, 147.420, 3.870, 346.555, 83.474, 14.913, 451.938, 1.559, 217.609, 147.124
3.880, 308.505, 76.659, -139.315, -440.034, 1.562, 192.719, 148.187, 3.880, 347.391, 83.667, 19.313, 439.975, 1.562, 217.618, 147.961
3.890, 309.257, 75.222, -143.670, -435.555, 1.565, 192.724, 148.939, 3.890, 348.231, 83.904, 23.667, 435.487, 1.565, 217.624, 148.800
3.900, 309.995, 73.742, -148.050, -438.008, 1.569, 192.727, 149.677, 3.900, 349.072, 84.184, 28.047, 437.934, 1.569, 217.627, 149.642
3.910, 310.717, 72.216, -152.519, -446.885, 1.574, 192.726, 150.399, 3.910, 349.917, 84.509, 32.515, 446.802, 1.574, 217.626, 150.487
3.920, 311.423, 70.645, -157.136, -461.699, 1.580, 192.722, 151.105, 3.920, 350.766, 84.880, 37.131, 461.606, 1.580, 217.620, 151.336
3.930, 312.114, 69.025, -161.956, -481.977, 1.587, 192.713, 151.795, 3.930, 351.619, 85.300, 41.950, 481.875, 1.587, 217.610, 152.189
3.940, 312.787, 67.355, -167.028, -507.245, 1.594, 192.700, 152.469, 3.940, 352.477, 85.770, 47.021, 507.130, 1.594, 217.593, 153.046
3.950, 313.444, 65.631, -172.398, -536.991, 1.602, 192.682, 153.125, 3.950, 353.340, 86.294, 52.390, 536.865, 1.602, 217.570, 153.909
3.960, 314.082, 63.850, -178.105, -570.644, 1.612, 192.659, 153.763, 3.960, 354.209, 86.875, 58.095, 570.502, 1.612, 217.538, 154.777
3.970, 314.702, 62.008, -184.180, -607.518, 1.622, 192.631, 154.382, 3.970, 355.084, 87.517, 64.168, 607.360, 1.622, 217.498, 155.651
3.980, 315.303, 60.102, -190.648, -646.765, 1.633, 192.597, 154.983, 3.980, 355.966, 88.223, 70.634, 646.591, 1.633, 217.448, 156.532
3.990, 315.884, 58.127, -197.521, -687.310, 1.645, 192.557, 155.562, 3.990, 356.856, 88.998, 77.505, 687.112, 1.645, 217.388, 157.420
4.000, 316.445, 56.079, -204.798, -727.759, 1.659, 192.511, 156.121, 4.000, 357.754, 89.846, 84.781, 727.541, 1.659, 217.315, 158.316
4.010, 316.985, 53.954, -212.461, -766.318, 1.674, 192.460, 156.658, 4.010, 358.662, 90.770, 92.441, 766.078, 1.674, 217.228, 159.219
4.020, 317.502, 51.749, -220.468, -800.681, 1.690, 192.403, 157.173, 4.020, 359.580, 91.775, 100.446, 800.411, 1.690, 217.126, 160.131
4.030, 317.997, 49.462, -228.747, -827.898, 1.707, 192.340, 157.663, 4.030, 360.509, 92.862, 108.722, 827.603, 1.707, 217.008, 161.052
4.040, 318.468, 47.090, -237.190, -844.271, 1.726, 192.271, 158.129, 4.040, 361.449, 94.034, 117.161, 843.952, 1.726, 216.871, 161.983
4.050, 318.914, 44.634, -245.642, -845.236, 1.747, 192.198, 158.570, 4.050, 362.402, 95.290, 125.610, 844.889, 1.747, 216.715, 162.922
4.060, 319.335, 42.095, -253.895, -825.278, 1.768, 192.120, 158.983, 4.060, 363.368, 96.628, 133.859, 824.912, 1.768, 216.535, 163.872
4.070, 319.730, 39.478, -261.674, -777.934, 1.792, 192.038, 159.369, 4.070, 364.349, 98.045, 141.635, 777.556, 1.792, 216.332, 164.831
4.080, 320.098, 36.792, -268.633, -695.899, 1.817, 191.953, 159.727, 4.080, 365.344, 99.530, 148.590, 695.512, 1.817, 216.101, 165.799
4.090, 320.438, 34.048, -274.346, -571.302, 1.844, 191.866, 160.056, 4.090, 366.355, 101.073, 154.299, 570.929, 1.844, 215.842, 166.776
4.100, 320.751, 31.265, -278.309, -396.261, 1.873, 191.777, 160.356, 4.100, 367.381, 102.656, 158.258, 395.920, 1.873, 215.551, 167.761
4.110, 321.036, 28.466, -279.946, -163.725, 1.903, 191.688, 160.627, 4.110, 368.424, 104.255, 159.893, 163.437, 1.903, 215.226, 168.751
4.120, 321.292, 25.679, -278.633, 131.325, 1.935, 191.601, 160.868, 4.120, 369.482, 105.841, 158.577, -131.526, 1.935, 214.864, 169.746
4.130, 321.522, 22.942, -273.730, 490.337, 1.969, 191.515, 161.081, 4.130, 370.556, 107.377, 153.673, -490.416, 1.969, 214.465, 170.743
4.140, 321.725, 20.296, -264.635, 909.472, 2.005, 191.433, 161.267, 4.140, 371.644, 108.823, 144.579, -909.397, 2.005, 214.025, 171.738
4.150, 321.903, 17.787, -250.855, 1377.982, 2.042, 191.356, 161.427, 4.150, 372.745, 110.131, 130.802, -1377.719, 2.042, 213.543, 172.728
4.160, 322.057, 15.466, -232.084, 1877.093, 2.080, 191.283, 161.563, 4.160, 373.858, 111.252, 112.036, -1876.616, 2.080, 213.019, 173.710
4.170, 322.191, 13.383, -208.285, 2379.947, 2.120, 191.215, 161.679, 4.170, 374.979, 112.134, 88.243, -2379.249, 2.120, 212.453, 174.678
4.180, 322.307, 11.586, -179.754, 2853.058, 2.161, 191.153, 161.776, 4.180, 376.107, 112.731, 59.722, -2852.147, 2.161, 211.845, 175.627
4.190, 322.408, 10.114, -147.159, 3259.504, 2.202, 191.095, 161.859, 4.190, 377.237, 113.003, 27.138, -3258.408, 2.202, 211.197, 176.553
4.200, 322.498, 8.999, -111.523, 3563.632, 2.244, 191.040, 161.931, 4.200, 378.366, 112.918, -8.486, -3562.406, 2.244, 210.512, 177.451
4.210, 322.581, 8.257, -74.158, 3736.475, 2.286, 190.988, 161.994, 4.210, 379.490, 112.459, -45.838, -3735.188, 2.286, 209.793, 178.315
4.220, 322.660, 7.892, -36.551, 3760.674, 2.327, 190.935, 162.053, 4.220, 380.607, 111.625, -83.432, -3759.405, 2.327, 209.044, 179.143
4.230, 322.738, 7.890, -0.215, 3633.627, 2.368, 190.879, 162.109, 4.230, 381.711, 110.428, -119.757, -3632.454, 2.368, 208.270, 179.930
4.240, 322.821, 8.224, 33.465, 3367.972, 2.409, 190.819, 162.165, 4.240, 382.800, 108.893, -153.426, -3366.961, 2.409, 207.475, 180.675
4.250, 322.909, 8.858, 63.357, 2989.267, 2.448, 190.752, 162.223, 4.250, 383.870, 107.060, -183.311, -2988.464, 2.448, 206.665, 181.375
4.260, 323.007, 9.745, 88.673, 2531.529, 2.487, 190.676, 162.284, 4.260, 384.920, 104.974, -208.621, -2530.959, 2.487, 205.845, 182.030
4.270, 323.115, 10.835, 108.991, 2031.833, 2.523, 190.589, 162.348, 4.270, 385.947, 102.685, -228.935, -2031.489, 2.523, 205.019, 182.641
4.280, 323.236, 12.077, 124.244, 1525.261, 2.559, 190.489, 162.417, 4.280, 386.949, 100.243, -244.187, -1525.130, 2.559, 204.192, 183.207
4.290, 323.370, 13.424, 134.655, 1041.143, 2.593, 190.376, 162.489, 4.290, 387.926, 97.697, -254.599, -1041.193, 2.593, 203.368, 183.731
4.300, 323.518, 14.830, 140.665, 601.032, 2.625, 190.248, 162.564, 4.300, 388.877, 95.091, -260.611, -601.221, 2.625, 202.548, 184.214
4.310, 323.681, 16.259, 142.848, 218.296, 2.656, 190.106, 162.642, 4.310, 389.802, 92.463, -262.797, -218.591, 2.656, 201.738, 184.658
4.320, 323.858, 17.677, 141.838, -101.057, 2.685, 189.948, 162.722, 4.320, 390.700, 89.845, -261.790, 100.697, 2.685, 200.937, 185.066
4.330, 324.048, 19.060, 138.269, -356.877, 2.712, 189.776, 162.804, 4.330, 391.573, 87.263, -258.225, 356.475, 2.712, 200.149, 185.440
4.340, 324.252, 20.387, 132.738, -553.139, 2.738, 189.590, 162.886, 4.340, 392.420, 84.736, -252.698, 552.730, 2.738, 199.374, 185.783
4.350, 324.469, 21.645, 125.774, -696.335, 2.762, 189.389, 162.969, 4.350, 393.243, 82.278, -245.739, 695.920, 2.762, 198.614, 186.097
4.360, 324.697, 22.823, 117.833, -794.136, 2.785, 189.176, 163.051, 4.360, 394.042, 79.900, -237.801, 793.753, 2.785, 197.868, 186.385
4.370, 324.936, 23.916, 109.288, -854.452, 2.807, 188.951, 163.132, 4.370, 394.818, 77.608, -229.260, 854.086, 2.807, 197.138, 186.648
4.380, 325.185, 24.921, 100.441, -884.763, 2.827, 188.715, 163.211, 4.380, 395.572, 75.403, -220.416, 884.422, 2.827, 196.423, 186.888
4.390, 325.444, 25.836, 91.523, -891.770, 2.846, 188.469, 163.289, 4.390, 396.305, 73.288, -211.501, 891.470, 2.846, 195.724, 187.109
4.400, 325.710, 26.663, 82.711, -881.240, 2.864, 188.213, 163.364, 4.400, 397.018, 71.261, -202.692, 880.972, 2.864, 195.041, 187.310
4.410, 325.984, 27.404, 74.131, -857.968, 2.881, 187.949, 163.437, 4.410, 397.711, 69.320, -194.114, 857.720, 2.881, 194.372, 187.495
4.420, 326.265, 28.063, 65.873, -825.824, 2.896, 187.677, 163.508, 4.420, 398.386, 67.462, -185.858, 825.612, 2.896, 193.719, 187.663
4.430, 326.551, 28.643, 57.994, -787.882, 2.911, 187.399, 163.575, 4.430, 399.042, 65.682, -177.981, 787.701, 2.911, 193.081, 187.818
4.440, 326.843, 29.148, 50.529, -746.519, 2.925, 187.115, 163.639, 4.440, 399.682, 63.977, -170.518, 746.351, 2.925, 192.457, 187.960
4.450, 327.139, 29.583, 43.494, -703.523, 2.939, 186.825, 163.701, 4.450, 400.306, 62.342, -163.484, 703.378, 2.939, 191.847, 188.089
4.460, 327.438, 29.952, 36.891, -660.225, 2.951, 186.531, 163.760, 4.460, 400.913, 60.773, -156.883, 660.107, 2.951, 191.251, 188.208
4.470, 327.741, 30.259, 30.715, -617.591, 2.963, 186.234, 163.815, 4.470, 401.506, 59.266, -150.708, 617.479, 2.963, 190.669, 188.317
4.480, 328.046, 30.509, 24.953, -576.277, 2.974, 185.934, 163.868, 4.480, 402.084, 57.817, -144.946, 576.185, 2.974, 190.099, 188.417
4.490, 328.353, 30.705, 19.585, -536.736, 2.984, 185.631, 163.918, 4.490, 402.648, 56.421, -139.580, 536.654, 2.984, 189.542, 188.508
4.500, 328.661, 30.850, 14.593, -499.242, 2.994, 185.326, 163.965, 4.500, 403.199, 55.075, -134.588, 499.170, 2.994, 188.998, 188.592
4.510, 328.971, 30.950, 9.953, -463.944, 3.003, 185.019, 164.009, 4.510, 403.737, 53.775, -129.949, 463.882, 3.003, 188.466, 188.669
4.520, 329.281, 31.006, 5.644, -430.901, 3.011, 184.712, 164.050, 4.520, 404.262, 52.519, -125.641, 430.852, 3.011, 187.945, 188.740
4.530, 329.591, 31.023, 1.643, -400.113, 3.020, 184.404, 164.089, 4.530, 404.775, 51.303, -121.640, 400.059, 3.020, 187.437, 188.804
4.540, 329.901, 31.002, -2.072, -371.510, 3.027, 184.096, 164.126, 4.540, 405.276, 50.123, -117.925, 371.476, 3.027, 186.939, 188.863
4.550, 330.211, 30.947, -5.522, -345.027, 3.034, 183.789, 164.160, 4.550, 405.766, 48.979, -114.475, 344.990, 3.034, 186.452, 188.917
4.560, 330.519, 30.860, -8.728, -320.547, 3.041, 183.482, 164.192, 4.560, 406.245, 47.866, -111.270, 320.518, 3.041, 185.976, 188.967
4.570, 330.827, 30.743, -11.707, -297.963, 3.048, 183.176, 164.222, 4.570, 406.713, 46.783, -108.291, 297.933, 3.048, 185.510, 189.012
4.580, 331.133, 30.598, -14.479, -277.145, 3.054, 182.871, 164.250, 4.580, 407.170, 45.728, -105.520, 277.126, 3.054, 185.055, 189.054
4.590, 331.437, 30.427, -17.059, -257.984, 3.060, 182.568, 164.276, 4.590, 407.617, 44.698, -102.940, 257.959, 3.060, 184.610, 189.092
4.600, 331.739, 30.233, -19.462, -240.348, 3.065, 182.267, 164.299, 4.600, 408.054, 43.693, -100.537, 240.333, 3.065, 184.174, 189.126
4.610, 332.039, 30.016, -21.703, -224.131, 3.070, 181.967, 164.322, 4.610, 408.481, 42.710, -98.296, 224.117, 3.070, 183.748, 189.158
4.620, 332.337, 29.778, -23.796, -209.221, 3.075, 181.670, 164.342, 4.620, 408.898, 41.748, -96.203, 209.204, 3.075, 183.332, 189.187
4.630, 332.632, 29.520, -25.751, -195.509, 3.079, 181.376, 164.361, 4.630, 409.306, 40.806, -94.248, 195.501, 3.079, 182.924, 189.213
4.640, 332.925, 29.244, -27.580, -182.908, 3.084, 181.084, 164.379, 4.640, 409.705, 39.881, -92.420, 182.894, 3.084, 182.526, 189.237
4.650, 333.214, 28.951, -29.293, -171.316, 3.088, 180.795, 164.395, 4.650, 410.095, 38.974, -90.706, 171.308, 3.088, 182.137, 189.259
4.660, 333.501, 28.642, -30.899, -160.657, 3.091, 180.509, 164.410, 4.660, 410.476, 38.083, -89.100, 160.650, 3.091, 181.757, 189.279
4.670, 333.784, 28.318, -32.408, -150.852, 3.095, 180.226, 164.424, 4.670, 410.848, 37.207, -87.592, 150.843, 3.095, 181.385, 189.297
4.680, 334.064, 27.980, -33.826, -141.827, 3.098, 179.946, 164.436, 4.680, 411.211, 36.346, -86.173, 141.822, 3.098, 181.022, 189.313
4.690, 334.340, 27.628, -35.161, -133.519, 3.102, 179.670, 164.448, 4.690, 411.566, 35.497, -84.838, 133.514, 3.102, 180.667, 189.328
4.700, 334.613, 27.264, -36.420, -125.867, 3.105, 179.398, 164.458, 4.700, 411.913, 34.661, -83.580, 125.861, 3.105, 180.321, 189.341
4.710, 334.882, 26.888, -37.608, -118.815, 3.107, 179.129, 164.468, 4.710, 412.251, 33.838, -82.391, 118.810, 3.107, 179.983, 189.353
4.720, 335.147, 26.501, -38.731, -112.310, 3.110, 178.864, 164.477, 4.720, 412.582, 33.025, -81.268, 112.309, 3.110, 179.653, 189.364
4.730, 335.408, 26.103, -39.794, -106.312, 3.112, 178.603, 164.484, 4.730, 412.904, 32.223, -80.205, 106.307, 3.112, 179.331, 189.374
4.740, 335.665, 25.695, -40.802, -100.771, 3.115, 178.346, 164.492, 4.740, 413.218, 31.431, -79.198, 100.768, 3.115, 179.017, 189.383
4.750, 335.917, 25.277, -41.759, -95.652, 3.117, 178.094, 164.498, 4.750, 413.525, 30.648, -78.241, 95.650, 3.117, 178.710, 189.391
4.760, 336.166, 24.851, -42.668, -90.919, 3.119, 177.845, 164.504, 4.760, 413.823, 29.875, -77.332, 90.915, 3.119, 178.412, 189.398
4.770, 336.410, 24.415, -43.533, -86.535, 3.121, 177.601, 164.509, 4.770, 414.114, 29.110, -76.467, 86.534, 3.121, 178.121, 189.404
4.780, 336.650, 23.972, -44.358, -82.474, 3.122, 177.362, 164.514, 4.780, 414.398, 28.354, -75.642, 82.473, 3.122, 177.837, 189.410
4.790, 336.885, 23.520, -45.145, -78.707, 3.124, 177.126, 164.518, 4.790, 414.674, 27.605, -74.855, 78.705, 3.124, 177.561, 189.415
4.800, 337.116, 23.061, -45.897, -75.207, 3.126, 176.896, 164.522, 4.800, 414.943, 26.864, -74.103, 75.205, 3.126, 177.292, 189.419
4.810, 337.341, 22.595, -46.617, -71.950, 3.127, 176.670, 164.526, 4.810, 415.204, 26.131, -73.383, 71.951, 3.127, 177.031, 189.423
4.820, 337.563, 22.122, -47.306, -68.918, 3.128, 176.449, 164.529, 4.820, 415.458, 25.404, -72.694, 68.915, 3.128, 176.777, 189.427
4.830, 337.779, 21.642, -47.967, -66.083, 3.130, 176.232, 164.532, 4.830, 415.705, 24.683, -72.033, 66.086, 3.130, 176.530, 189.430
4.840, 337.991, 21.156, -48.601, -63.437, 3.131, 176.021, 164.534, 4.840, 415.945, 23.969, -71.399, 63.433, 3.131, 176.291, 189.433
4.850, 338.197, 20.664, -49.211, -60.950, 3.132, 175.814, 164.536, 4.850, 416.177, 23.261, -70.789, 60.952, 3.132, 176.058, 189.435
4.860, 338.399, 20.166, -49.797, -58.617, 3.133, 175.612, 164.538, 4.860, 416.403, 22.559, -70.203, 58.616, 3.133, 175.832, 189.437
4.870, 338.596, 19.663, -50.361, -56.417, 3.134, 175.416, 164.540, 4.870, 416.621, 21.863, -69.639, 56.415, 3.134, 175.614, 189.439
4.880, 338.787, 19.154, -50.904, -54.336, 3.134, 175.224, 164.541, 4.880, 416.833, 21.172, -69.096, 54.336, 3.134, 175.402, 189.440
4.890, 338.974, 18.639, -51.428, -52.363, 3.135, 175.038, 164.542, 4.890, 417.038, 20.486, -68.572, 52.363, 3.135, 175.197, 189.442
4.900, 339.155, 18.120, -51.933, -50.486, 3.136, 174.857, 164.543, 4.900, 417.236, 19.806, -68.067, 50.485, 3.136, 174.999, 189.443
4.910, 339.331, 17.596, -52.420, -48.691, 3.136, 174.681, 164.544, 4.910, 417.427, 19.130, -67.580, 48.691, 3.136, 174.808, 189.444
4.920, 339.501, 17.067, -52.889, -46.971, 3.137, 174.510, 164.545, 4.920, 417.612, 18.459, -67.111, 46.971, 3.137, 174.623, 189.445
4.930, 339.667, 16.534, -53.342, -45.314, 3.138, 174.345, 164.546, 4.930, 417.790, 17.792, -66.658, 45.313, 3.138, 174.445, 189.446
4.940, 339.827, 15.996, -53.780, -43.711, 3.138, 174.185, 164.547, 4.940, 417.961, 17.130, -66.220, 43.711, 3.138, 174.274, 189.446
4.950, 339.981, 15.454, -54.201, -42.154, 3.138, 174.030, 164.547, 4.950, 418.126, 16.472, -65.799, 42.154, 3.138, 174.109, 189.447
4.960, 340.130, 14.908, -54.607, -40.636, 3.139, 173.881, 164.547, 4.960, 418.284, 15.818, -65.393, 40.635, 3.139, 173.951, 189.447
4.970, 340.274, 14.358, -54.999, -39.147, 3.139, 173.738, 164.548, 4.970, 418.436, 15.168, -65.001, 39.148, 3.139, 173.800, 189.448
4.980, 340.412, 13.804, -55.376, -37.684, 3.139, 173.600, 164.548, 4.980, 418.581, 14.522, -64.624, 37.684, 3.139, 173.654, 189.448
4.990, 340.544, 13.247, -55.738, -36.239, 3.140, 173.467, 164.548, 4.990, 418.720, 13.879, -64.262, 36.238, 3.140, 173.516, 189.448
5.000, 340.671, 12.686, -56.086, -34.805, 3.140, 173.340, 164.549, 5.000, 418.852, 13.240, -63.914, 34.806, 3.140, 173.383, 189.449
5.010, 340.792, 12.121, -56.420, -33.380, 3.140, 173.219, 164.549, 5.010, 418.978, 12.604, -63.580, 33.379, 3.140, 173.257, 189.449
5.020, 340.908, 11.554, -56.740, -31.956, 3.140, 173.104, 164.549, 5.020, 419.098, 11.972, -63.260, 31.957, 3.140, 173.137, 189.449
5.030, 341.018, 10.984, -57.045, -30.533, 3.140, 172.994, 164.549, 5.030, 419.211, 11.342, -62.955, 30.532, 3.140, 173.024, 189.449
5.040, 341.122, 10.410, -57.336, -29.103, 3.141, 172.890, 164.549, 5.040, 419.318, 10.715, -62.664, 29.104, 3.141, 172.917, 189.449
5.050, 341.220, 9.834, -57.613, -27.667, 3.141, 172.791, 164.549, 5.050, 419.419, 10.092, -62.387, 27.666, 3.141, 172.816, 189.449
5.060, 341.313, 9.255, -57.875, -26.218, 3.141, 172.699, 164.550, 5.060, 419.514, 9.470, -62.125, 26.219, 3.141, 172.721, 189.450
5.070, 341.400, 8.674, -58.122, -24.758, 3.141, 172.612, 164.550, 5.070, 419.603, 8.852, -61.878, 24.758, 3.141, 172.633, 189.450
5.080, 341.480, 8.091, -58.355, -23.283, 3.141, 172.531, 164.550, 5.080, 419.685, 8.235, -61.645, 23.283, 3.141, 172.550, 189.450
5.090, 341.555, 7.505, -58.573, -21.791, 3.141, 172.456, 164.550, 5.090, 419.761, 7.621, -61.427, 21.792, 3.141, 172.474, 189.450
5.100, 341.625, 6.917, -58.776, -20.283, 3.141, 172.387, 164.550, 5.100, 419.831, 7.009, -61.224, 20.283, 3.141, 172.404, 189.450
5.110, 341.688, 6.327, -58.964, -18.758, 3.141, 172.324, 164.550, 5.110, 419.895, 6.398, -61.036, 18.758, 3.141, 172.340, 189.450
5.120, 341.745, 5.736, -59.136, -17.215, 3.141, 172.266, 164.550, 5.120, 419.953, 5.790, -60.864, 17.214, 3.141, 172.282, 189.450
5.130, 341.797, 5.143, -59.292, -15.654, 3.141, 172.215, 164.550, 5.130, 420.005, 5.183, -60.708, 15.654, 3.141, 172.230, 189.450
5.140, 341.842, 4.549, -59.433, -14.076, 3.141, 172.169, 164.550, 5.140, 420.051, 4.577, -60.567, 14.076, 3.141, 172.185, 189.450
5.150, 341.882, 3.953, -59.558, -12.483, 3.141, 172.130, 164.550, 5.150, 420.090, 3.972, -60.442, 12.483, 3.141, 172.145, 189.450
5.160, 341.915, 3.357, -59.667, -10.875, 3.141, 172.096, 164.550, 5.160, 420.124, 3.369, -60.333, 10.875, 3.141, 172.111, 189.450
5.170, 341.943, 2.771, -58.575, 109.185, 3.141, 172.068, 164.550, 5.170, 420.152, 2.779, -59.054, 127.968, 3.141, 172.083, 189.450
5.180, 341.965, 2.226, -54.467, 410.730, 3.141, 172.046, 164.550, 5.180, 420.174, 2.231, -54.790, 426.424, 3.141, 172.061, 189.450
5.190, 341.983, 1.741, -48.527, 594.058, 3.141, 172.029, 164.550, 5.190, 420.192, 1.743, -48.730, 605.942, 3.141, 172.044, 189.450
5.200, 341.996, 1.315, -42.568, 595.879, 3.141, 172.016, 164.550, 5.200, 420.205, 1.316, -42.689, 604.121, 3.141, 172.030, 189.450
5.210, 342.005, 0.949, -36.595, 597.283, 3.141, 172.006, 164.550, 5.210, 420.214, 0.950, -36.662, 602.717, 3.141, 172.021, 189.450
5.220, 342.012, 0.643, -30.612, 598.325, 3.141, 172.000, 164.550, 5.220, 420.221, 0.643, -30.645, 601.675, 3.141, 172.014, 189.450
5.230, 342.016, 0.397, -24.621, 599.058, 3.141, 171.996, 164.550, 5.230, 420.225, 0.397, -24.636, 600.942, 3.141, 172.011, 189.450
5.240, 342.018, 0.211, -18.626, 599.536, 3.141, 171.994, 164.550, 5.240, 420.227, 0.211, -18.631, 600.464, 3.141, 172.008, 189.450
5.250, 342.019, 0.084, -12.628, 599.814, 3.141, 171.993, 164.550, 5.250, 420.228, 0.084, -12.629, 600.186, 3.141, 172.008, 189.450
5.260, 342.019, 0.018, -6.628, 599.948, 3.141, 171.993, 164.550, 5.260, 420.228, 0.018, -6.629, 600.052, 3.141, 172.007, 189.450
5.270, 342.019, 0.000, -1.814, 481.416, 3.141, 171.993, 164.550, 5.270, 420.228, 0.000, -1.814, 481.430, 3.141, 172.007, 189.450
