0.000, 0.000, 0.057, 5.711, 571.121, 1.571, 202.550, -34.999, 0.000, 0.000, 0.057, 5.711, 571.121, 1.571, 227.450, -35.001
0.010, 0.001, 0.114, 5.711, 0.023, 1.571, 202.550, -34.997, 0.010, 0.001, 0.114, 5.711, -0.023, 1.571, 227.450, -35.000
0.020, 0.004, 0.257, 14.279, 856.800, 1.571, 202.550, -34.995, 0.020, 0.004, 0.257, 14.277, 856.563, 1.571, 227.450, -34.997
0.030, 0.009, 0.457, 19.994, 571.492, 1.571, 202.550, -34.990, 0.030, 0.009, 0.457, 19.984, 570.750, 1.571, 227.450, -34.993
0.040, 0.016, 0.714, 25.714, 571.974, 1.571, 202.550, -34.983, 0.040, 0.016, 0.714, 25.687, 570.267, 1.571, 227.450, -34.985
0.050, 0.026, 1.029, 31.442, 572.762, 1.571, 202.550, -34.973, 0.050, 0.026, 1.028, 31.382, 569.479, 1.571, 227.450, -34.975
0.060, 0.040, 1.400, 37.181, 573.931, 1.571, 202.550, -34.959, 0.060, 0.040, 1.398, 37.065, 568.311, 1.571, 227.450, -34.961
0.070, 0.058, 1.830, 42.937, 575.552, 1.571, 202.550, -34.941, 0.070, 0.058, 1.825, 42.732, 566.690, 1.571, 227.450, -34.943
0.080, 0.081, 2.317, 48.713, 577.694, 1.571, 202.550, -34.917, 0.080, 0.081, 2.309, 48.377, 564.548, 1.571, 227.450, -34.920
0.090, 0.110, 2.862, 54.518, 580.422, 1.571, 202.550, -34.889, 0.090, 0.110, 2.849, 53.995, 561.819, 1.571, 227.450, -34.891
0.100, 0.145, 3.466, 60.356, 583.797, 1.571, 202.550, -34.854, 0.100, 0.144, 3.445, 59.580, 558.445, 1.571, 227.450, -34.857
0.110, 0.186, 4.128, 66.234, 587.870, 1.571, 202.550, -34.813, 0.110, 0.185, 4.096, 65.123, 554.371, 1.571, 227.450, -34.816
0.120, 0.235, 4.850, 72.161, 592.687, 1.571, 202.550, -34.764, 0.120, 0.233, 4.802, 70.619, 549.555, 1.571, 227.450, -34.768
0.130, 0.291, 5.631, 78.144, 598.280, 1.571, 202.550, -34.708, 0.130, 0.289, 5.563, 76.059, 543.962, 1.571, 227.450, -34.712
0.140, 0.355, 6.444, 81.312, 316.782, 1.571, 202.550, -34.644, 0.140, 0.352, 6.349, 78.602, 254.339, 1.571, 227.450, -34.649
0.150, 0.428, 7.261, 81.650, 33.774, 1.571, 202.550, -34.571, 0.150, 0.424, 7.132, 78.264, -33.774, 1.571, 227.450, -34.578
0.160, 0.509, 8.081, 82.023, 37.364, 1.570, 202.550, -34.490, 0.160, 0.503, 7.911, 77.891, -37.364, 1.570, 227.450, -34.498
0.170, 0.598, 8.905, 82.431, 40.728, 1.570, 202.550, -34.401, 0.170, 0.590, 8.685, 77.483, -40.728, 1.570, 227.450, -34.412
0.180, 0.695, 9.734, 82.869, 43.842, 1.570, 202.550, -34.304, 0.180, 0.684, 9.456, 77.045, -43.842, 1.570, 227.450, -34.317
0.190, 0.801, 10.567, 83.336, 46.678, 1.570, 202.550, -34.198, 0.190, 0.786, 10.222, 76.578, -46.678, 1.570, 227.450, -34.215
0.200, 0.915, 11.405, 83.828, 49.213, 1.570, 202.550, -34.084, 0.200, 0.896, 10.982, 76.086, -49.213, 1.570, 227.450, -34.105
0.210, 1.037, 12.249, 84.342, 51.419, 1.570, 202.550, -33.962, 0.210, 1.014, 11.738, 75.572, -51.419, 1.570, 227.450, -33.988
0.220, 1.168, 13.098, 84.875, 53.272, 1.570, 202.551, -33.831, 0.220, 1.139, 12.489, 75.039, -53.272, 1.570, 227.451, -33.863
0.230, 1.308, 13.952, 85.422, 54.747, 1.569, 202.551, -33.691, 0.230, 1.271, 13.234, 74.492, -54.747, 1.569, 227.451, -33.730
0.240, 1.456, 14.812, 85.980, 55.822, 1.569, 202.551, -33.543, 0.240, 1.411, 13.973, 73.933, -55.822, 1.569, 227.451, -33.591
0.250, 1.613, 15.677, 86.545, 56.472, 1.568, 202.551, -33.386, 0.250, 1.558, 14.707, 73.369, -56.472, 1.568, 227.451, -33.444
0.260, 1.778, 16.548, 87.112, 56.677, 1.568, 202.552, -33.221, 0.260, 1.712, 15.435, 72.802, -56.678, 1.568, 227.452, -33.289
0.270, 1.952, 17.425, 87.676, 56.418, 1.568, 202.552, -33.046, 0.270, 1.874, 16.157, 72.238, -56.418, 1.568, 227.452, -33.128
0.280, 2.135, 18.307, 88.233, 55.675, 1.567, 202.553, -32.863, 0.280, 2.042, 16.874, 71.681, -55.675, 1.567, 227.453, -32.959
0.290, 2.327, 19.195, 88.777, 54.435, 1.566, 202.554, -32.671, 0.290, 2.218, 17.585, 71.137, -54.435, 1.566, 227.454, -32.783
0.300, 2.528, 20.088, 89.304, 52.682, 1.566, 202.555, -32.471, 0.300, 2.401, 18.291, 70.610, -52.683, 1.566, 227.454, -32.600
0.310, 2.738, 20.986, 89.808, 50.409, 1.565, 202.556, -32.261, 0.310, 2.591, 18.992, 70.106, -50.409, 1.565, 227.455, -32.410
0.320, 2.957, 21.889, 90.284, 47.605, 1.564, 202.557, -32.042, 0.320, 2.788, 19.689, 69.630, -47.606, 1.564, 227.457, -32.213
0.330, 3.185, 22.796, 90.727, 44.269, 1.563, 202.559, -31.814, 0.330, 2.992, 20.380, 69.187, -44.269, 1.563, 227.458, -32.010
0.340, 3.422, 23.708, 91.131, 40.399, 1.562, 202.561, -31.577, 0.340, 3.202, 21.068, 68.783, -40.400, 1.562, 227.460, -31.799
0.350, 3.668, 24.623, 91.491, 36.000, 1.561, 202.563, -31.331, 0.350, 3.420, 21.752, 68.423, -36.000, 1.561, 227.462, -31.581
0.360, 3.924, 25.541, 91.802, 31.077, 1.559, 202.566, -31.075, 0.360, 3.644, 22.434, 68.112, -31.077, 1.559, 227.464, -31.357
0.370, 4.188, 26.461, 92.058, 25.643, 1.558, 202.569, -30.811, 0.370, 3.875, 23.112, 67.856, -25.644, 1.558, 227.467, -31.126
0.380, 4.462, 27.384, 92.255, 19.714, 1.557, 202.573, -30.537, 0.380, 4.113, 23.789, 67.659, -19.715, 1.557, 227.470, -30.888
0.390, 4.745, 28.308, 92.388, 13.310, 1.555, 202.577, -30.254, 0.390, 4.358, 24.464, 67.525, -13.311, 1.555, 227.474, -30.643
0.400, 5.038, 29.232, 92.453, 6.454, 1.553, 202.582, -29.961, 0.400, 4.609, 25.139, 67.461, -6.455, 1.553, 227.478, -30.392
0.410, 5.339, 30.157, 92.445, -0.825, 1.552, 202.587, -29.660, 0.410, 4.867, 25.813, 67.469, 0.825, 1.552, 227.483, -30.134
0.420, 5.650, 31.080, 92.360, -8.496, 1.550, 202.594, -29.349, 0.420, 5.132, 26.489, 67.554, 8.495, 1.550, 227.488, -29.869
0.430, 5.970, 32.002, 92.194, -16.523, 1.548, 202.601, -29.029, 0.430, 5.404, 27.166, 67.719, 16.522, 1.548, 227.494, -29.598
0.440, 6.299, 32.922, 91.946, -24.868, 1.546, 202.608, -28.700, 0.440, 5.682, 27.846, 67.968, 24.867, 1.546, 227.501, -29.319
0.450, 6.638, 33.838, 91.611, -33.489, 1.544, 202.617, -28.362, 0.450, 5.968, 28.529, 68.303, 33.489, 1.544, 227.508, -29.034
0.460, 6.985, 34.750, 91.187, -42.346, 1.542, 202.627, -28.014, 0.460, 6.260, 29.216, 68.726, 42.344, 1.542, 227.516, -28.742
0.470, 7.342, 35.656, 90.673, -51.389, 1.539, 202.638, -27.658, 0.470, 6.559, 29.908, 69.240, 51.389, 1.539, 227.525, -28.443
0.480, 7.707, 36.557, 90.068, -60.578, 1.537, 202.650, -27.293, 0.480, 6.865, 30.607, 69.846, 60.578, 1.537, 227.535, -28.137
0.490, 8.082, 37.451, 89.369, -69.865, 1.534, 202.663, -26.918, 0.490, 7.178, 31.312, 70.545, 69.865, 1.534, 227.546, -27.824
0.500, 8.465, 38.336, 88.577, -79.206, 1.532, 202.677, -26.535, 0.500, 7.498, 32.026, 71.337, 79.205, 1.532, 227.559, -27.504
0.510, 8.857, 39.213, 87.691, -88.557, 1.529, 202.693, -26.144, 0.510, 7.826, 32.748, 72.222, 88.559, 1.529, 227.572, -27.177
0.520, 9.258, 40.080, 86.713, -97.882, 1.527, 202.710, -25.743, 0.520, 8.161, 33.480, 73.201, 97.881, 1.527, 227.586, -26.842
0.530, 9.667, 40.937, 85.641, -107.139, 1.524, 202.729, -25.334, 0.530, 8.503, 34.223, 74.273, 107.140, 1.524, 227.602, -26.501
0.540, 10.085, 41.782, 84.478, -116.299, 1.521, 202.749, -24.917, 0.540, 8.853, 34.977, 75.436, 116.300, 1.521, 227.618, -26.151
0.550, 10.511, 42.614, 83.225, -125.334, 1.518, 202.771, -24.491, 0.550, 9.210, 35.744, 76.689, 125.336, 1.518, 227.637, -25.794
0.560, 10.946, 43.433, 81.883, -134.224, 1.516, 202.794, -24.058, 0.560, 9.575, 36.524, 78.031, 134.226, 1.516, 227.656, -25.430
0.570, 11.388, 44.237, 80.453, -142.955, 1.513, 202.819, -23.616, 0.570, 9.949, 37.319, 79.461, 142.957, 1.513, 227.677, -25.057
0.580, 11.838, 45.027, 78.938, -151.520, 1.510, 202.846, -23.166, 0.580, 10.330, 38.129, 80.976, 151.523, 1.510, 227.700, -24.676
0.590, 12.296, 45.800, 77.339, -159.923, 1.507, 202.874, -22.709, 0.590, 10.719, 38.954, 82.575, 159.926, 1.507, 227.724, -24.288
0.600, 12.762, 46.557, 75.657, -168.177, 1.505, 202.904, -22.245, 0.600, 11.117, 39.797, 84.257, 168.179, 1.505, 227.750, -23.890
0.610, 13.235, 47.295, 73.894, -176.300, 1.502, 202.936, -21.773, 0.610, 11.524, 40.657, 86.020, 176.304, 1.502, 227.777, -23.485
0.620, 13.715, 48.016, 72.051, -184.329, 1.499, 202.970, -21.294, 0.620, 11.939, 41.536, 87.863, 184.331, 1.499, 227.806, -23.070
0.630, 14.202, 48.717, 70.128, -192.302, 1.497, 203.005, -20.808, 0.630, 12.364, 42.434, 89.786, 192.306, 1.497, 227.837, -22.647
0.640, 14.696, 49.399, 68.125, -200.277, 1.494, 203.042, -20.315, 0.640, 12.797, 43.351, 91.789, 200.281, 1.494, 227.870, -22.215
0.650, 15.197, 50.059, 66.042, -208.320, 1.492, 203.081, -19.816, 0.650, 13.240, 44.290, 93.872, 208.322, 1.492, 227.904, -21.773
0.660, 15.704, 50.698, 63.877, -216.507, 1.490, 203.122, -19.311, 0.660, 13.692, 45.251, 96.038, 216.510, 1.490, 227.940, -21.322
0.670, 16.217, 51.314, 61.627, -224.931, 1.488, 203.164, -18.799, 0.670, 14.155, 46.233, 98.287, 224.934, 1.488, 227.978, -20.861
0.680, 16.736, 51.907, 59.290, -233.696, 1.486, 203.207, -18.282, 0.680, 14.627, 47.240, 100.624, 233.698, 1.486, 228.018, -20.391
0.690, 17.261, 52.475, 56.861, -242.920, 1.484, 203.252, -17.759, 0.690, 15.110, 48.270, 103.053, 242.921, 1.484, 228.059, -19.910
0.700, 17.791, 53.019, 54.334, -252.735, 1.483, 203.298, -17.231, 0.700, 15.603, 49.326, 105.580, 252.736, 1.483, 228.102, -19.418
0.710, 18.326, 53.536, 51.701, -263.291, 1.482, 203.345, -16.698, 0.710, 16.107, 50.408, 108.213, 263.291, 1.482, 228.146, -18.916
0.720, 18.866, 54.025, 48.953, -274.751, 1.481, 203.394, -16.160, 0.720, 16.622, 51.518, 110.961, 274.749, 1.481, 228.193, -18.403
0.730, 19.411, 54.486, 46.080, -287.297, 1.480, 203.443, -15.617, 0.730, 17.149, 52.656, 113.834, 287.294, 1.480, 228.240, -17.879
0.740, 19.960, 54.917, 43.069, -301.131, 1.479, 203.493, -15.070, 0.740, 17.687, 53.825, 116.845, 301.126, 1.479, 228.289, -17.343
0.750, 20.514, 55.316, 39.904, -316.475, 1.479, 203.544, -14.520, 0.750, 18.237, 55.025, 120.010, 316.467, 1.479, 228.340, -16.795
0.760, 21.070, 55.682, 36.569, -333.575, 1.480, 203.595, -13.965, 0.760, 18.800, 56.258, 123.345, 333.565, 1.480, 228.391, -16.235
0.770, 21.631, 56.012, 33.042, -352.701, 1.480, 203.645, -13.407, 0.770, 19.375, 57.527, 126.872, 352.688, 1.480, 228.443, -15.662
0.780, 22.194, 56.305, 29.300, -374.154, 1.481, 203.696, -12.846, 0.780, 19.964, 58.833, 130.614, 374.137, 1.481, 228.496, -15.076
0.790, 22.759, 56.558, 25.317, -398.263, 1.483, 203.746, -12.283, 0.790, 20.565, 60.179, 134.596, 398.241, 1.483, 228.550, -14.476
0.800, 23.327, 56.769, 21.063, -425.393, 1.485, 203.796, -11.718, 0.800, 21.181, 61.567, 138.850, 425.365, 1.485, 228.603, -13.863
0.810, 23.896, 56.934, 16.504, -455.944, 1.487, 203.844, -11.150, 0.810, 21.811, 63.002, 143.409, 455.911, 1.487, 228.657, -13.235
0.820, 24.467, 57.050, 11.600, -490.361, 1.490, 203.891, -10.582, 0.820, 22.456, 64.485, 148.312, 490.319, 1.490, 228.710, -12.593
0.830, 25.038, 57.113, 6.309, -529.123, 1.494, 203.936, -10.012, 0.830, 23.116, 66.021, 153.603, 529.073, 1.494, 228.762, -11.935
0.840, 25.609, 57.119, 0.582, -572.761, 1.498, 203.979, -9.443, 0.840, 23.792, 67.614, 159.330, 572.699, 1.498, 228.813, -11.260
0.850, 26.180, 57.062, -5.637, -621.840, 1.503, 204.020, -8.874, 0.850, 24.485, 69.269, 165.547, 621.765, 1.503, 228.862, -10.569
0.860, 26.749, 56.938, -12.407, -676.964, 1.508, 204.057, -8.305, 0.860, 25.195, 70.993, 172.316, 676.874, 1.508, 228.908, -9.861
0.870, 27.316, 56.740, -19.794, -738.768, 1.515, 204.090, -7.739, 0.870, 25.923, 72.790, 179.703, 738.654, 1.515, 228.951, -9.134
0.880, 27.881, 56.462, -27.873, -807.882, 1.522, 204.120, -7.175, 0.880, 26.670, 74.667, 187.780, 807.750, 1.522, 228.990, -8.389
0.890, 28.442, 56.094, -36.722, -884.931, 1.530, 204.145, -6.615, 0.890, 27.436, 76.634, 196.628, 884.766, 1.530, 229.025, -7.623
0.900, 28.998, 55.630, -46.427, -970.451, 1.540, 204.165, -6.059, 0.900, 28.223, 78.697, 206.330, 970.253, 1.540, 229.053, -6.837
0.910, 29.549, 55.037, -59.362, -1293.483, 1.550, 204.180, -5.509, 0.910, 29.031, 80.833, 213.552, 722.130, 1.550, 229.074, -6.029
0.920, 30.092, 54.283, -75.330, -1596.866, 1.561, 204.188, -4.966, 0.920, 29.861, 83.013, 218.095, 454.358, 1.561, 229.087, -5.199
0.930, 30.625, 53.364, -91.905, -1657.451, 1.574, 204.189, -4.432, 0.930, 30.714, 85.246, 223.244, 514.895, 1.574, 229.089, -4.346
0.940, 31.148, 52.273, -109.073, -1716.771, 1.588, 204.184, -3.910, 0.940, 31.589, 87.536, 228.986, 574.169, 1.588, 229.080, -3.471
0.950, 31.658, 51.006, -126.790, -1771.748, 1.604, 204.171, -3.400, 0.950, 32.488, 89.889, 235.277, 629.088, 1.604, 229.057, -2.572
0.960, 32.153, 49.556, -144.971, -1818.113, 1.621, 204.150, -2.905, 0.960, 33.411, 92.309, 242.031, 675.393, 1.621, 229.019, -1.650
0.970, 32.633, 47.921, -163.473, -1850.139, 1.640, 204.122, -2.426, 0.970, 34.359, 94.800, 249.104, 707.355, 1.640, 228.962, -0.704
0.980, 33.094, 46.100, -182.076, -1860.349, 1.661, 204.085, -1.967, 0.980, 35.333, 97.363, 256.279, 717.506, 1.661, 228.885, 0.267
0.990, 33.535, 44.096, -200.469, -1839.285, 1.683, 204.041, -1.528, 0.990, 36.333, 99.995, 263.243, 696.374, 1.683, 228.784, 1.262
1.000, 33.954, 41.913, -218.223, -1775.364, 1.707, 203.989, -1.112, 1.000, 37.360, 102.691, 269.567, 632.407, 1.707, 228.657, 2.281
1.010, 34.349, 39.566, -234.773, -1655.031, 1.734, 203.930, -0.721, 1.010, 38.414, 105.438, 274.687, 512.041, 1.734, 228.500, 3.323
1.020, 34.720, 37.072, -249.406, -1463.275, 1.763, 203.865, -0.356, 1.020, 39.496, 108.217, 277.890, 320.281, 1.763, 228.309, 4.389
1.030, 35.065, 34.459, -261.253, -1184.785, 1.793, 203.794, -0.019, 1.030, 40.606, 111.000, 278.309, 41.832, 1.793, 228.081, 5.475
1.040, 35.382, 31.757, -270.167, -891.320, 1.826, 203.719, 0.290, 1.040, 41.743, 113.717, 271.707, -660.203, 1.826, 227.812, 6.580
1.050, 35.673, 29.019, -273.894, -372.709, 1.861, 203.641, 0.569, 1.050, 42.906, 116.316, 259.920, -1178.624, 1.861, 227.498, 7.700
1.060, 35.936, 26.312, -270.650, 324.329, 1.898, 203.561, 0.820, 1.060, 44.094, 118.768, 245.253, -1466.720, 1.898, 227.137, 8.831
1.070, 36.173, 23.707, -260.495, 1015.502, 1.937, 203.481, 1.043, 1.070, 45.304, 121.005, 223.678, -2157.557, 1.937, 226.726, 9.969
1.080, 36.386, 21.279, -242.765, 1773.030, 1.978, 203.400, 1.240, 1.080, 46.534, 122.951, 194.531, -2914.679, 1.978, 226.262, 11.108
1.090, 36.577, 19.107, -217.251, 2551.418, 2.021, 203.321, 1.414, 1.090, 47.779, 124.527, 157.605, -3692.612, 2.021, 225.744, 12.241
1.100, 36.749, 17.263, -184.350, 3290.141, 2.064, 203.243, 1.568, 1.100, 49.036, 125.660, 113.296, -4430.887, 2.064, 225.173, 13.360
1.110, 36.907, 15.812, -145.148, 3920.129, 2.109, 203.165, 1.705, 1.110, 50.298, 126.286, 62.691, -5060.480, 2.109, 224.551, 14.459
1.120, 37.055, 14.798, -101.406, 4374.245, 2.153, 203.086, 1.831, 1.120, 51.562, 126.362, 7.548, -5514.317, 2.153, 223.879, 15.529
1.130, 37.198, 14.244, -55.408, 4599.750, 2.198, 203.005, 1.948, 1.130, 52.821, 125.863, -49.849, -5739.698, 2.198, 223.164, 16.565
1.140, 37.339, 14.147, -9.715, 4569.319, 2.243, 202.920, 2.061, 1.140, 54.069, 124.794, -106.942, -5709.325, 2.243, 222.409, 17.558
1.150, 37.484, 14.478, 33.156, 4287.127, 2.286, 202.827, 2.172, 1.150, 55.300, 123.182, -161.216, -5427.362, 2.286, 221.621, 18.506
1.160, 37.636, 15.189, 71.035, 3787.876, 2.329, 202.725, 2.284, 1.160, 56.511, 121.077, -210.501, -4928.474, 2.329, 220.808, 19.402
1.170, 37.798, 16.212, 102.326, 3129.127, 2.370, 202.611, 2.400, 1.170, 57.697, 118.545, -253.203, -4270.168, 2.370, 219.975, 20.246
1.180, 37.973, 17.479, 126.683, 2435.656, 2.409, 202.483, 2.519, 1.180, 58.854, 115.696, -284.888, -3168.510, 2.409, 219.130, 21.036
1.190, 38.162, 18.923, 144.386, 1770.372, 2.447, 202.340, 2.643, 1.190, 59.980, 112.654, -304.214, -1932.615, 2.447, 218.278, 21.774
1.200, 38.367, 20.478, 155.543, 1115.690, 2.483, 202.180, 2.771, 1.200, 61.075, 109.500, -315.373, -1115.889, 2.483, 217.425, 22.459
1.210, 38.588, 22.086, 160.764, 522.101, 2.517, 202.004, 2.903, 1.210, 62.138, 106.294, -320.598, -522.507, 2.517, 216.573, 23.096
1.220, 38.825, 23.696, 161.013, 24.861, 2.548, 201.809, 3.039, 1.220, 63.169, 103.086, -320.852, -25.441, 2.548, 215.728, 23.685
1.230, 39.077, 25.269, 157.294, -371.881, 2.578, 201.597, 3.177, 1.230, 64.168, 99.914, -317.140, 371.235, 2.578, 214.891, 24.231
1.240, 39.345, 26.774, 150.565, -672.954, 2.607, 201.369, 3.316, 1.240, 65.136, 96.810, -310.417, 672.265, 2.607, 214.065, 24.737
1.250, 39.627, 28.191, 141.678, -888.691, 2.633, 201.125, 3.457, 1.250, 66.074, 93.795, -301.537, 888.004, 2.633, 213.252, 25.204
1.260, 39.922, 29.505, 131.357, -1032.083, 2.658, 200.865, 3.597, 1.260, 66.983, 90.882, -291.223, 1031.434, 2.658, 212.453, 25.637
1.270, 40.229, 30.707, 120.190, -1116.691, 2.681, 200.592, 3.737, 1.270, 67.864, 88.082, -280.062, 1116.087, 2.681, 211.668, 26.038
1.280, 40.547, 31.793, 108.637, -1155.295, 2.702, 200.305, 3.875, 1.280, 68.718, 85.397, -268.514, 1154.748, 2.702, 210.900, 26.409
1.290, 40.875, 32.763, 97.045, -1159.180, 2.722, 200.008, 4.012, 1.290, 69.546, 82.827, -256.928, 1158.682, 2.722, 210.146, 26.754
1.300, 41.211, 33.620, 85.667, -1137.824, 2.741, 199.699, 4.146, 1.300, 70.350, 80.372, -245.554, 1137.397, 2.741, 209.409, 27.074
1.310, 41.554, 34.367, 74.678, -1098.927, 2.759, 199.382, 4.277, 1.310, 71.130, 78.026, -234.568, 1098.549, 2.759, 208.688, 27.372
1.320, 41.905, 35.009, 64.192, -1048.527, 2.775, 199.056, 4.405, 1.320, 71.888, 75.785, -224.086, 1048.192, 2.775, 207.983, 27.650
1.330, 42.260, 35.552, 54.280, -991.237, 2.790, 198.723, 4.530, 1.330, 72.624, 73.644, -214.177, 990.958, 2.790, 207.293, 27.908
1.340, 42.620, 36.001, 44.975, -930.512, 2.805, 198.384, 4.651, 1.340, 73.340, 71.595, -204.874, 930.260, 2.805, 206.620, 28.150
1.350, 42.984, 36.364, 36.287, -868.836, 2.818, 198.040, 4.769, 1.350, 74.037, 69.633, -196.188, 868.630, 2.818, 205.961, 28.376
1.360, 43.350, 36.646, 28.207, -807.980, 2.830, 197.692, 4.884, 1.360, 74.714, 67.752, -188.110, 807.799, 2.830, 205.317, 28.587
1.370, 43.719, 36.853, 20.716, -749.131, 2.842, 197.340, 4.995, 1.370, 75.374, 65.946, -180.620, 748.977, 2.842, 204.688, 28.786
1.380, 44.089, 36.991, 13.785, -693.061, 2.853, 196.986, 5.102, 1.380, 76.016, 64.209, -173.691, 692.921, 2.853, 204.074, 28.972
1.390, 44.459, 37.065, 7.383, -640.213, 2.863, 196.630, 5.205, 1.390, 76.641, 62.536, -167.290, 640.110, 2.863, 203.473, 29.147
1.400, 44.830, 37.080, 1.474, -590.837, 2.873, 196.273, 5.306, 1.400, 77.250, 60.922, -161.382, 590.734, 2.873, 202.887, 29.311
1.410, 45.201, 37.040, -3.975, -544.977, 2.882, 195.916, 5.402, 1.410, 77.844, 59.363, -155.933, 544.897, 2.882, 202.314, 29.466
1.420, 45.570, 36.950, -9.001, -502.604, 2.890, 195.558, 5.496, 1.420, 78.422, 57.854, -150.908, 502.534, 2.890, 201.754, 29.613
1.430, 45.938, 36.814, -13.637, -463.598, 2.898, 195.202, 5.586, 1.430, 78.986, 56.391, -146.273, 463.531, 2.898, 201.207, 29.751
1.440, 46.304, 36.635, -17.915, -427.787, 2.905, 194.846, 5.673, 1.440, 79.536, 54.971, -141.995, 427.738, 2.905, 200.673, 29.881
1.450, 46.669, 36.416, -21.865, -394.990, 2.912, 194.491, 5.757, 1.450, 80.072, 53.590, -138.046, 394.946, 2.912, 200.152, 30.005
1.460, 47.030, 36.161, -25.515, -365.000, 2.919, 194.139, 5.838, 1.460, 80.594, 52.246, -134.396, 364.959, 2.919, 199.643, 30.122
1.470, 47.389, 35.872, -28.891, -337.607, 2.925, 193.789, 5.916, 1.470, 81.104, 50.936, -131.021, 337.571, 2.925, 199.146, 30.233
1.480, 47.744, 35.552, -32.017, -312.604, 2.930, 193.441, 5.992, 1.480, 81.600, 49.657, -127.895, 312.582, 2.930, 198.660, 30.339
1.490, 48.097, 35.202, -34.915, -289.807, 2.936, 193.097, 6.065, 1.490, 82.084, 48.407, -124.997, 289.779, 2.936, 198.187, 30.439
1.500, 48.445, 34.826, -37.605, -269.015, 2.941, 192.756, 6.135, 1.500, 82.556, 47.184, -122.307, 268.993, 2.941, 197.725, 30.534
1.510, 48.789, 34.425, -40.106, -250.060, 2.945, 192.418, 6.203, 1.510, 83.016, 45.986, -119.807, 250.041, 2.945, 197.274, 30.625
1.520, 49.129, 34.001, -42.434, -232.777, 2.950, 192.085, 6.268, 1.520, 83.464, 44.811, -117.479, 232.762, 2.950, 196.834, 30.711
1.530, 49.465, 33.555, -44.604, -217.018, 2.954, 191.755, 6.332, 1.530, 83.901, 43.658, -115.309, 217.003, 2.954, 196.405, 30.794
1.540, 49.795, 33.089, -46.630, -202.641, 2.958, 191.430, 6.393, 1.540, 84.326, 42.525, -113.283, 202.630, 2.958, 195.987, 30.872
1.550, 50.122, 32.603, -48.526, -189.524, 2.961, 191.109, 6.452, 1.550, 84.740, 41.412, -111.388, 189.513, 2.961, 195.580, 30.947
1.560, 50.443, 32.100, -50.301, -177.547, 2.964, 190.794, 6.509, 1.560, 85.143, 40.315, -109.612, 177.538, 2.964, 195.183, 31.019
1.570, 50.758, 31.581, -51.967, -166.607, 2.967, 190.483, 6.564, 1.570, 85.536, 39.236, -107.946, 166.598, 2.967, 194.797, 31.088
1.580, 51.069, 31.045, -53.533, -156.605, 2.970, 190.177, 6.618, 1.580, 85.917, 38.172, -106.380, 156.600, 2.970, 194.421, 31.153
1.590, 51.374, 30.495, -55.008, -147.457, 2.973, 189.876, 6.669, 1.590, 86.289, 37.123, -104.906, 147.451, 2.973, 194.055, 31.216
1.600, 51.673, 29.931, -56.399, -139.080, 2.975, 189.581, 6.719, 1.600, 86.649, 36.088, -103.515, 139.075, 2.975, 193.699, 31.276
1.610, 51.967, 29.354, -57.713, -131.404, 2.978, 189.292, 6.767, 1.610, 87.000, 35.066, -102.201, 131.398, 2.978, 193.353, 31.334
1.620, 52.254, 28.765, -58.956, -124.359, 2.980, 189.008, 6.814, 1.620, 87.341, 34.056, -100.957, 124.354, 2.980, 193.017, 31.389
1.630, 52.536, 28.163, -60.135, -117.885, 2.982, 188.730, 6.859, 1.630, 87.671, 33.059, -99.779, 117.885, 2.982, 192.691, 31.442
1.640, 52.811, 27.551, -61.254, -111.933, 2.984, 188.458, 6.903, 1.640, 87.992, 32.072, -98.659, 111.927, 2.984, 192.374, 31.493
1.650, 53.081, 26.928, -62.319, -106.445, 2.985, 188.192, 6.945, 1.650, 88.303, 31.096, -97.595, 106.440, 2.985, 192.067, 31.541
1.660, 53.344, 26.294, -63.333, -101.374, 2.987, 187.932, 6.985, 1.660, 88.604, 30.130, -96.581, 101.376, 2.987, 191.770, 31.588
1.670, 53.600, 25.651, -64.300, -96.688, 2.988, 187.678, 7.025, 1.670, 88.896, 29.174, -95.614, 96.682, 2.988, 191.481, 31.633
1.680, 53.850, 24.999, -65.223, -92.335, 2.990, 187.431, 7.063, 1.680, 89.178, 28.227, -94.691, 92.334, 2.990, 191.202, 31.676
1.690, 54.093, 24.338, -66.106, -88.286, 2.991, 187.191, 7.100, 1.690, 89.451, 27.289, -93.808, 88.287, 2.991, 190.933, 31.717
1.700, 54.330, 23.668, -66.951, -84.510, 2.992, 186.957, 7.135, 1.700, 89.715, 26.360, -92.963, 84.507, 2.992, 190.672, 31.756
1.710, 54.560, 22.991, -67.761, -80.970, 2.993, 186.729, 7.169, 1.710, 89.969, 25.438, -92.153, 80.971, 2.993, 190.420, 31.794
1.720, 54.783, 22.305, -68.537, -77.645, 2.994, 186.509, 7.202, 1.720, 90.214, 24.524, -91.377, 77.643, 2.994, 190.178, 31.830
1.730, 54.999, 21.613, -69.282, -74.502, 2.995, 186.295, 7.234, 1.730, 90.451, 23.618, -90.632, 74.503, 2.995, 189.944, 31.865
1.740, 55.208, 20.913, -69.997, -71.524, 2.995, 186.088, 7.264, 1.740, 90.678, 22.719, -89.917, 71.522, 2.995, 189.719, 31.898
1.750, 55.410, 20.206, -70.684, -68.683, 2.996, 185.888, 7.294, 1.750, 90.896, 21.826, -89.230, 68.682, 2.996, 189.504, 31.930
1.760, 55.605, 19.492, -71.344, -65.961, 2.996, 185.695, 7.322, 1.760, 91.105, 20.941, -88.570, 65.962, 2.996, 189.296, 31.960
1.770, 55.793, 18.773, -71.977, -63.340, 2.997, 185.510, 7.349, 1.770, 91.306, 20.061, -87.937, 63.339, 2.997, 189.098, 31.989
1.780, 55.974, 18.047, -72.585, -60.801, 2.997, 185.331, 7.375, 1.780, 91.498, 19.188, -87.329, 60.801, 2.997, 188.908, 32.017
1.790, 56.147, 17.315, -73.168, -58.329, 2.998, 185.160, 7.400, 1.790, 91.681, 18.321, -86.745, 58.328, 2.998, 188.727, 32.043
1.800, 56.312, 16.578, -73.727, -55.908, 2.998, 184.996, 7.424, 1.800, 91.856, 17.459, -86.186, 55.909, 2.998, 188.554, 32.068
1.810, 56.471, 15.835, -74.263, -53.527, 2.999, 184.839, 7.446, 1.810, 92.022, 16.602, -85.651, 53.526, 2.999, 188.389, 32.092
1.820, 56.622, 15.087, -74.774, -51.172, 2.999, 184.690, 7.468, 1.820, 92.179, 15.751, -85.139, 51.172, 2.999, 188.234, 32.114
1.830, 56.765, 14.335, -75.263, -48.833, 2.999, 184.548, 7.488, 1.830, 92.328, 14.904, -84.651, 48.832, 2.999, 188.086, 32.135
1.840, 56.901, 13.578, -75.728, -46.499, 2.999, 184.413, 7.507, 1.840, 92.469, 14.062, -84.186, 46.499, 2.999, 187.947, 32.155
1.850, 57.029, 12.816, -76.169, -44.164, 2.999, 184.286, 7.526, 1.850, 92.601, 13.225, -83.744, 44.163, 2.999, 187.816, 32.174
1.860, 57.149, 12.050, -76.588, -41.817, 3.000, 184.167, 7.543, 1.860, 92.725, 12.392, -83.326, 41.818, 3.000, 187.693, 32.192
1.870, 57.262, 11.280, -76.982, -39.456, 3.000, 184.055, 7.559, 1.870, 92.841, 11.562, -82.932, 39.455, 3.000, 187.579, 32.208
1.880, 57.367, 10.507, -77.353, -37.073, 3.000, 183.951, 7.574, 1.880, 92.948, 10.737, -82.561, 37.073, 3.000, 187.473, 32.223
1.890, 57.465, 9.730, -77.699, -34.664, 3.000, 183.855, 7.587, 1.890, 93.047, 9.915, -82.214, 34.664, 3.000, 187.374, 32.237
1.900, 57.554, 8.949, -78.022, -32.227, 3.000, 183.767, 7.600, 1.900, 93.138, 9.096, -81.892, 32.227, 3.000, 187.284, 32.250
1.910, 57.636, 8.166, -78.319, -29.759, 3.000, 183.686, 7.611, 1.910, 93.221, 8.280, -81.595, 29.759, 3.000, 187.202, 32.262
1.920, 57.710, 7.380, -78.592, -27.259, 3.000, 183.613, 7.622, 1.920, 93.296, 7.467, -81.322, 27.258, 3.000, 187.128, 32.272
1.930, 57.776, 6.592, -78.839, -24.726, 3.000, 183.547, 7.631, 1.930, 93.362, 6.656, -81.075, 24.726, 3.000, 187.063, 32.282
1.940, 57.834, 5.801, -79.061, -22.161, 3.000, 183.490, 7.639, 1.940, 93.421, 5.847, -80.853, 22.161, 3.000, 187.005, 32.290
1.950, 57.884, 5.029, -77.219, 184.220, 3.000, 183.440, 7.647, 1.950, 93.471, 5.061, -78.608, 224.509, 3.000, 186.955, 32.297
1.960, 57.927, 4.304, -72.496, 472.263, 3.000, 183.398, 7.653, 1.960, 93.515, 4.326, -73.532, 507.587, 3.000, 186.912, 32.303
1.970, 57.963, 3.635, -66.928, 556.824, 3.000, 183.362, 7.658, 1.970, 93.551, 3.649, -67.678, 585.418, 3.000, 186.876, 32.308
1.980, 57.993, 3.022, -61.328, 560.001, 3.000, 183.332, 7.662, 1.980, 93.581, 3.031, -61.856, 582.241, 3.000, 186.846, 32.313
1.990, 58.018, 2.465, -55.701, 562.674, 3.000, 183.307, 7.665, 1.990, 93.606, 2.470, -56.060, 579.568, 3.000, 186.821, 32.316
2.000, 58.038, 1.964, -50.052, 564.884, 3.000, 183.288, 7.668, 2.000, 93.626, 1.967, -50.286, 577.358, 3.000, 186.802, 32.319
2.010, 58.053, 1.520, -44.385, 566.672, 3.000, 183.273, 7.670, 2.010, 93.641, 1.522, -44.531, 575.570, 3.000, 186.787, 32.321
2.020, 58.064, 1.133, -38.705, 568.082, 3.000, 183.261, 7.672, 2.020, 93.652, 1.134, -38.789, 574.160, 3.000, 186.775, 32.323
2.030, 58.072, 0.803, -33.013, 569.157, 3.000, 183.254, 7.673, 2.030, 93.660, 0.803, -33.058, 573.085, 3.000, 186.767, 32.324
2.040, 58.078, 0.530, -27.314, 569.942, 3.000, 183.248, 7.674, 2.040, 93.666, 0.530, -27.335, 572.300, 3.000, 186.762, 32.325
2.050, 58.081, 0.314, -21.609, 570.482, 3.000, 183.245, 7.674, 2.050, 93.669, 0.314, -21.617, 571.760, 3.000, 186.759, 32.325
2.060, 58.082, 0.155, -15.901, 570.824, 3.000, 183.244, 7.675, 2.060, 93.670, 0.155, -15.903, 571.418, 3.000, 186.758, 32.325
2.070, 58.083, 0.053, -10.190, 571.013, 3.000, 183.243, 7.675, 2.070, 93.671, 0.053, -10.191, 571.229, 3.000, 186.757, 32.325
2.080, 58.083, 0.008, -4.480, 571.096, 3.000, 183.243, 7.675, 2.080, 93.671, 0.008, -4.480, 571.146, 3.000, 186.757, 32.325
2.090, 58.083, 0.000, -0.812, 366.754, 3.000, 183.243, 7.675, 2.090, 93.671, 0.000, -0.812, 366.759, 3.000, 186.757, 32.325
