0.000, 0.000, 0.100, 9.964, 996.377, 6.283, 0.000, 12.450, 0.000, 0.000, 0.100, 9.964, 996.377, 6.283, 0.000, -12.450
0.010, 0.002, 0.199, 9.964, 0.013, 6.283, 0.002, 12.450, 0.010, 0.002, 0.199, 9.964, -0.013, 6.283, 0.002, -12.450
0.020, 0.007, 0.448, 24.910, 1494.634, 6.283, 0.007, 12.450, 0.020, 0.007, 0.448, 24.909, 1494.496, 6.283, 0.007, -12.450
0.030, 0.015, 0.797, 34.876, 996.593, 6.283, 0.015, 12.450, 0.030, 0.015, 0.797, 34.870, 996.160, 6.283, 0.015, -12.450
0.040, 0.027, 1.246, 44.845, 996.874, 6.283, 0.027, 12.450, 0.040, 0.027, 1.245, 44.829, 995.879, 6.283, 0.027, -12.450
0.050, 0.045, 1.794, 54.818, 997.332, 6.283, 0.045, 12.450, 0.050, 0.045, 1.793, 54.783, 995.421, 6.283, 0.045, -12.450
0.060, 0.069, 2.392, 59.815, 499.665, 6.283, 0.069, 12.450, 0.060, 0.069, 2.391, 59.750, 496.712, 6.283, 0.069, -12.450
0.070, 0.099, 2.990, 59.834, 1.911, 6.283, 0.099, 12.450, 0.070, 0.099, 2.988, 59.731, -1.911, 6.283, 0.099, -12.450
0.080, 0.135, 3.589, 59.858, 2.370, 6.283, 0.135, 12.450, 0.080, 0.135, 3.585, 59.708, -2.370, 6.283, 0.135, -12.450
0.090, 0.177, 4.188, 59.886, 2.817, 6.283, 0.177, 12.450, 0.090, 0.177, 4.182, 59.679, -2.817, 6.283, 0.177, -12.450
0.100, 0.225, 4.787, 59.918, 3.249, 6.283, 0.225, 12.450, 0.100, 0.225, 4.778, 59.647, -3.249, 6.283, 0.225, -12.450
0.110, 0.279, 5.386, 59.955, 3.664, 6.283, 0.279, 12.450, 0.110, 0.278, 5.374, 59.610, -3.664, 6.283, 0.278, -12.450
0.120, 0.339, 5.986, 59.996, 4.059, 6.283, 0.339, 12.450, 0.120, 0.338, 5.970, 59.570, -4.059, 6.283, 0.338, -12.450
0.130, 0.404, 6.587, 60.040, 4.432, 6.283, 0.404, 12.450, 0.130, 0.404, 6.565, 59.525, -4.432, 6.283, 0.404, -12.450
0.140, 0.476, 7.188, 60.088, 4.780, 6.283, 0.476, 12.450, 0.140, 0.475, 7.160, 59.478, -4.780, 6.283, 0.475, -12.450
0.150, 0.554, 7.789, 60.139, 5.102, 6.283, 0.554, 12.450, 0.150, 0.553, 7.754, 59.426, -5.102, 6.283, 0.553, -12.450
0.160, 0.638, 8.391, 60.193, 5.394, 6.283, 0.638, 12.450, 0.160, 0.636, 8.348, 59.373, -5.394, 6.283, 0.636, -12.450
0.170, 0.728, 8.993, 60.249, 5.655, 6.283, 0.728, 12.450, 0.170, 0.726, 8.941, 59.316, -5.655, 6.283, 0.726, -12.450
0.180, 0.824, 9.597, 60.308, 5.881, 6.283, 0.824, 12.450, 0.180, 0.821, 9.534, 59.257, -5.881, 6.283, 0.821, -12.450
0.190, 0.926, 10.200, 60.369, 6.072, 6.283, 0.926, 12.450, 0.190, 0.922, 10.126, 59.196, -6.072, 6.283, 0.922, -12.450
0.200, 1.034, 10.805, 60.431, 6.224, 6.283, 1.034, 12.450, 0.200, 1.029, 10.717, 59.134, -6.224, 6.283, 1.029, -12.450
0.210, 1.148, 11.409, 60.494, 6.336, 6.283, 1.148, 12.450, 0.210, 1.143, 11.308, 59.071, -6.336, 6.283, 1.143, -12.450
0.220, 1.268, 12.015, 60.558, 6.405, 6.283, 1.268, 12.450, 0.220, 1.262, 11.898, 59.007, -6.405, 6.283, 1.262, -12.450
0.230, 1.394, 12.621, 60.623, 6.430, 6.283, 1.394, 12.450, 0.230, 1.386, 12.487, 58.943, -6.430, 6.283, 1.386, -12.450
0.240, 1.527, 13.228, 60.687, 6.408, 6.283, 1.527, 12.450, 0.240, 1.517, 13.076, 58.878, -6.408, 6.283, 1.517, -12.450
0.250, 1.665, 13.836, 60.750, 6.337, 6.283, 1.665, 12.450, 0.250, 1.654, 13.664, 58.815, -6.337, 6.283, 1.654, -12.450
0.260, 1.810, 14.444, 60.812, 6.216, 6.283, 1.810, 12.450, 0.260, 1.796, 14.252, 58.753, -6.216, 6.283, 1.796, -12.450
0.270, 1.960, 15.053, 60.873, 6.043, 6.283, 1.960, 12.450, 0.270, 1.945, 14.839, 58.692, -6.043, 6.283, 1.945, -12.450
0.280, 2.117, 15.662, 60.931, 5.817, 6.282, 2.117, 12.449, 0.280, 2.099, 15.425, 58.634, -5.816, 6.282, 2.099, -12.451
0.290, 2.279, 16.272, 60.986, 5.535, 6.282, 2.279, 12.449, 0.290, 2.259, 16.011, 58.579, -5.535, 6.282, 2.259, -12.451
0.300, 2.448, 16.882, 61.038, 5.196, 6.282, 2.448, 12.449, 0.300, 2.425, 16.596, 58.527, -5.196, 6.282, 2.425, -12.451
0.310, 2.623, 17.493, 61.086, 4.800, 6.282, 2.623, 12.449, 0.310, 2.597, 17.181, 58.479, -4.800, 6.282, 2.597, -12.451
0.320, 2.804, 18.104, 61.130, 4.345, 6.282, 2.804, 12.449, 0.320, 2.775, 17.765, 58.436, -4.345, 6.282, 2.775, -12.451
0.330, 2.991, 18.716, 61.168, 3.830, 6.282, 2.991, 12.449, 0.330, 2.958, 18.349, 58.397, -3.829, 6.282, 2.958, -12.451
0.340, 3.185, 19.328, 61.200, 3.253, 6.282, 3.185, 12.448, 0.340, 3.147, 18.933, 58.365, -3.253, 6.282, 3.147, -12.452
0.350, 3.384, 19.940, 61.227, 2.616, 6.282, 3.384, 12.448, 0.350, 3.342, 19.516, 58.339, -2.616, 6.282, 3.342, -12.452
0.360, 3.590, 20.553, 61.246, 1.915, 6.281, 3.590, 12.448, 0.360, 3.543, 20.100, 58.319, -1.916, 6.281, 3.543, -12.452
0.370, 3.801, 21.165, 61.257, 1.153, 6.281, 3.801, 12.447, 0.370, 3.750, 20.683, 58.308, -1.153, 6.281, 3.750, -12.453
0.380, 4.019, 21.778, 61.261, 0.327, 6.281, 4.019, 12.447, 0.380, 3.963, 21.266, 58.305, -0.328, 6.281, 3.963, -12.453
0.390, 4.243, 22.390, 61.255, -0.561, 6.281, 4.243, 12.446, 0.390, 4.181, 21.849, 58.310, 0.561, 6.281, 4.181, -12.454
0.400, 4.473, 23.003, 61.240, -1.513, 6.280, 4.473, 12.446, 0.400, 4.406, 22.432, 58.325, 1.513, 6.280, 4.406, -12.454
0.410, 4.709, 23.615, 61.215, -2.527, 6.280, 4.709, 12.445, 0.410, 4.636, 23.016, 58.351, 2.528, 6.280, 4.636, -12.455
0.420, 4.951, 24.227, 61.179, -3.605, 6.280, 4.951, 12.444, 0.420, 4.872, 23.599, 58.387, 3.605, 6.280, 4.872, -12.456
0.430, 5.200, 24.838, 61.131, -4.744, 6.280, 5.200, 12.443, 0.430, 5.114, 24.184, 58.434, 4.745, 6.280, 5.114, -12.456
0.440, 5.454, 25.449, 61.072, -5.946, 6.279, 5.454, 12.442, 0.440, 5.361, 24.769, 58.494, 5.945, 6.279, 5.361, -12.457
0.450, 5.715, 26.059, 61.000, -7.208, 6.279, 5.715, 12.441, 0.450, 5.615, 25.354, 58.566, 7.208, 6.279, 5.615, -12.458
0.460, 5.981, 26.668, 60.914, -8.530, 6.279, 5.981, 12.440, 0.460, 5.874, 25.941, 58.651, 8.530, 6.279, 5.874, -12.459
0.470, 6.254, 27.276, 60.815, -9.912, 6.279, 6.254, 12.439, 0.470, 6.140, 26.528, 58.750, 9.912, 6.279, 6.140, -12.461
0.480, 6.533, 27.883, 60.702, -11.352, 6.278, 6.533, 12.438, 0.480, 6.411, 27.117, 58.864, 11.352, 6.278, 6.411, -12.462
0.490, 6.818, 28.489, 60.573, -12.850, 6.278, 6.818, 12.436, 0.490, 6.688, 27.707, 58.992, 12.850, 6.278, 6.688, -12.463
0.500, 7.109, 29.093, 60.429, -14.404, 6.278, 7.109, 12.435, 0.500, 6.971, 28.298, 59.136, 14.404, 6.278, 6.971, -12.465
0.510, 7.406, 29.696, 60.269, -16.014, 6.277, 7.406, 12.433, 0.510, 7.260, 28.891, 59.296, 16.014, 6.277, 7.260, -12.466
0.520, 7.709, 30.297, 60.092, -17.678, 6.277, 7.709, 12.431, 0.520, 7.555, 29.486, 59.473, 17.679, 6.277, 7.555, -12.468
0.530, 8.018, 30.896, 59.898, -19.397, 6.277, 8.018, 12.429, 0.530, 7.856, 30.083, 59.667, 19.396, 6.277, 7.855, -12.470
0.540, 8.333, 31.493, 59.687, -21.167, 6.276, 8.333, 12.427, 0.540, 8.162, 30.681, 59.879, 21.168, 6.276, 8.162, -12.472
0.550, 8.654, 32.087, 59.457, -22.991, 6.276, 8.654, 12.425, 0.550, 8.475, 31.282, 60.109, 22.991, 6.276, 8.475, -12.474
0.560, 8.980, 32.679, 59.208, -24.865, 6.276, 8.980, 12.423, 0.560, 8.794, 31.886, 60.357, 24.865, 6.276, 8.794, -12.477
0.570, 9.313, 33.269, 58.940, -26.791, 6.275, 9.313, 12.420, 0.570, 9.119, 32.492, 60.625, 26.791, 6.275, 9.119, -12.479
0.580, 9.652, 33.855, 58.652, -28.768, 6.275, 9.652, 12.417, 0.580, 9.450, 33.101, 60.913, 28.768, 6.275, 9.450, -12.482
0.590, 9.996, 34.439, 58.344, -30.796, 6.275, 9.996, 12.415, 0.590, 9.787, 33.714, 61.221, 30.796, 6.275, 9.787, -12.485
0.600, 10.346, 35.019, 58.016, -32.877, 6.275, 10.346, 12.412, 0.600, 10.130, 34.329, 61.550, 32.876, 6.275, 10.130, -12.488
0.610, 10.702, 35.595, 57.666, -35.009, 6.274, 10.702, 12.408, 0.610, 10.480, 34.948, 61.900, 35.009, 6.274, 10.480, -12.491
0.620, 11.064, 36.168, 57.294, -37.195, 6.274, 11.064, 12.405, 0.620, 10.836, 35.571, 62.272, 37.195, 6.274, 10.835, -12.494
0.630, 11.431, 36.737, 56.899, -39.437, 6.274, 11.431, 12.402, 0.630, 11.198, 36.198, 62.666, 39.437, 6.274, 11.197, -12.497
0.640, 11.804, 37.302, 56.482, -41.737, 6.274, 11.804, 12.398, 0.640, 11.566, 36.828, 63.083, 41.737, 6.274, 11.566, -12.501
0.650, 12.183, 37.863, 56.041, -44.097, 6.273, 12.183, 12.395, 0.650, 11.940, 37.464, 63.524, 44.097, 6.273, 11.940, -12.504
0.660, 12.567, 38.418, 55.576, -46.521, 6.273, 12.567, 12.391, 0.660, 12.321, 38.103, 63.990, 46.521, 6.273, 12.321, -12.508
0.670, 12.957, 38.969, 55.086, -49.014, 6.273, 12.956, 12.387, 0.670, 12.709, 38.748, 64.480, 49.014, 6.273, 12.709, -12.512
0.680, 13.352, 39.515, 54.570, -51.579, 6.273, 13.352, 12.383, 0.680, 13.103, 39.398, 64.995, 51.579, 6.273, 13.103, -12.516
0.690, 13.752, 40.055, 54.028, -54.223, 6.273, 13.752, 12.379, 0.690, 13.503, 40.054, 65.538, 54.223, 6.273, 13.503, -12.520
0.700, 14.158, 40.590, 53.458, -56.953, 6.273, 14.158, 12.375, 0.700, 13.911, 40.715, 66.107, 56.953, 6.273, 13.910, -12.524
0.710, 14.569, 41.118, 52.860, -59.776, 6.273, 14.569, 12.371, 0.710, 14.324, 41.382, 66.705, 59.775, 6.273, 14.324, -12.528
0.720, 14.986, 41.641, 52.233, -62.700, 6.274, 14.986, 12.367, 0.720, 14.745, 42.055, 67.332, 62.700, 6.274, 14.745, -12.532
0.730, 15.407, 42.156, 51.576, -65.735, 6.274, 15.407, 12.363, 0.730, 15.172, 42.735, 67.989, 65.735, 6.274, 15.172, -12.536
0.740, 15.834, 42.665, 50.887, -68.894, 6.274, 15.834, 12.359, 0.740, 15.607, 43.422, 68.678, 68.893, 6.274, 15.606, -12.540
0.750, 16.266, 43.167, 50.165, -72.186, 6.274, 16.265, 12.355, 0.750, 16.048, 44.116, 69.400, 72.186, 6.274, 16.047, -12.544
0.760, 16.702, 43.661, 49.409, -75.627, 6.275, 16.702, 12.351, 0.760, 16.496, 44.817, 70.156, 75.627, 6.275, 16.496, -12.548
0.770, 17.144, 44.147, 48.616, -79.233, 6.275, 17.143, 12.348, 0.770, 16.951, 45.527, 70.949, 79.232, 6.275, 16.951, -12.552
0.780, 17.590, 44.625, 47.786, -83.018, 6.276, 17.590, 12.344, 0.780, 17.414, 46.245, 71.779, 83.018, 6.276, 17.413, -12.555
0.790, 18.041, 45.094, 46.916, -87.004, 6.277, 18.041, 12.341, 0.790, 17.883, 46.971, 72.649, 87.002, 6.277, 17.883, -12.558
0.800, 18.497, 45.554, 46.004, -91.209, 6.278, 18.496, 12.339, 0.800, 18.360, 47.707, 73.561, 91.207, 6.278, 18.360, -12.561
0.810, 18.957, 46.005, 45.048, -95.657, 6.279, 18.956, 12.336, 0.810, 18.845, 48.452, 74.518, 95.655, 6.279, 18.844, -12.563
0.820, 19.421, 46.445, 44.044, -100.373, 6.280, 19.421, 12.334, 0.820, 19.337, 49.207, 75.521, 100.371, 6.280, 19.337, -12.565
0.830, 19.890, 46.875, 42.990, -105.384, 6.281, 19.889, 12.333, 0.830, 19.837, 49.973, 76.575, 105.383, 6.281, 19.836, -12.567
0.840, 20.363, 47.294, 41.883, -110.722, 6.282, 20.362, 12.333, 0.840, 20.344, 50.750, 77.682, 110.718, 6.282, 20.344, -12.567
0.850, 20.840, 47.701, 40.719, -116.416, 0.001, 20.839, 12.333, 0.850, 20.860, 51.538, 78.846, 116.414, 0.001, 20.859, -12.567
0.860, 21.321, 48.096, 39.494, -122.506, 0.002, 21.320, 12.333, 0.860, 21.383, 52.339, 80.071, 122.502, 0.002, 21.383, -12.567
0.870, 21.806, 48.478, 38.203, -129.030, 0.004, 21.805, 12.335, 0.870, 21.914, 53.152, 81.362, 129.025, 0.004, 21.914, -12.565
0.880, 22.294, 48.846, 36.843, -136.028, 0.006, 22.294, 12.338, 0.880, 22.454, 53.980, 82.722, 136.025, 0.006, 22.454, -12.562
0.890, 22.786, 49.201, 35.407, -143.552, 0.009, 22.786, 12.341, 0.890, 23.003, 54.821, 84.157, 143.545, 0.009, 23.002, -12.558
0.900, 23.281, 49.539, 33.891, -151.648, 0.011, 23.281, 12.346, 0.900, 23.559, 55.678, 85.674, 151.641, 0.011, 23.559, -12.552
0.910, 23.780, 49.862, 32.287, -160.373, 0.014, 23.779, 12.352, 0.910, 24.125, 56.551, 87.277, 160.366, 0.014, 24.124, -12.545
0.920, 24.282, 50.168, 30.589, -169.788, 0.017, 24.281, 12.360, 0.920, 24.699, 57.440, 88.975, 169.778, 0.017, 24.699, -12.536
0.930, 24.786, 50.456, 28.790, -179.954, 0.020, 24.786, 12.369, 0.930, 25.283, 58.348, 90.775, 179.946, 0.020, 25.282, -12.526
0.940, 25.293, 50.725, 26.880, -190.946, 0.023, 25.293, 12.380, 0.940, 25.875, 59.275, 92.684, 190.933, 0.023, 25.875, -12.513
0.950, 25.803, 50.973, 24.852, -202.834, 0.027, 25.802, 12.393, 0.950, 26.478, 60.222, 94.712, 202.820, 0.027, 26.477, -12.498
0.960, 26.315, 51.200, 22.695, -215.700, 0.031, 26.314, 12.408, 0.960, 27.090, 61.191, 96.869, 215.685, 0.031, 27.088, -12.480
0.970, 26.829, 51.404, 20.399, -229.631, 0.035, 26.828, 12.425, 0.970, 27.711, 62.183, 99.165, 229.611, 0.035, 27.710, -12.459
0.980, 27.345, 51.584, 17.952, -244.712, 0.040, 27.343, 12.445, 0.980, 28.343, 63.199, 101.612, 244.694, 0.040, 28.341, -12.435
0.990, 27.862, 51.737, 15.341, -261.045, 0.045, 27.860, 12.467, 0.990, 28.986, 64.241, 104.222, 261.020, 0.045, 28.983, -12.408
1.000, 28.381, 51.863, 12.554, -278.722, 0.051, 28.378, 12.491, 1.000, 29.639, 65.311, 107.009, 278.695, 0.051, 29.635, -12.377
1.010, 28.901, 51.959, 9.575, -297.847, 0.056, 28.897, 12.519, 1.010, 30.303, 66.411, 109.987, 297.813, 0.056, 30.299, -12.341
1.020, 29.421, 52.022, 6.390, -318.516, 0.063, 29.416, 12.550, 1.020, 30.978, 67.543, 113.172, 318.481, 0.063, 30.973, -12.301
1.030, 29.941, 52.052, 2.982, -340.830, 0.069, 29.936, 12.584, 1.030, 31.666, 68.708, 116.580, 340.789, 0.069, 31.658, -12.256
1.040, 30.462, 52.046, -0.667, -364.879, 0.076, 30.455, 12.622, 1.040, 32.365, 69.911, 120.228, 364.828, 0.076, 32.356, -12.205
1.050, 30.982, 52.000, -4.574, -390.737, 0.084, 30.973, 12.664, 1.050, 33.076, 71.152, 124.135, 390.683, 0.084, 33.065, -12.148
1.060, 31.501, 51.912, -8.759, -418.466, 0.092, 31.490, 12.709, 1.060, 33.800, 72.435, 128.319, 418.404, 0.092, 33.786, -12.084
1.070, 32.019, 51.780, -13.240, -448.096, 0.101, 32.006, 12.759, 1.070, 34.538, 73.763, 132.799, 448.020, 0.101, 34.521, -12.013
1.080, 32.535, 51.600, -18.036, -479.606, 0.111, 32.519, 12.814, 1.080, 35.290, 75.139, 137.595, 479.522, 0.111, 35.268, -11.934
1.090, 33.048, 51.368, -23.165, -512.928, 0.121, 33.029, 12.873, 1.090, 36.055, 76.566, 142.723, 512.833, 0.121, 36.028, -11.845
1.100, 33.559, 51.081, -28.644, -547.908, 0.132, 33.536, 12.938, 1.100, 36.836, 78.048, 148.201, 547.792, 0.132, 36.803, -11.747
1.110, 34.067, 50.737, -34.487, -584.275, 0.143, 34.038, 13.007, 1.110, 37.632, 79.589, 154.042, 584.150, 0.143, 37.591, -11.638
1.120, 34.570, 50.330, -40.703, -621.633, 0.156, 34.536, 13.082, 1.120, 38.443, 81.191, 160.257, 621.484, 0.156, 38.394, -11.518
1.130, 35.069, 49.857, -47.297, -659.382, 0.169, 35.028, 13.162, 1.130, 39.272, 82.860, 166.849, 659.212, 0.169, 39.212, -11.384
1.140, 35.562, 49.314, -54.264, -696.692, 0.183, 35.514, 13.249, 1.140, 40.118, 84.598, 173.814, 696.502, 0.183, 40.045, -11.236
1.150, 36.049, 48.698, -61.588, -732.435, 0.198, 35.992, 13.341, 1.150, 40.982, 86.409, 181.137, 732.214, 0.198, 40.893, -11.072
1.160, 36.529, 48.006, -69.239, -765.100, 0.214, 36.462, 13.439, 1.160, 41.865, 88.297, 188.785, 764.850, 0.214, 41.757, -10.891
1.170, 37.001, 47.234, -77.167, -792.728, 0.232, 36.922, 13.543, 1.170, 42.768, 90.264, 196.710, 792.449, 0.232, 42.638, -10.692
1.180, 37.465, 46.381, -85.295, -812.820, 0.250, 37.373, 13.654, 1.180, 43.691, 92.313, 204.835, 812.502, 0.250, 43.534, -10.472
1.190, 37.919, 45.446, -93.517, -822.242, 0.270, 37.812, 13.771, 1.190, 44.635, 94.443, 213.053, 821.891, 0.270, 44.447, -10.229
1.200, 38.364, 44.429, -101.689, -817.171, 0.291, 38.239, 13.893, 1.200, 45.602, 96.655, 221.221, 816.787, 0.291, 45.376, -9.962
1.210, 38.797, 43.333, -109.619, -793.051, 0.313, 38.653, 14.022, 1.210, 46.591, 98.947, 229.148, 792.627, 0.313, 46.321, -9.668
1.220, 39.219, 42.162, -117.066, -744.601, 0.337, 39.052, 14.157, 1.220, 47.604, 101.313, 236.589, 744.153, 0.337, 47.281, -9.344
1.230, 39.628, 40.925, -123.725, -665.958, 0.362, 39.437, 14.297, 1.230, 48.642, 103.745, 243.244, 665.486, 0.362, 48.255, -8.989
1.240, 40.024, 39.633, -129.234, -550.906, 0.389, 39.806, 14.442, 1.240, 49.704, 106.233, 248.748, 550.426, 0.389, 49.244, -8.600
1.250, 40.407, 38.301, -133.168, -393.338, 0.417, 40.158, 14.592, 1.250, 50.792, 108.759, 252.677, 392.867, 0.417, 50.244, -8.174
1.260, 40.777, 36.950, -135.047, -187.911, 0.447, 40.494, 14.747, 1.260, 51.905, 111.305, 254.552, 187.476, 0.447, 51.255, -7.708
1.270, 41.133, 35.607, -134.356, 69.024, 0.478, 40.812, 14.906, 1.270, 53.043, 113.844, 253.858, -69.401, 0.478, 52.274, -7.200
1.280, 41.476, 34.301, -130.573, 378.309, 0.511, 41.114, 15.068, 1.280, 54.207, 116.344, 250.072, -378.583, 0.511, 53.298, -6.647
1.290, 41.806, 33.069, -123.206, 736.715, 0.546, 41.400, 15.235, 1.290, 55.394, 118.771, 242.703, -736.851, 0.546, 54.324, -6.048
1.300, 42.126, 31.951, -111.848, 1135.786, 0.582, 41.670, 15.406, 1.300, 56.605, 121.085, 231.346, -1135.744, 0.582, 55.347, -5.402
1.310, 42.436, 30.988, -96.238, 1561.048, 0.619, 41.926, 15.581, 1.310, 57.838, 123.242, 215.738, -1560.791, 0.619, 56.364, -4.706
1.320, 42.738, 30.225, -76.319, 1991.930, 0.657, 42.169, 15.761, 1.320, 59.090, 125.200, 195.824, -1991.432, 0.657, 57.370, -3.960
1.330, 43.035, 29.702, -52.291, 2402.740, 0.696, 42.400, 15.946, 1.330, 60.359, 126.918, 171.804, -2401.991, 0.696, 58.360, -3.166
1.340, 43.330, 29.456, -24.643, 2764.833, 0.735, 42.623, 16.140, 1.340, 61.643, 128.360, 144.165, -2763.846, 0.735, 59.329, -2.324
1.350, 43.625, 29.514, 5.856, 3049.873, 0.776, 42.837, 16.342, 1.350, 62.937, 129.497, 113.679, -3048.677, 0.776, 60.272, -1.436
1.360, 43.924, 29.896, 38.193, 3233.687, 0.816, 43.047, 16.556, 1.360, 64.241, 130.310, 81.355, -3232.344, 0.816, 61.183, -0.505
1.370, 44.230, 30.608, 71.193, 3299.982, 0.856, 43.252, 16.783, 1.370, 65.549, 130.794, 48.369, -3298.557, 0.856, 62.060, 0.466
1.380, 44.546, 31.644, 103.623, 3243.011, 0.896, 43.454, 17.026, 1.380, 66.858, 130.954, 15.954, -3241.593, 0.896, 62.898, 1.472
1.390, 44.876, 32.987, 134.308, 3068.547, 0.935, 43.655, 17.288, 1.390, 68.166, 130.806, -14.719, -3067.207, 0.935, 63.695, 2.509
1.400, 45.222, 34.610, 162.237, 2792.864, 0.974, 43.855, 17.570, 1.400, 69.470, 130.380, -42.635, -2791.678, 0.974, 64.449, 3.573
1.410, 45.587, 36.476, 186.637, 2440.049, 1.011, 44.054, 17.876, 1.410, 70.767, 129.710, -67.026, -2439.059, 1.011, 65.158, 4.659
1.420, 45.972, 38.546, 207.020, 2038.283, 1.048, 44.253, 18.206, 1.420, 72.055, 128.836, -87.401, -2037.519, 1.048, 65.821, 5.764
1.430, 46.380, 40.778, 223.180, 1616.005, 1.083, 44.450, 18.563, 1.430, 73.333, 127.800, -103.556, -1615.483, 1.083, 66.440, 6.882
1.440, 46.812, 43.130, 235.167, 1198.708, 1.116, 44.646, 18.947, 1.440, 74.600, 126.645, -115.540, -1198.395, 1.116, 67.016, 8.010
1.450, 47.267, 45.562, 243.235, 806.775, 1.148, 44.840, 19.360, 1.450, 75.854, 125.409, -123.607, -806.668, 1.148, 67.548, 9.145
1.460, 47.748, 48.040, 247.781, 454.574, 1.179, 45.030, 19.801, 1.460, 77.095, 124.127, -128.153, -454.633, 1.179, 68.040, 10.285
1.470, 48.253, 50.533, 249.286, 150.524, 1.208, 45.216, 20.270, 1.470, 78.324, 122.831, -129.660, -150.708, 1.208, 68.493, 11.427
1.480, 48.783, 53.015, 248.265, -102.114, 1.235, 45.397, 20.769, 1.480, 79.539, 121.544, -128.642, 101.839, 1.235, 68.909, 12.569
1.490, 49.338, 55.468, 245.224, -304.081, 1.261, 45.573, 21.295, 1.490, 80.742, 120.288, -125.604, 303.735, 1.261, 69.290, 13.710
1.500, 49.916, 57.874, 240.635, -458.879, 1.286, 45.743, 21.848, 1.500, 81.933, 119.078, -121.019, 458.493, 1.286, 69.638, 14.848
1.510, 50.519, 60.223, 234.919, -571.676, 1.309, 45.905, 22.428, 1.510, 83.112, 117.925, -115.306, 571.280, 1.309, 69.957, 15.984
1.520, 51.144, 62.508, 228.434, -648.403, 1.331, 46.060, 23.034, 1.520, 84.280, 116.837, -108.826, 648.011, 1.331, 70.247, 17.116
1.530, 51.791, 64.722, 221.484, -695.097, 1.351, 46.207, 23.664, 1.530, 85.438, 115.818, -101.879, 694.700, 1.351, 70.510, 18.243
1.540, 52.460, 66.865, 214.309, -717.440, 1.371, 46.346, 24.318, 1.540, 86.587, 114.871, -94.709, 717.081, 1.371, 70.749, 19.367
1.550, 53.149, 68.937, 207.103, -720.576, 1.389, 46.477, 24.995, 1.550, 87.727, 113.996, -87.506, 720.220, 1.389, 70.966, 20.486
1.560, 53.858, 70.937, 200.014, -708.895, 1.406, 46.600, 25.693, 1.560, 88.859, 113.192, -80.420, 708.586, 1.406, 71.161, 21.601
1.570, 54.587, 72.868, 193.153, -686.121, 1.422, 46.714, 26.413, 1.570, 89.984, 112.456, -73.562, 685.826, 1.422, 71.337, 22.712
1.580, 55.334, 74.734, 186.601, -655.247, 1.436, 46.819, 27.153, 1.580, 91.101, 111.786, -67.012, 654.982, 1.436, 71.495, 23.819
1.590, 56.100, 76.538, 180.414, -618.673, 1.450, 46.916, 27.912, 1.590, 92.213, 111.178, -60.828, 618.434, 1.450, 71.636, 24.921
1.600, 56.883, 78.285, 174.631, -578.251, 1.463, 47.005, 28.690, 1.600, 93.319, 110.627, -55.048, 578.034, 1.463, 71.762, 26.020
1.610, 57.682, 79.977, 169.278, -535.374, 1.475, 47.086, 29.486, 1.610, 94.421, 110.130, -49.696, 535.184, 1.475, 71.873, 27.116
1.620, 58.499, 81.621, 164.367, -491.062, 1.487, 47.159, 30.299, 1.620, 95.518, 109.682, -44.787, 490.893, 1.487, 71.971, 28.208
1.630, 59.331, 83.220, 159.907, -446.022, 1.497, 47.225, 31.128, 1.630, 96.610, 109.279, -40.328, 445.858, 1.497, 72.057, 29.298
1.640, 60.179, 84.779, 155.900, -400.681, 1.507, 47.283, 31.974, 1.640, 97.700, 108.916, -36.323, 400.556, 1.507, 72.132, 30.384
1.650, 61.042, 86.303, 152.347, -355.311, 1.516, 47.334, 32.835, 1.650, 98.785, 108.588, -32.771, 355.184, 1.516, 72.196, 31.468
1.660, 61.920, 87.795, 149.247, -309.956, 1.524, 47.378, 33.712, 1.660, 99.868, 108.291, -29.673, 309.840, 1.524, 72.251, 32.550
1.670, 62.812, 89.261, 146.602, -264.535, 1.532, 47.417, 34.604, 1.670, 100.949, 108.021, -27.028, 264.446, 1.532, 72.298, 33.629
1.680, 63.719, 90.705, 144.413, -218.867, 1.538, 47.449, 35.511, 1.680, 102.026, 107.773, -24.840, 218.771, 1.538, 72.336, 34.706
1.690, 64.641, 92.132, 142.687, -172.606, 1.545, 47.476, 36.431, 1.690, 103.102, 107.541, -23.115, 172.523, 1.545, 72.367, 35.781
1.700, 65.576, 93.547, 141.434, -125.327, 1.550, 47.498, 37.367, 1.700, 104.175, 107.323, -21.863, 125.257, 1.550, 72.392, 36.854
1.710, 66.526, 94.953, 140.669, -76.485, 1.555, 47.515, 38.316, 1.710, 105.246, 107.112, -21.098, 76.413, 1.555, 72.412, 37.925
1.720, 67.489, 96.357, 140.415, -25.388, 1.559, 47.528, 39.280, 1.720, 106.315, 106.903, -20.845, 25.323, 1.559, 72.426, 38.994
1.730, 68.467, 97.764, 140.703, 28.789, 1.563, 47.537, 40.257, 1.730, 107.382, 106.692, -21.134, -28.856, 1.563, 72.436, 40.061
1.740, 69.459, 99.180, 141.574, 87.068, 1.566, 47.544, 41.249, 1.740, 108.447, 106.472, -22.005, -87.129, 1.566, 72.443, 41.126
1.750, 70.465, 100.611, 143.081, 150.680, 1.568, 47.547, 42.255, 1.750, 109.509, 106.237, -23.513, -150.746, 1.568, 72.447, 42.188
1.760, 71.485, 102.064, 145.292, 221.157, 1.570, 47.549, 43.276, 1.760, 110.569, 105.980, -25.725, -221.226, 1.570, 72.449, 43.248
1.770, 72.521, 103.547, 148.296, 300.390, 1.571, 47.550, 44.311, 1.770, 111.626, 105.692, -28.729, -300.466, 1.571, 72.450, 44.305
1.780, 73.571, 105.020, 147.316, -98.019, 1.571, 47.550, 45.361, 1.780, 112.680, 105.415, -27.750, 97.932, 1.571, 72.450, 45.359
1.790, 74.630, 105.919, 89.881, -5743.487, 1.571, 47.550, 46.421, 1.790, 113.737, 105.712, 29.684, 5743.425, 1.571, 72.450, 46.416
1.800, 75.697, 106.641, 72.192, -1768.866, 1.570, 47.550, 47.487, 1.800, 114.799, 106.185, 47.373, 1768.862, 1.570, 72.450, 47.478
1.810, 76.770, 107.364, 72.321, 12.821, 1.570, 47.551, 48.561, 1.810, 115.865, 106.658, 47.244, -12.823, 1.570, 72.451, 48.544
1.820, 77.851, 108.089, 72.459, 13.881, 1.570, 47.552, 49.641, 1.820, 116.937, 107.129, 47.106, -13.884, 1.570, 72.452, 49.616
1.830, 78.939, 108.815, 72.609, 14.979, 1.569, 47.553, 50.730, 1.830, 118.013, 107.598, 46.956, -14.979, 1.569, 72.453, 50.692
1.840, 80.034, 109.492, 67.752, -485.746, 1.569, 47.555, 51.825, 1.840, 119.093, 108.017, 41.850, -510.634, 1.569, 72.455, 51.772
1.850, 81.135, 110.071, 57.858, -989.336, 1.568, 47.558, 52.925, 1.850, 120.176, 108.335, 31.815, -1003.420, 1.568, 72.458, 52.855
1.860, 82.240, 110.550, 47.931, -992.794, 1.567, 47.562, 54.031, 1.860, 121.262, 108.553, 21.816, -999.961, 1.567, 72.461, 53.941
1.870, 83.350, 110.930, 37.968, -996.249, 1.566, 47.566, 55.140, 1.870, 122.349, 108.672, 11.851, -996.507, 1.566, 72.466, 55.027
1.880, 84.462, 111.209, 27.971, -999.709, 1.565, 47.572, 56.252, 1.880, 123.435, 108.691, 1.920, -993.046, 1.565, 72.471, 56.114
1.890, 85.576, 111.389, 17.939, -1003.184, 1.564, 47.578, 57.366, 1.890, 124.522, 108.611, -7.976, -989.572, 1.564, 72.478, 57.200
1.900, 86.691, 111.518, 12.926, -501.323, 1.563, 47.586, 58.481, 1.900, 125.606, 108.482, -12.926, -495.053, 1.563, 72.486, 58.285
1.910, 87.807, 111.648, 12.960, 3.440, 1.562, 47.596, 59.598, 1.910, 126.690, 108.352, -12.961, -3.445, 1.562, 72.495, 59.369
1.920, 88.925, 111.778, 13.006, 4.598, 1.560, 47.607, 60.715, 1.920, 127.772, 108.222, -13.006, -4.597, 1.560, 72.506, 60.451
1.930, 90.044, 111.908, 13.064, 5.745, 1.559, 47.620, 61.834, 1.930, 128.853, 108.092, -13.064, -5.749, 1.559, 72.518, 61.532
1.940, 91.165, 112.040, 13.133, 6.894, 1.557, 47.634, 62.955, 1.940, 129.933, 107.960, -13.133, -6.891, 1.557, 72.532, 62.611
1.950, 92.286, 112.172, 13.213, 8.032, 1.555, 47.651, 64.076, 1.950, 131.011, 107.828, -13.213, -8.040, 1.555, 72.548, 63.689
1.960, 93.409, 112.305, 13.305, 9.180, 1.553, 47.669, 65.199, 1.960, 132.088, 107.695, -13.305, -9.179, 1.553, 72.565, 64.766
1.970, 94.534, 112.439, 13.408, 10.324, 1.551, 47.690, 66.323, 1.970, 133.163, 107.561, -13.408, -10.326, 1.551, 72.585, 65.842
1.980, 95.659, 112.574, 13.523, 11.471, 1.549, 47.713, 67.449, 1.980, 134.238, 107.426, -13.523, -11.477, 1.549, 72.607, 66.916
1.990, 96.787, 112.711, 13.649, 12.630, 1.547, 47.738, 68.576, 1.990, 135.311, 107.289, -13.649, -12.627, 1.547, 72.631, 67.988
2.000, 97.915, 112.849, 13.787, 13.784, 1.545, 47.766, 69.704, 2.000, 136.382, 107.151, -13.787, -13.794, 1.545, 72.658, 69.059
2.010, 99.045, 112.988, 13.936, 14.963, 1.543, 47.797, 70.833, 2.010, 137.452, 107.012, -13.937, -14.956, 1.543, 72.687, 70.129
2.020, 100.176, 113.129, 14.098, 16.133, 1.540, 47.830, 71.964, 2.020, 138.521, 106.871, -14.098, -16.145, 1.540, 72.718, 71.197
2.030, 101.309, 113.272, 14.271, 17.331, 1.537, 47.866, 73.096, 2.030, 139.588, 106.728, -14.272, -17.330, 1.537, 72.752, 72.264
2.040, 102.443, 113.416, 14.456, 18.533, 1.535, 47.906, 74.230, 2.040, 140.654, 106.584, -14.457, -18.537, 1.535, 72.790, 73.329
2.050, 103.579, 113.563, 14.654, 19.751, 1.532, 47.949, 75.364, 2.050, 141.718, 106.437, -14.655, -19.754, 1.532, 72.830, 74.393
2.060, 104.716, 113.711, 14.864, 20.983, 1.529, 47.995, 76.501, 2.060, 142.781, 106.289, -14.864, -20.989, 1.529, 72.873, 75.455
2.070, 105.854, 113.862, 15.086, 22.235, 1.526, 48.044, 77.638, 2.070, 143.843, 106.138, -15.087, -22.236, 1.526, 72.919, 76.515
2.080, 106.995, 114.015, 15.321, 23.500, 1.522, 48.097, 78.777, 2.080, 144.903, 105.985, -15.322, -23.506, 1.522, 72.968, 77.574
2.090, 108.136, 114.171, 15.569, 24.788, 1.519, 48.154, 79.917, 2.090, 145.961, 105.829, -15.570, -24.788, 1.519, 73.021, 78.631
2.100, 109.280, 114.329, 15.830, 26.088, 1.516, 48.215, 81.059, 2.100, 147.018, 105.671, -15.831, -26.095, 1.516, 73.078, 79.686
2.110, 110.425, 114.490, 16.104, 27.411, 1.512, 48.281, 82.202, 2.110, 148.073, 105.509, -16.105, -27.419, 1.512, 73.138, 80.740
2.120, 111.571, 114.654, 16.392, 28.760, 1.508, 48.350, 83.346, 2.120, 149.126, 105.346, -16.392, -28.756, 1.508, 73.201, 81.791
2.130, 112.719, 114.821, 16.693, 30.116, 1.504, 48.424, 84.492, 2.130, 150.178, 105.179, -16.694, -30.125, 1.504, 73.269, 82.841
2.140, 113.869, 114.991, 17.008, 31.499, 1.500, 48.503, 85.640, 2.140, 151.228, 105.009, -17.009, -31.508, 1.500, 73.341, 83.888
2.150, 115.021, 115.165, 17.337, 32.903, 1.496, 48.586, 86.788, 2.150, 152.276, 104.835, -17.338, -32.909, 1.496, 73.417, 84.934
2.160, 116.174, 115.342, 17.680, 34.330, 1.492, 48.674, 87.938, 2.160, 153.323, 104.658, -17.681, -34.327, 1.492, 73.497, 85.977
2.170, 117.329, 115.522, 18.038, 35.761, 1.488, 48.768, 89.090, 2.170, 154.368, 104.478, -18.039, -35.775, 1.488, 73.582, 87.019
2.180, 118.487, 115.706, 18.410, 37.226, 1.483, 48.867, 90.242, 2.180, 155.411, 104.294, -18.411, -37.227, 1.483, 73.671, 88.058
2.190, 119.645, 115.894, 18.797, 38.695, 1.478, 48.971, 91.397, 2.190, 156.452, 104.106, -18.798, -38.705, 1.478, 73.764, 89.095
2.200, 120.806, 116.086, 19.199, 40.185, 1.473, 49.081, 92.552, 2.200, 157.491, 103.914, -19.200, -40.191, 1.473, 73.863, 90.129
2.210, 121.969, 116.282, 19.616, 41.682, 1.468, 49.197, 93.709, 2.210, 158.528, 103.718, -19.617, -41.693, 1.468, 73.967, 91.161
2.220, 123.134, 116.483, 20.048, 43.193, 1.463, 49.319, 94.868, 2.220, 159.563, 103.517, -20.049, -43.199, 1.463, 74.075, 92.191
2.230, 124.301, 116.688, 20.495, 44.706, 1.458, 49.448, 96.027, 2.230, 160.596, 103.312, -20.496, -44.714, 1.458, 74.189, 93.217
2.240, 125.470, 116.897, 20.957, 46.223, 1.452, 49.583, 97.189, 2.240, 161.627, 103.103, -20.958, -46.227, 1.452, 74.308, 94.242
2.250, 126.641, 117.111, 21.434, 47.729, 1.446, 49.725, 98.351, 2.250, 162.656, 102.888, -21.436, -47.743, 1.446, 74.433, 95.263
2.260, 127.814, 117.331, 21.926, 49.233, 1.441, 49.874, 99.515, 2.260, 163.683, 102.669, -21.928, -49.246, 1.441, 74.563, 96.281
2.270, 128.990, 117.555, 22.434, 50.724, 1.434, 50.030, 100.680, 2.270, 164.707, 102.445, -22.436, -50.730, 1.434, 74.699, 97.297
2.280, 130.168, 117.785, 22.956, 52.184, 1.428, 50.194, 101.846, 2.280, 165.730, 102.215, -22.958, -52.199, 1.428, 74.841, 98.309
2.290, 131.348, 118.020, 23.492, 53.623, 1.422, 50.365, 103.014, 2.290, 166.749, 101.980, -23.494, -53.626, 1.422, 74.989, 99.318
2.300, 132.530, 118.260, 24.042, 55.011, 1.415, 50.545, 104.183, 2.300, 167.767, 101.740, -24.044, -55.024, 1.415, 75.144, 100.323
2.310, 133.716, 118.506, 24.605, 56.346, 1.408, 50.732, 105.353, 2.310, 168.782, 101.494, -24.608, -56.369, 1.408, 75.304, 101.326
2.320, 134.903, 118.758, 25.182, 57.635, 1.401, 50.929, 106.524, 2.320, 169.794, 101.242, -25.184, -57.637, 1.401, 75.472, 102.324
2.330, 136.093, 119.015, 25.770, 58.822, 1.394, 51.134, 107.697, 2.330, 170.804, 100.984, -25.773, -58.846, 1.394, 75.646, 103.319
2.340, 137.286, 119.279, 26.369, 59.940, 1.387, 51.348, 108.870, 2.340, 171.811, 100.720, -26.372, -59.944, 1.387, 75.826, 104.310
2.350, 138.482, 119.549, 26.979, 60.930, 1.379, 51.571, 110.045, 2.350, 172.816, 100.450, -26.982, -60.947, 1.379, 76.014, 105.296
2.360, 139.680, 119.825, 27.597, 61.795, 1.371, 51.804, 111.220, 2.360, 173.817, 100.174, -27.600, -61.818, 1.371, 76.209, 106.279
2.370, 140.881, 120.107, 28.222, 62.521, 1.363, 52.047, 112.396, 2.370, 174.816, 99.892, -28.225, -62.531, 1.363, 76.411, 107.257
2.380, 142.085, 120.396, 28.852, 63.066, 1.355, 52.301, 113.573, 2.380, 175.812, 99.604, -28.856, -63.079, 1.355, 76.621, 108.231
2.390, 143.292, 120.691, 29.486, 63.404, 1.346, 52.565, 114.751, 2.390, 176.805, 99.309, -29.490, -63.438, 1.346, 76.838, 109.200
2.400, 144.502, 120.992, 30.122, 63.547, 1.337, 52.840, 115.929, 2.400, 177.795, 99.008, -30.126, -63.548, 1.337, 77.063, 110.164
2.410, 145.715, 121.299, 30.756, 63.402, 1.328, 53.126, 117.108, 2.410, 178.782, 98.700, -30.760, -63.432, 1.328, 77.296, 111.123
2.420, 146.931, 121.613, 31.386, 62.996, 1.319, 53.423, 118.287, 2.420, 179.766, 98.386, -31.390, -63.011, 1.319, 77.537, 112.077
2.430, 148.150, 121.933, 32.008, 62.260, 1.309, 53.733, 119.466, 2.430, 180.747, 98.066, -32.013, -62.279, 1.309, 77.786, 113.026
2.440, 149.373, 122.259, 32.620, 61.164, 1.299, 54.055, 120.646, 2.440, 181.724, 97.740, -32.625, -61.195, 1.299, 78.043, 113.969
2.450, 150.599, 122.592, 33.217, 59.693, 1.289, 54.390, 121.825, 2.450, 182.698, 97.407, -33.222, -59.701, 1.289, 78.309, 114.906
2.460, 151.828, 122.930, 33.795, 57.760, 1.279, 54.738, 123.004, 2.460, 183.669, 97.069, -33.800, -57.795, 1.279, 78.584, 115.837
2.470, 153.061, 123.273, 34.348, 55.381, 1.268, 55.099, 124.183, 2.470, 184.636, 96.726, -34.354, -55.389, 1.268, 78.867, 116.762
2.480, 154.297, 123.622, 34.873, 52.451, 1.257, 55.474, 125.361, 2.480, 185.600, 96.377, -34.879, -52.490, 1.257, 79.159, 117.680
2.490, 155.537, 123.975, 35.363, 48.995, 1.246, 55.863, 126.538, 2.490, 186.560, 96.023, -35.369, -48.999, 1.246, 79.461, 118.592
2.500, 156.780, 124.334, 35.812, 44.892, 1.234, 56.266, 127.714, 2.500, 187.517, 95.665, -35.818, -44.932, 1.234, 79.771, 119.497
2.510, 158.027, 124.696, 36.214, 40.178, 1.223, 56.685, 128.889, 2.510, 188.470, 95.303, -36.220, -40.185, 1.223, 80.091, 120.394
2.520, 159.278, 125.061, 36.561, 34.736, 1.211, 57.118, 130.062, 2.520, 189.419, 94.937, -36.567, -34.773, 1.211, 80.420, 121.285
2.530, 160.532, 125.430, 36.847, 28.598, 1.198, 57.568, 131.233, 2.530, 190.365, 94.569, -36.854, -28.603, 1.198, 80.759, 122.168
2.540, 161.790, 125.800, 37.064, 21.656, 1.185, 58.033, 132.402, 2.540, 191.307, 94.198, -37.070, -21.693, 1.185, 81.107, 123.043
2.550, 163.052, 126.172, 37.203, 13.952, 1.172, 58.515, 133.568, 2.550, 192.245, 93.826, -37.210, -13.957, 1.172, 81.466, 123.910
2.560, 164.317, 126.545, 37.257, 5.393, 1.159, 59.013, 134.731, 2.560, 193.180, 93.453, -37.264, -5.421, 1.159, 81.834, 124.769
2.570, 165.586, 126.917, 37.217, -3.981, 1.146, 59.529, 135.891, 2.570, 194.111, 93.081, -37.224, 3.973, 1.146, 82.212, 125.620
2.580, 166.859, 127.288, 37.075, -14.221, 1.132, 60.062, 137.046, 2.580, 195.038, 92.710, -37.083, 14.199, 1.132, 82.600, 126.462
2.590, 168.136, 127.656, 36.822, -25.282, 1.118, 60.613, 138.198, 2.590, 195.961, 92.342, -36.830, 25.283, 1.118, 82.999, 127.295
2.600, 169.416, 128.021, 36.450, -37.193, 1.103, 61.182, 139.345, 2.600, 196.881, 91.977, -36.458, 37.175, 1.103, 83.407, 128.119
2.610, 170.700, 128.380, 35.951, -49.877, 1.088, 61.769, 140.487, 2.610, 197.797, 91.618, -35.959, 49.873, 1.088, 83.826, 128.933
2.620, 171.987, 128.733, 35.318, -63.307, 1.073, 62.375, 141.622, 2.620, 198.710, 91.265, -35.326, 63.313, 1.073, 84.256, 129.739
2.630, 173.278, 129.079, 34.544, -77.427, 1.058, 62.999, 142.752, 2.630, 199.619, 90.919, -34.552, 77.421, 1.058, 84.696, 130.534
2.640, 174.572, 129.415, 33.623, -92.124, 1.042, 63.643, 143.875, 2.640, 200.525, 90.583, -33.631, 92.133, 1.042, 85.146, 131.320
2.650, 175.869, 129.740, 32.550, -107.314, 1.026, 64.306, 144.990, 2.650, 201.427, 90.257, -32.557, 107.328, 1.026, 85.608, 132.096
2.660, 177.170, 130.054, 31.321, -122.871, 1.010, 64.988, 146.097, 2.660, 202.327, 89.944, -31.328, 122.884, 1.010, 86.080, 132.862
2.670, 178.473, 130.353, 29.935, -138.641, 0.994, 65.690, 147.195, 2.670, 203.223, 89.644, -29.942, 138.664, 0.994, 86.562, 133.617
2.680, 179.780, 130.637, 28.390, -154.472, 0.977, 66.412, 148.284, 2.680, 204.117, 89.361, -28.397, 154.501, 0.977, 87.056, 134.362
2.690, 181.089, 130.904, 26.688, -170.188, 0.961, 67.153, 149.364, 2.690, 205.008, 89.094, -26.695, 170.216, 0.961, 87.560, 135.096
2.700, 182.400, 131.152, 24.832, -185.586, 0.944, 67.913, 150.432, 2.700, 205.896, 88.845, -24.838, 185.627, 0.944, 88.075, 135.820
2.710, 183.714, 131.380, 22.827, -200.480, 0.926, 68.693, 151.489, 2.710, 206.783, 88.617, -22.833, 200.523, 0.926, 88.601, 136.533
2.720, 185.030, 131.587, 20.681, -214.654, 0.909, 69.493, 152.534, 2.720, 207.667, 88.410, -20.686, 214.702, 0.909, 89.139, 137.236
2.730, 186.348, 131.771, 18.402, -227.902, 0.892, 70.312, 153.567, 2.730, 208.549, 88.226, -18.407, 227.955, 0.892, 89.687, 137.927
2.740, 187.667, 131.931, 16.002, -240.018, 0.874, 71.149, 154.586, 2.740, 209.430, 88.066, -16.006, 240.078, 0.874, 90.246, 138.607
2.750, 188.988, 132.066, 13.493, -250.812, 0.856, 72.006, 155.592, 2.750, 210.309, 87.931, -13.497, 250.874, 0.856, 90.816, 139.277
2.760, 190.309, 132.175, 10.892, -260.099, 0.839, 72.881, 156.582, 2.760, 211.187, 87.822, -10.895, 260.165, 0.839, 91.397, 139.935
2.770, 191.632, 132.257, 8.215, -267.721, 0.821, 73.774, 157.558, 2.770, 212.064, 87.740, -8.217, 267.791, 0.821, 91.990, 140.582
2.780, 192.955, 132.312, 5.480, -273.546, 0.803, 74.684, 158.518, 2.780, 212.941, 87.685, -5.481, 273.617, 0.803, 92.593, 141.218
2.790, 194.278, 132.339, 2.705, -277.466, 0.785, 75.612, 159.461, 2.790, 213.818, 87.658, -2.706, 277.539, 0.785, 93.208, 141.843
2.800, 195.602, 132.338, -0.089, -279.412, 0.767, 76.557, 160.388, 2.800, 214.694, 87.659, 0.089, 279.486, 0.767, 93.834, 142.457
2.810, 196.925, 132.309, -2.882, -279.348, 0.749, 77.518, 161.297, 2.810, 215.571, 87.688, 2.883, 279.422, 0.749, 94.471, 143.060
2.820, 198.247, 132.253, -5.655, -277.274, 0.731, 78.495, 162.189, 2.820, 216.449, 87.744, 5.657, 277.348, 0.731, 95.119, 143.651
2.830, 199.569, 132.169, -8.387, -273.232, 0.713, 79.486, 163.063, 2.830, 217.327, 87.828, 8.390, 273.302, 0.713, 95.778, 144.232
2.840, 200.890, 132.058, -11.060, -267.289, 0.695, 80.493, 163.918, 2.840, 218.206, 87.939, 11.063, 267.358, 0.695, 96.448, 144.801
2.850, 202.209, 131.922, -13.656, -259.555, 0.678, 81.513, 164.754, 2.850, 219.087, 88.075, 13.659, 259.623, 0.678, 97.129, 145.360
2.860, 203.527, 131.760, -16.158, -250.170, 0.660, 82.546, 165.572, 2.860, 219.970, 88.237, 16.162, 250.230, 0.660, 97.821, 145.907
2.870, 204.842, 131.575, -18.550, -239.285, 0.643, 83.592, 166.370, 2.870, 220.854, 88.422, 18.555, 239.345, 0.643, 98.524, 146.443
2.880, 206.156, 131.367, -20.821, -227.092, 0.626, 84.650, 167.148, 2.880, 221.740, 88.631, 20.827, 227.144, 0.626, 99.238, 146.969
2.890, 207.467, 131.137, -22.959, -213.777, 0.609, 85.720, 167.908, 2.890, 222.629, 88.860, 22.965, 213.827, 0.609, 99.962, 147.483
2.900, 208.776, 130.887, -24.955, -199.552, 0.592, 86.800, 168.647, 2.900, 223.520, 89.110, 24.961, 199.595, 0.592, 100.698, 147.987
2.910, 210.082, 130.619, -26.801, -184.622, 0.576, 87.889, 169.367, 2.910, 224.414, 89.378, 26.807, 184.660, 0.576, 101.443, 148.479
2.920, 211.386, 130.334, -28.493, -169.194, 0.559, 88.988, 170.068, 2.920, 225.310, 89.663, 28.500, 169.226, 0.559, 102.199, 148.961
2.930, 212.686, 130.034, -30.028, -153.469, 0.543, 90.096, 170.749, 2.930, 226.210, 89.963, 30.035, 153.495, 0.543, 102.966, 149.432
2.940, 213.983, 129.720, -31.404, -137.637, 0.527, 91.212, 171.410, 2.940, 227.113, 90.278, 31.411, 137.656, 0.527, 103.742, 149.893
2.950, 215.277, 129.394, -32.623, -121.867, 0.512, 92.335, 172.053, 2.950, 228.019, 90.604, 32.630, 121.892, 0.512, 104.529, 150.343
2.960, 216.568, 129.057, -33.686, -106.344, 0.496, 93.465, 172.676, 2.960, 228.928, 90.941, 33.694, 106.345, 0.496, 105.325, 150.782
2.970, 217.855, 128.711, -34.598, -91.170, 0.481, 94.602, 173.281, 2.970, 229.841, 91.287, 34.605, 91.186, 0.481, 106.131, 151.211
2.980, 219.139, 128.357, -35.363, -76.513, 0.467, 95.744, 173.866, 2.980, 230.757, 91.641, 35.371, 76.505, 0.467, 106.946, 151.629
2.990, 220.418, 127.998, -35.987, -62.431, 0.452, 96.891, 174.434, 2.990, 231.677, 92.001, 35.995, 62.440, 0.452, 107.771, 152.037
3.000, 221.695, 127.633, -36.478, -49.051, 0.438, 98.043, 174.984, 3.000, 232.601, 92.365, 36.485, 49.042, 0.438, 108.605, 152.435
3.010, 222.967, 127.264, -36.842, -36.408, 0.424, 99.199, 175.515, 3.010, 233.528, 92.734, 36.849, 36.399, 0.424, 109.447, 152.822
3.020, 224.236, 126.894, -37.087, -24.560, 0.411, 100.359, 176.030, 3.020, 234.459, 93.105, 37.095, 24.551, 0.411, 110.298, 153.199
3.030, 225.502, 126.521, -37.223, -13.542, 0.397, 101.522, 176.527, 3.030, 235.394, 93.477, 37.230, 13.528, 0.397, 111.158, 153.567
3.040, 226.763, 126.149, -37.256, -3.369, 0.384, 102.689, 177.008, 3.040, 236.333, 93.850, 37.264, 3.345, 0.384, 112.026, 153.924
3.050, 228.021, 125.777, -37.197, 5.972, 0.372, 103.858, 177.472, 3.050, 237.275, 94.222, 37.204, -5.979, 0.372, 112.901, 154.272
3.060, 229.275, 125.406, -37.052, 14.456, 0.359, 105.029, 177.920, 3.060, 238.221, 94.592, 37.059, -14.478, 0.359, 113.785, 154.610
3.070, 230.525, 125.038, -36.831, 22.123, 0.347, 106.202, 178.353, 3.070, 239.170, 94.961, 36.838, -22.151, 0.347, 114.676, 154.939
3.080, 231.772, 124.673, -36.541, 29.007, 0.335, 107.377, 178.770, 3.080, 240.124, 95.326, 36.547, -29.018, 0.335, 115.574, 155.258
3.090, 233.015, 124.311, -36.190, 35.109, 0.324, 108.553, 179.172, 3.090, 241.081, 95.688, 36.196, -35.131, 0.324, 116.479, 155.568
3.100, 234.255, 123.953, -35.785, 40.484, 0.313, 109.730, 179.560, 3.100, 242.041, 96.046, 35.791, -40.514, 0.313, 117.392, 155.868
3.110, 235.491, 123.599, -35.333, 45.181, 0.302, 110.909, 179.934, 3.110, 243.005, 96.399, 35.339, -45.199, 0.302, 118.310, 156.160
3.120, 236.723, 123.251, -34.841, 49.222, 0.291, 112.087, 180.294, 3.120, 243.973, 96.748, 34.846, -49.242, 0.291, 119.236, 156.442
3.130, 237.952, 122.908, -34.314, 52.659, 0.281, 113.266, 180.641, 3.130, 244.943, 97.091, 34.320, -52.681, 0.281, 120.167, 156.716
3.140, 239.178, 122.570, -33.759, 55.535, 0.271, 114.446, 180.975, 3.140, 245.918, 97.429, 33.764, -55.562, 0.271, 121.105, 156.982
3.150, 240.400, 122.238, -33.180, 57.899, 0.261, 115.625, 181.296, 3.150, 246.895, 97.761, 33.185, -57.923, 0.261, 122.048, 157.238
3.160, 241.619, 121.913, -32.582, 59.795, 0.251, 116.805, 181.605, 3.160, 247.876, 98.086, 32.587, -59.806, 0.251, 122.997, 157.487
3.170, 242.835, 121.593, -31.970, 61.239, 0.242, 117.984, 181.901, 3.170, 248.860, 98.406, 31.974, -61.275, 0.242, 123.951, 157.727
3.180, 244.048, 121.280, -31.346, 62.321, 0.233, 119.163, 182.187, 3.180, 249.847, 98.720, 31.351, -62.328, 0.233, 124.911, 157.959
3.190, 245.258, 120.972, -30.716, 63.022, 0.224, 120.341, 182.461, 3.190, 250.838, 99.027, 30.720, -63.049, 0.224, 125.875, 158.184
3.200, 246.465, 120.672, -30.082, 63.420, 0.216, 121.519, 182.724, 3.200, 251.831, 99.328, 30.086, -63.442, 0.216, 126.844, 158.400
3.210, 247.668, 120.377, -29.447, 63.536, 0.207, 122.695, 182.976, 3.210, 252.827, 99.622, 29.450, -63.550, 0.207, 127.819, 158.609
3.220, 248.869, 120.089, -28.813, 63.393, 0.199, 123.872, 183.219, 3.220, 253.826, 99.910, 28.816, -63.412, 0.199, 128.797, 158.811
3.230, 250.067, 119.807, -28.182, 63.032, 0.191, 125.047, 183.451, 3.230, 254.828, 100.192, 28.186, -63.048, 0.191, 129.780, 159.005
3.240, 251.263, 119.532, -27.558, 62.476, 0.184, 126.221, 183.674, 3.240, 255.833, 100.468, 27.561, -62.487, 0.184, 130.767, 159.192
3.250, 252.455, 119.262, -26.940, 61.737, 0.176, 127.395, 183.887, 3.250, 256.840, 100.737, 26.943, -61.766, 0.176, 131.758, 159.372
3.260, 253.645, 118.999, -26.332, 60.870, 0.169, 128.567, 184.091, 3.260, 257.850, 101.001, 26.334, -60.881, 0.169, 132.753, 159.546
3.270, 254.833, 118.741, -25.733, 59.867, 0.162, 129.738, 184.287, 3.270, 258.863, 101.258, 25.736, -59.874, 0.162, 133.752, 159.712
3.280, 256.018, 118.490, -25.145, 58.749, 0.155, 130.908, 184.474, 3.280, 259.878, 101.510, 25.148, -58.765, 0.155, 134.754, 159.873
3.290, 257.200, 118.244, -24.570, 57.545, 0.148, 132.077, 184.653, 3.290, 260.896, 101.755, 24.572, -57.559, 0.148, 135.760, 160.026
3.300, 258.380, 118.004, -24.007, 56.262, 0.142, 133.245, 184.823, 3.300, 261.915, 101.995, 24.010, -56.279, 0.142, 136.769, 160.174
3.310, 259.558, 117.770, -23.458, 54.921, 0.136, 134.411, 184.986, 3.310, 262.938, 102.230, 23.460, -54.930, 0.136, 137.782, 160.316
3.320, 260.733, 117.540, -22.923, 53.528, 0.130, 135.576, 185.142, 3.320, 263.962, 102.459, 22.925, -53.533, 0.130, 138.797, 160.451
3.330, 261.906, 117.316, -22.402, 52.087, 0.124, 136.740, 185.290, 3.330, 264.989, 102.683, 22.404, -52.102, 0.124, 139.816, 160.581
3.340, 263.077, 117.097, -21.896, 50.621, 0.118, 137.902, 185.432, 3.340, 266.018, 102.902, 21.898, -50.635, 0.118, 140.838, 160.705
3.350, 264.246, 116.883, -21.404, 49.136, 0.113, 139.063, 185.566, 3.350, 267.049, 103.116, 21.406, -49.143, 0.113, 141.862, 160.824
3.360, 265.413, 116.674, -20.928, 47.630, 0.107, 140.223, 185.694, 3.360, 268.083, 103.326, 20.930, -47.641, 0.107, 142.889, 160.937
3.370, 266.578, 116.469, -20.467, 46.120, 0.102, 141.382, 185.816, 3.370, 269.118, 103.530, 20.469, -46.127, 0.102, 143.919, 161.045
3.380, 267.740, 116.269, -20.021, 44.604, 0.097, 142.538, 185.931, 3.380, 270.155, 103.730, 20.022, -44.611, 0.097, 144.951, 161.149
3.390, 268.901, 116.073, -19.590, 43.090, 0.092, 143.694, 186.041, 3.390, 271.195, 103.926, 19.591, -43.098, 0.092, 145.985, 161.247
3.400, 270.060, 115.882, -19.174, 41.579, 0.087, 144.848, 186.145, 3.400, 272.236, 104.118, 19.176, -41.592, 0.087, 147.022, 161.340
3.410, 271.217, 115.694, -18.773, 40.089, 0.083, 146.001, 186.243, 3.410, 273.279, 104.306, 18.775, -40.085, 0.083, 148.062, 161.429
3.420, 272.372, 115.510, -18.387, 38.590, 0.078, 147.152, 186.336, 3.420, 274.324, 104.490, 18.389, -38.608, 0.078, 149.103, 161.513
3.430, 273.525, 115.330, -18.016, 37.127, 0.074, 148.302, 186.424, 3.430, 275.370, 104.670, 18.017, -37.126, 0.074, 150.147, 161.593
3.440, 274.677, 115.153, -17.659, 35.665, 0.070, 149.451, 186.507, 3.440, 276.419, 104.847, 17.661, -35.673, 0.070, 151.192, 161.668
3.450, 275.827, 114.980, -17.317, 34.227, 0.066, 150.598, 186.585, 3.450, 277.469, 105.020, 17.318, -34.232, 0.066, 152.240, 161.739
3.460, 276.975, 114.810, -16.989, 32.802, 0.062, 151.744, 186.659, 3.460, 278.521, 105.190, 16.990, -32.815, 0.062, 153.290, 161.807
3.470, 278.121, 114.643, -16.675, 31.410, 0.058, 152.888, 186.728, 3.470, 279.574, 105.356, 16.676, -31.404, 0.058, 154.342, 161.870
3.480, 279.266, 114.480, -16.375, 30.017, 0.055, 154.031, 186.793, 3.480, 280.630, 105.520, 16.376, -30.032, 0.055, 155.395, 161.930
3.490, 280.409, 114.319, -16.088, 28.665, 0.051, 155.173, 186.853, 3.490, 281.686, 105.681, 16.089, -28.661, 0.051, 156.450, 161.986
3.500, 281.551, 114.161, -15.815, 27.318, 0.048, 156.313, 186.910, 3.500, 282.745, 105.839, 15.816, -27.323, 0.048, 157.508, 162.039
3.510, 282.691, 114.005, -15.555, 25.993, 0.045, 157.452, 186.963, 3.510, 283.805, 105.995, 15.556, -26.003, 0.045, 158.566, 162.088
3.520, 283.829, 113.852, -15.308, 24.696, 0.042, 158.589, 187.012, 3.520, 284.866, 106.148, 15.309, -24.695, 0.042, 159.627, 162.134
3.530, 284.966, 113.701, -15.074, 23.408, 0.039, 159.725, 187.058, 3.530, 285.929, 106.299, 15.075, -23.414, 0.039, 160.689, 162.176
3.540, 286.102, 113.553, -14.853, 22.142, 0.036, 160.860, 187.100, 3.540, 286.994, 106.447, 14.853, -22.147, 0.036, 161.753, 162.216
3.550, 287.236, 113.406, -14.644, 20.896, 0.033, 161.993, 187.139, 3.550, 288.060, 106.594, 14.644, -20.895, 0.033, 162.818, 162.253
3.560, 288.368, 113.262, -14.447, 19.659, 0.031, 163.125, 187.175, 3.560, 289.127, 106.738, 14.448, -19.666, 0.031, 163.885, 162.287
3.570, 289.500, 113.119, -14.263, 18.443, 0.028, 164.256, 187.208, 3.570, 290.196, 106.881, 14.263, -18.447, 0.028, 164.953, 162.318
3.580, 290.629, 112.978, -14.090, 17.241, 0.026, 165.385, 187.238, 3.580, 291.266, 107.022, 14.091, -17.240, 0.026, 166.023, 162.347
3.590, 291.758, 112.839, -13.930, 16.048, 0.023, 166.513, 187.266, 3.590, 292.338, 107.161, 13.930, -16.051, 0.023, 167.094, 162.373
3.600, 292.885, 112.701, -13.781, 14.865, 0.021, 167.640, 187.291, 3.600, 293.411, 107.299, 13.782, -14.874, 0.021, 168.167, 162.397
3.610, 294.010, 112.565, -13.644, 13.703, 0.019, 168.766, 187.314, 3.610, 294.485, 107.435, 13.645, -13.697, 0.019, 169.241, 162.418
3.620, 295.135, 112.430, -13.519, 12.533, 0.017, 169.890, 187.334, 3.620, 295.561, 107.570, 13.519, -12.543, 0.017, 170.317, 162.438
3.630, 296.258, 112.296, -13.405, 11.384, 0.015, 171.012, 187.352, 3.630, 296.638, 107.704, 13.405, -11.382, 0.015, 171.394, 162.455
3.640, 297.379, 112.163, -13.303, 10.232, 0.014, 172.134, 187.369, 3.640, 297.716, 107.837, 13.303, -10.236, 0.014, 172.472, 162.471
3.650, 298.500, 112.030, -13.212, 9.088, 0.012, 173.254, 187.383, 3.650, 298.796, 107.970, 13.212, -9.088, 0.012, 173.552, 162.485
3.660, 299.619, 111.899, -13.132, 7.939, 0.010, 174.373, 187.395, 3.660, 299.877, 108.101, 13.133, -7.947, 0.010, 174.632, 162.497
3.670, 300.736, 111.768, -13.064, 6.800, 0.009, 175.491, 187.406, 3.670, 300.959, 108.232, 13.065, -6.796, 0.009, 175.715, 162.507
3.680, 301.853, 111.638, -13.008, 5.648, 0.008, 176.607, 187.415, 3.680, 302.043, 108.362, 13.008, -5.655, 0.008, 176.798, 162.516
3.690, 302.968, 111.509, -12.963, 4.502, 0.006, 177.722, 187.423, 3.690, 303.128, 108.491, 12.963, -4.500, 0.006, 177.883, 162.524
3.700, 304.082, 111.379, -12.929, 3.342, 0.005, 178.836, 187.430, 3.700, 304.214, 108.621, 12.930, -3.345, 0.005, 178.969, 162.530
3.710, 305.194, 111.250, -12.908, 2.176, 0.004, 179.948, 187.435, 3.710, 305.301, 108.750, 12.908, -2.180, 0.004, 180.057, 162.536
3.720, 306.305, 111.121, -12.898, 1.002, 0.003, 181.060, 187.440, 3.720, 306.390, 108.879, 12.898, -1.001, 0.003, 181.146, 162.540
3.730, 307.415, 110.992, -12.900, -0.190, 0.003, 182.170, 187.443, 3.730, 307.480, 109.008, 12.900, 0.185, 0.003, 182.236, 162.543
3.740, 308.524, 110.863, -12.914, -1.392, 0.002, 183.278, 187.446, 3.740, 308.572, 109.137, 12.914, 1.393, 0.002, 183.327, 162.546
3.750, 309.631, 110.734, -12.940, -2.617, 0.001, 184.386, 187.447, 3.750, 309.664, 109.266, 12.940, 2.614, 0.001, 184.420, 162.547
3.760, 310.737, 110.604, -12.978, -3.861, 0.001, 185.492, 187.449, 3.760, 310.758, 109.396, 12.978, 3.858, 0.001, 185.514, 162.549
3.770, 311.842, 110.474, -13.030, -5.127, 0.001, 186.596, 187.449, 3.770, 311.854, 109.526, 13.030, 5.126, 0.001, 186.609, 162.549
3.780, 312.945, 110.343, -13.094, -6.422, 0.000, 187.700, 187.450, 3.780, 312.950, 109.657, 13.094, 6.419, 0.000, 187.706, 162.550
3.790, 314.048, 110.211, -13.171, -7.745, 0.000, 188.802, 187.450, 3.790, 314.048, 109.789, 13.171, 7.744, 0.000, 188.803, 162.550
3.800, 315.148, 110.078, -13.262, -9.103, 0.000, 189.903, 187.450, 3.800, 315.147, 109.922, 13.262, 9.101, 0.000, 189.903, 162.550
3.810, 316.250, 110.155, 7.669, 2093.118, 6.283, 191.004, 187.450, 3.810, 316.246, 109.845, -7.669, -2093.122, 6.283, 191.001, 162.550
3.820, 317.355, 110.521, 36.576, 2890.718, 6.283, 192.109, 187.450, 3.820, 317.340, 109.479, -36.576, -2890.732, 6.283, 192.096, 162.550
3.830, 318.464, 110.882, 36.128, -44.782, 6.282, 193.218, 187.449, 3.830, 318.432, 109.118, -36.129, 44.766, 6.282, 193.187, 162.549
3.840, 319.576, 111.238, 35.619, -50.891, 6.281, 194.331, 187.447, 3.840, 319.519, 108.762, -35.620, 50.878, 6.281, 194.275, 162.547
3.850, 320.692, 111.591, 35.241, -37.866, 6.280, 195.446, 187.444, 3.850, 320.603, 108.409, -35.241, 37.850, 6.280, 195.359, 162.544
3.860, 321.812, 111.941, 34.986, -25.504, 6.278, 196.566, 187.439, 3.860, 321.684, 108.059, -34.986, 25.491, 6.278, 196.439, 162.539
3.870, 322.934, 112.289, 34.849, -13.690, 6.276, 197.689, 187.432, 3.870, 322.761, 107.711, -34.850, 13.676, 6.276, 197.516, 162.533
3.880, 324.061, 112.637, 34.826, -2.314, 6.274, 198.815, 187.423, 3.880, 323.835, 107.363, -34.827, 2.298, 6.274, 198.590, 162.524
3.890, 325.191, 112.987, 34.913, 8.727, 6.272, 199.945, 187.412, 3.890, 324.905, 107.013, -34.914, -8.738, 6.272, 199.660, 162.513
3.900, 326.324, 113.338, 35.108, 19.512, 6.269, 201.078, 187.397, 3.900, 325.971, 106.662, -35.109, -19.531, 6.269, 200.727, 162.500
3.910, 327.461, 113.692, 35.409, 30.135, 6.266, 202.215, 187.379, 3.910, 327.035, 106.308, -35.411, -30.150, 6.266, 201.790, 162.483
3.920, 328.601, 114.050, 35.816, 40.666, 6.263, 203.355, 187.358, 3.920, 328.094, 105.950, -35.818, -40.681, 6.263, 202.849, 162.463
3.930, 329.746, 114.413, 36.328, 51.174, 6.259, 204.499, 187.333, 3.930, 329.150, 105.587, -36.330, -51.193, 6.259, 203.904, 162.440
3.940, 330.893, 114.783, 36.945, 61.730, 6.255, 205.647, 187.303, 3.940, 330.202, 105.217, -36.947, -61.751, 6.255, 204.956, 162.413
3.950, 332.045, 115.159, 37.669, 72.397, 6.251, 206.798, 187.269, 3.950, 331.250, 104.841, -37.671, -72.417, 6.251, 206.004, 162.382
3.960, 333.200, 115.544, 38.501, 83.232, 6.247, 207.952, 187.230, 3.960, 332.295, 104.455, -38.504, -83.256, 6.247, 207.048, 162.346
3.970, 334.360, 115.939, 39.444, 94.301, 6.242, 209.111, 187.185, 3.970, 333.336, 104.061, -39.447, -94.315, 6.242, 208.088, 162.306
3.980, 335.523, 116.344, 40.501, 105.633, 6.237, 210.273, 187.134, 3.980, 334.372, 103.656, -40.504, -105.672, 6.237, 209.124, 162.261
3.990, 336.691, 116.761, 41.674, 117.324, 6.232, 211.439, 187.077, 3.990, 335.405, 103.239, -41.677, -117.339, 6.232, 210.155, 162.210
4.000, 337.863, 117.190, 42.968, 129.371, 6.226, 212.610, 187.013, 4.000, 336.433, 102.810, -42.971, -129.413, 6.226, 211.181, 162.154
4.010, 339.039, 117.634, 44.386, 141.864, 6.220, 213.784, 186.942, 4.010, 337.456, 102.366, -44.390, -141.898, 6.220, 212.203, 162.092
4.020, 340.220, 118.093, 45.935, 154.824, 6.213, 214.962, 186.863, 4.020, 338.475, 101.906, -45.939, -154.855, 6.213, 213.220, 162.024
4.030, 341.406, 118.570, 47.617, 168.277, 6.206, 216.145, 186.776, 4.030, 339.490, 101.430, -47.622, -168.330, 6.206, 214.231, 161.950
4.040, 342.596, 119.064, 49.440, 182.288, 6.199, 217.331, 186.681, 4.040, 340.499, 100.936, -49.445, -182.325, 6.199, 215.238, 161.869
4.050, 343.792, 119.578, 51.409, 196.840, 6.191, 218.523, 186.575, 4.050, 341.503, 100.421, -51.414, -196.895, 6.191, 216.238, 161.781
4.060, 344.993, 120.113, 53.528, 211.972, 6.183, 219.718, 186.460, 4.060, 342.502, 99.886, -53.535, -212.030, 6.183, 217.232, 161.685
4.070, 346.200, 120.671, 55.805, 227.671, 6.175, 220.918, 186.335, 4.070, 343.495, 99.328, -55.812, -227.739, 6.175, 218.220, 161.581
4.080, 347.413, 121.254, 58.244, 243.935, 6.166, 222.123, 186.198, 4.080, 344.483, 98.745, -58.252, -243.992, 6.166, 219.201, 161.470
4.090, 348.631, 121.862, 60.851, 260.692, 6.156, 223.333, 186.049, 4.090, 345.464, 98.137, -60.860, -260.776, 6.156, 220.175, 161.350
4.100, 349.856, 122.499, 63.630, 277.915, 6.146, 224.547, 185.888, 4.100, 346.439, 97.500, -63.640, -277.995, 6.146, 221.142, 161.222
4.110, 351.088, 123.165, 66.585, 295.475, 6.135, 225.766, 185.713, 4.110, 347.408, 96.834, -66.595, -295.574, 6.135, 222.100, 161.084
4.120, 352.326, 123.862, 69.718, 313.248, 6.124, 226.990, 185.524, 4.120, 348.369, 96.137, -69.729, -313.359, 6.124, 223.050, 160.938
4.130, 353.572, 124.592, 73.028, 331.055, 6.113, 228.219, 185.320, 4.130, 349.323, 95.407, -73.040, -331.149, 6.113, 223.992, 160.781
4.140, 354.826, 125.357, 76.514, 348.587, 6.100, 229.453, 185.099, 4.140, 350.269, 94.642, -76.528, -348.734, 6.100, 224.923, 160.615
4.150, 356.088, 126.159, 80.170, 365.593, 6.087, 230.692, 184.862, 4.150, 351.208, 93.840, -80.185, -365.724, 6.087, 225.845, 160.438
4.160, 357.358, 126.999, 83.986, 381.597, 6.074, 231.936, 184.606, 4.160, 352.138, 93.000, -84.002, -381.746, 6.074, 226.756, 160.251
4.170, 358.636, 127.878, 87.947, 396.088, 6.059, 233.185, 184.331, 4.170, 353.059, 92.120, -87.965, -396.262, 6.059, 227.655, 160.053
4.180, 359.924, 128.798, 92.031, 408.434, 6.044, 234.439, 184.036, 4.180, 353.971, 91.199, -92.051, -408.612, 6.044, 228.543, 159.844
4.190, 361.222, 129.761, 96.209, 417.821, 6.028, 235.697, 183.719, 4.190, 354.873, 90.237, -96.231, -418.021, 6.028, 229.418, 159.623
4.200, 362.530, 130.765, 100.443, 423.314, 6.012, 236.960, 183.378, 4.200, 355.766, 89.232, -100.467, -423.528, 6.012, 230.280, 159.391
4.210, 363.848, 131.812, 104.680, 423.782, 5.994, 238.226, 183.014, 4.210, 356.648, 88.185, -104.707, -424.007, 5.994, 231.127, 159.147
4.220, 365.177, 132.900, 108.859, 417.904, 5.976, 239.497, 182.623, 4.220, 357.519, 87.097, -108.888, -418.156, 5.976, 231.960, 158.891
4.230, 366.517, 134.029, 112.902, 404.212, 5.956, 240.770, 182.205, 4.230, 358.378, 85.967, -112.933, -404.455, 5.956, 232.777, 158.623
4.240, 367.869, 135.196, 116.711, 380.987, 5.936, 242.046, 181.758, 4.240, 359.226, 84.800, -116.745, -381.257, 5.936, 233.577, 158.343
4.250, 369.233, 136.398, 120.176, 346.447, 5.915, 243.324, 181.281, 4.250, 360.062, 83.598, -120.213, -346.716, 5.915, 234.360, 158.050
4.260, 370.609, 137.630, 123.163, 298.664, 5.893, 244.602, 180.771, 4.260, 360.886, 82.366, -123.202, -298.930, 5.893, 235.125, 157.745
4.270, 371.998, 138.885, 125.520, 235.719, 5.870, 245.880, 180.228, 4.270, 361.697, 81.110, -125.562, -235.981, 5.870, 235.872, 157.428
4.280, 373.400, 140.156, 127.078, 155.822, 5.845, 247.157, 179.649, 4.280, 362.495, 79.839, -127.122, -156.070, 5.845, 236.599, 157.098
4.290, 374.814, 141.432, 127.653, 57.479, 5.820, 248.430, 179.033, 4.290, 363.281, 78.562, -127.699, -57.683, 5.820, 237.306, 156.756
4.300, 376.241, 142.703, 127.049, -60.344, 5.794, 249.698, 178.379, 4.300, 364.054, 77.291, -127.097, 60.172, 5.794, 237.993, 156.402
4.310, 377.681, 143.954, 125.070, -197.880, 5.767, 250.960, 177.685, 4.310, 364.814, 76.040, -125.120, 197.767, 5.767, 238.659, 156.036
4.320, 379.132, 145.169, 121.527, -354.380, 5.738, 252.212, 176.951, 4.320, 365.562, 74.824, -121.576, 354.343, 5.738, 239.304, 155.657
4.330, 380.596, 146.331, 116.249, -527.818, 5.709, 253.452, 176.174, 4.330, 366.299, 73.661, -116.298, 527.867, 5.709, 239.929, 155.266
4.340, 382.070, 147.422, 109.102, -714.674, 5.679, 254.678, 175.355, 4.340, 367.025, 72.569, -109.149, 714.832, 5.679, 240.532, 154.863
4.350, 383.554, 148.422, 100.003, -909.847, 5.648, 255.886, 174.493, 4.350, 367.740, 71.569, -100.048, 910.121, 5.648, 241.115, 154.447
4.360, 385.047, 149.312, 88.937, -1106.669, 5.617, 257.074, 173.588, 4.360, 368.447, 70.679, -88.978, 1107.065, 5.617, 241.677, 154.019
4.370, 386.548, 150.071, 75.965, -1297.138, 5.584, 258.238, 172.642, 4.370, 369.146, 69.919, -76.001, 1297.664, 5.584, 242.220, 153.578
4.380, 388.055, 150.684, 61.241, -1472.392, 5.552, 259.376, 171.654, 4.380, 369.840, 69.306, -61.271, 1473.030, 5.552, 242.743, 153.124
4.390, 389.566, 151.134, 45.008, -1623.304, 5.519, 260.484, 170.626, 4.390, 370.528, 68.856, -45.030, 1624.056, 5.519, 243.248, 152.655
4.400, 391.080, 151.410, 27.595, -1741.357, 5.485, 261.559, 169.559, 4.400, 371.214, 68.580, -27.608, 1742.186, 5.485, 243.735, 152.172
4.410, 392.595, 151.504, 9.401, -1819.411, 5.452, 262.599, 168.457, 4.410, 371.899, 68.486, -9.405, 1820.299, 5.452, 244.205, 151.674
4.420, 394.109, 151.413, -9.125, -1852.543, 5.419, 263.600, 167.322, 4.420, 372.584, 68.577, 9.129, 1853.451, 5.419, 244.658, 151.160
4.430, 395.621, 151.137, -27.510, -1838.564, 5.386, 264.562, 166.156, 4.430, 373.273, 68.852, 27.524, 1839.461, 5.386, 245.097, 150.629
4.440, 397.127, 150.685, -45.294, -1778.310, 5.353, 265.483, 164.963, 4.440, 373.966, 69.306, 45.316, 1779.159, 5.353, 245.520, 150.080
4.450, 398.628, 150.064, -62.049, -1675.528, 5.321, 266.360, 163.746, 4.450, 374.665, 69.926, 62.079, 1676.300, 5.321, 245.929, 149.513
4.460, 400.121, 149.290, -77.413, -1536.450, 5.289, 267.194, 162.507, 4.460, 375.372, 70.701, 77.450, 1537.120, 5.289, 246.324, 148.926
4.470, 401.605, 148.379, -91.104, -1369.099, 5.258, 267.984, 161.251, 4.470, 376.088, 71.612, 91.146, 1369.651, 5.258, 246.705, 148.320
4.480, 403.078, 147.350, -102.929, -1182.459, 5.228, 268.730, 159.981, 4.480, 376.815, 72.642, 102.975, 1182.884, 5.228, 247.073, 147.694
4.490, 404.540, 146.222, -112.785, -985.636, 5.199, 269.433, 158.699, 4.490, 377.553, 73.770, 112.834, 985.933, 5.199, 247.427, 147.047
4.500, 405.991, 145.015, -120.657, -787.127, 5.171, 270.093, 157.408, 4.500, 378.302, 74.978, 120.707, 787.303, 5.171, 247.769, 146.379
4.510, 407.428, 143.749, -126.599, -594.276, 5.144, 270.712, 156.110, 4.510, 379.065, 76.244, 126.651, 594.339, 5.144, 248.097, 145.691
4.520, 408.853, 142.442, -130.729, -412.930, 5.118, 271.291, 154.809, 4.520, 379.840, 77.552, 130.780, 412.901, 5.118, 248.412, 144.983
4.530, 410.264, 141.110, -133.202, -247.338, 5.093, 271.832, 153.505, 4.530, 380.629, 78.884, 133.252, 247.229, 5.093, 248.714, 144.254
4.540, 411.661, 139.768, -134.204, -100.184, 5.069, 272.336, 152.202, 4.540, 381.431, 80.227, 134.252, 100.006, 5.069, 249.003, 143.506
4.550, 413.046, 138.429, -133.931, 27.246, 5.046, 272.804, 150.899, 4.550, 382.247, 81.567, 133.977, -27.469, 5.046, 249.279, 142.738
4.560, 414.417, 137.103, -132.583, 134.795, 5.025, 273.239, 149.599, 4.560, 383.076, 82.893, 132.627, -135.048, 5.025, 249.542, 141.952
4.570, 415.775, 135.799, -130.352, 223.181, 5.004, 273.643, 148.302, 4.570, 383.918, 84.197, 130.392, -223.457, 5.004, 249.793, 141.148
4.580, 417.120, 134.525, -127.414, 293.745, 4.984, 274.016, 147.010, 4.580, 384.773, 85.471, 127.452, -294.032, 4.984, 250.030, 140.327
4.590, 418.453, 133.286, -123.932, 348.204, 4.965, 274.362, 145.723, 4.590, 385.640, 86.711, 123.967, -348.492, 4.965, 250.255, 139.489
4.600, 419.774, 132.085, -120.047, 388.467, 4.948, 274.681, 144.441, 4.600, 386.519, 87.912, 120.080, -388.751, 4.948, 250.467, 138.636
4.610, 421.083, 130.926, -115.883, 416.492, 4.931, 274.976, 143.165, 4.610, 387.410, 89.071, 115.912, -416.768, 4.931, 250.667, 137.768
4.620, 422.381, 129.811, -111.541, 434.184, 4.915, 275.247, 141.896, 4.620, 388.312, 90.187, 111.568, -434.440, 4.915, 250.856, 136.887
4.630, 423.668, 128.740, -107.108, 443.302, 4.900, 275.496, 140.633, 4.630, 389.224, 91.258, 107.132, -443.549, 4.900, 251.033, 135.991
4.640, 424.946, 127.713, -102.653, 445.463, 4.886, 275.725, 139.376, 4.640, 390.147, 92.285, 102.675, -445.693, 4.886, 251.198, 135.083
4.650, 426.213, 126.731, -98.232, 442.080, 4.872, 275.935, 138.126, 4.650, 391.080, 93.267, 98.252, -442.290, 4.872, 251.353, 134.164
4.660, 427.471, 125.792, -93.888, 434.378, 4.860, 276.128, 136.883, 4.660, 392.022, 94.206, 93.907, -434.574, 4.860, 251.497, 133.233
4.670, 428.720, 124.896, -89.654, 423.408, 4.848, 276.303, 135.647, 4.670, 392.973, 95.103, 89.671, -423.584, 4.848, 251.630, 132.291
4.680, 429.960, 124.040, -85.554, 410.035, 4.836, 276.463, 134.417, 4.680, 393.932, 95.959, 85.569, -410.205, 4.836, 251.754, 131.339
4.690, 431.192, 123.224, -81.604, 395.004, 4.826, 276.609, 133.193, 4.690, 394.900, 96.775, 81.617, -395.146, 4.826, 251.869, 130.378
4.700, 432.417, 122.446, -77.815, 378.879, 4.816, 276.741, 131.976, 4.700, 395.876, 97.553, 77.827, -379.017, 4.816, 251.974, 129.409
4.710, 433.634, 121.704, -74.194, 362.158, 4.806, 276.861, 130.765, 4.710, 396.859, 98.295, 74.204, -362.278, 4.806, 252.071, 128.430
4.720, 434.844, 120.997, -70.742, 345.205, 4.797, 276.969, 129.560, 4.720, 397.849, 99.003, 70.751, -345.318, 4.797, 252.159, 127.444
4.730, 436.047, 120.322, -67.458, 328.328, 4.789, 277.066, 128.360, 4.730, 398.845, 99.677, 67.467, -328.423, 4.789, 252.240, 126.451
4.740, 437.244, 119.679, -64.341, 311.739, 4.781, 277.153, 127.167, 4.740, 399.849, 100.321, 64.348, -311.834, 4.781, 252.313, 125.450
4.750, 438.434, 119.065, -61.385, 295.632, 4.774, 277.231, 125.979, 4.750, 400.858, 100.935, 61.391, -295.708, 4.774, 252.379, 124.443
4.760, 439.619, 118.479, -58.583, 280.116, 4.767, 277.300, 124.796, 4.760, 401.873, 101.521, 58.590, -280.188, 4.767, 252.438, 123.430
4.770, 440.798, 117.920, -55.931, 265.289, 4.761, 277.361, 123.618, 4.770, 402.894, 102.080, 55.936, -265.359, 4.761, 252.490, 122.410
4.780, 441.972, 117.385, -53.418, 251.223, 4.755, 277.414, 122.446, 4.780, 403.920, 102.614, 53.423, -251.278, 4.755, 252.537, 121.385
4.790, 443.141, 116.875, -51.039, 237.944, 4.749, 277.461, 121.278, 4.790, 404.951, 103.125, 51.043, -237.995, 4.749, 252.578, 120.355
4.800, 444.305, 116.387, -48.784, 225.478, 4.744, 277.501, 120.115, 4.800, 405.987, 103.613, 48.788, -225.531, 4.744, 252.614, 119.319
4.810, 445.464, 115.921, -46.646, 213.846, 4.740, 277.535, 118.956, 4.810, 407.028, 104.079, 46.649, -213.885, 4.740, 252.645, 118.279
4.820, 446.619, 115.475, -44.615, 203.030, 4.735, 277.564, 117.801, 4.820, 408.073, 104.525, 44.618, -203.071, 4.735, 252.671, 117.234
4.830, 447.769, 115.048, -42.685, 193.035, 4.731, 277.588, 116.651, 4.830, 409.123, 104.952, 42.688, -193.070, 4.731, 252.692, 116.185
4.840, 448.916, 114.639, -40.847, 183.842, 4.727, 277.607, 115.505, 4.840, 410.177, 105.361, 40.849, -183.873, 4.727, 252.710, 115.131
4.850, 450.058, 114.248, -39.092, 175.435, 4.724, 277.623, 114.363, 4.850, 411.234, 105.752, 39.094, -175.463, 4.724, 252.724, 114.074
4.860, 451.197, 113.874, -37.414, 167.795, 4.721, 277.634, 113.224, 4.860, 412.295, 106.126, 37.416, -167.821, 4.721, 252.735, 113.013
4.870, 452.332, 113.516, -35.805, 160.902, 4.718, 277.642, 112.089, 4.870, 413.360, 106.484, 35.807, -160.927, 4.718, 252.742, 111.948
4.880, 453.464, 113.174, -34.258, 154.737, 4.716, 277.647, 110.957, 4.880, 414.428, 106.826, 34.259, -154.756, 4.716, 252.747, 110.879
4.890, 454.592, 112.846, -32.765, 149.274, 4.713, 277.649, 109.829, 4.890, 415.500, 107.154, 32.766, -149.295, 4.713, 252.749, 109.808
4.900, 455.718, 112.533, -31.320, 144.500, 4.711, 277.649, 108.703, 4.900, 416.575, 107.467, 31.321, -144.516, 4.711, 252.749, 108.733
4.910, 456.840, 112.234, -29.916, 140.390, 4.709, 277.647, 107.581, 4.910, 417.652, 107.766, 29.917, -140.405, 4.709, 252.747, 107.656
4.920, 457.959, 111.948, -28.547, 136.927, 4.708, 277.642, 106.461, 4.920, 418.733, 108.052, 28.548, -136.941, 4.708, 252.743, 106.575
4.930, 459.076, 111.676, -27.206, 134.095, 4.706, 277.636, 105.345, 4.930, 419.816, 108.324, 27.207, -134.107, 4.706, 252.737, 105.492
4.940, 460.190, 111.417, -25.887, 131.874, 4.705, 277.629, 104.231, 4.940, 420.902, 108.583, 25.888, -131.886, 4.705, 252.730, 104.406
4.950, 461.302, 111.138, -27.927, -203.967, 4.704, 277.621, 103.119, 4.950, 421.990, 108.796, 21.306, -458.143, 4.704, 252.722, 103.318
4.960, 462.410, 110.788, -34.969, -704.216, 4.704, 277.611, 102.011, 4.960, 423.079, 108.914, 11.764, -954.272, 4.704, 252.712, 102.229
4.970, 463.513, 110.352, -43.635, -866.564, 4.703, 277.602, 100.908, 4.970, 424.168, 108.919, 0.502, -1126.197, 4.703, 252.703, 101.140
4.980, 464.611, 109.829, -52.235, -860.069, 4.703, 277.591, 99.810, 4.980, 425.256, 108.810, -10.825, -1132.691, 4.703, 252.692, 100.052
4.990, 465.704, 109.222, -60.778, -854.250, 4.702, 277.580, 98.718, 4.990, 426.342, 108.588, -22.210, -1138.509, 4.702, 252.682, 98.966
5.000, 466.789, 108.529, -69.269, -849.152, 4.702, 277.569, 97.632, 5.000, 427.425, 108.252, -33.646, -1143.607, 4.702, 252.671, 97.884
5.010, 467.867, 107.785, -74.410, -514.086, 4.702, 277.558, 96.554, 5.010, 428.503, 107.834, -41.812, -816.570, 4.702, 252.660, 96.805
5.020, 468.937, 107.039, -74.563, -15.269, 4.702, 277.548, 95.484, 5.020, 429.577, 107.384, -45.002, -319.009, 4.702, 252.649, 95.731
5.030, 470.000, 106.309, -73.061, 150.199, 4.703, 277.537, 94.421, 5.030, 430.646, 106.919, -46.504, -150.201, 4.703, 252.638, 94.662
5.040, 471.056, 105.593, -71.576, 148.497, 4.703, 277.527, 93.365, 5.040, 431.710, 106.439, -47.989, -148.498, 4.703, 252.628, 93.598
5.050, 472.105, 104.892, -70.105, 147.060, 4.703, 277.518, 92.316, 5.050, 432.770, 105.944, -49.460, -147.060, 4.703, 252.619, 92.539
5.060, 473.147, 104.205, -68.647, 145.841, 4.704, 277.509, 91.274, 5.060, 433.824, 105.435, -50.918, -145.841, 4.704, 252.610, 91.484
5.070, 474.183, 103.533, -67.199, 144.793, 4.705, 277.500, 90.239, 5.070, 434.873, 104.911, -52.366, -144.793, 4.705, 252.601, 90.435
5.080, 475.211, 102.876, -65.760, 143.873, 4.705, 277.492, 89.210, 5.080, 435.917, 104.373, -53.805, -143.872, 4.705, 252.593, 89.392
5.090, 476.234, 102.232, -64.330, 143.035, 4.706, 277.485, 88.188, 5.090, 436.955, 103.821, -55.235, -143.034, 4.706, 252.586, 88.353
5.100, 477.250, 101.603, -62.908, 142.236, 4.706, 277.479, 87.172, 5.100, 437.988, 103.254, -56.658, -142.235, 4.706, 252.579, 87.321
5.110, 478.260, 100.988, -61.493, 141.434, 4.707, 277.473, 86.162, 5.110, 439.015, 102.674, -58.072, -141.432, 4.707, 252.574, 86.294
5.120, 479.263, 100.388, -60.087, 140.587, 4.708, 277.468, 85.158, 5.120, 440.035, 102.079, -59.478, -140.585, 4.708, 252.568, 85.273
5.130, 480.261, 99.801, -58.691, 139.654, 4.708, 277.464, 84.160, 5.130, 441.050, 101.470, -60.874, -139.653, 4.708, 252.564, 84.259
5.140, 481.254, 99.228, -57.305, 138.597, 4.709, 277.460, 83.168, 5.140, 442.059, 100.847, -62.260, -138.596, 4.709, 252.560, 83.250
5.150, 482.240, 98.668, -55.931, 137.377, 4.710, 277.457, 82.181, 5.150, 443.061, 100.211, -63.634, -137.376, 4.710, 252.557, 82.248
5.160, 483.222, 98.123, -54.572, 135.958, 4.710, 277.455, 81.200, 5.160, 444.056, 99.561, -64.994, -135.958, 4.710, 252.555, 81.252
5.170, 484.198, 97.590, -53.228, 134.306, 4.711, 277.453, 80.224, 5.170, 445.045, 98.898, -66.337, -134.306, 4.711, 252.553, 80.263
5.180, 485.168, 97.071, -51.905, 132.388, 4.711, 277.452, 79.253, 5.180, 446.027, 98.221, -67.661, -132.388, 4.711, 252.552, 79.281
5.190, 486.134, 96.565, -50.603, 130.175, 4.712, 277.451, 78.288, 5.190, 447.003, 97.532, -68.962, -130.174, 4.712, 252.551, 78.306
5.200, 487.095, 96.072, -49.327, 127.637, 4.712, 277.450, 77.327, 5.200, 447.971, 96.829, -70.239, -127.638, 4.712, 252.550, 77.338
5.210, 488.051, 95.591, -48.079, 124.751, 4.712, 277.450, 76.371, 5.210, 448.932, 96.114, -71.486, -124.752, 4.712, 252.550, 76.377
5.220, 489.002, 95.123, -46.864, 121.496, 4.712, 277.450, 75.420, 5.220, 449.886, 95.387, -72.701, -121.497, 4.712, 252.550, 75.423
5.230, 489.948, 94.643, -47.991, -112.738, 4.712, 277.450, 74.474, 5.230, 450.833, 94.672, -71.574, 112.737, 4.712, 252.550, 74.476
5.240, 490.889, 94.058, -58.455, -1046.308, 4.712, 277.450, 73.533, 5.240, 451.773, 94.060, -61.111, 1046.308, 4.712, 252.550, 73.535
5.250, 491.823, 93.459, -59.881, -142.662, 4.712, 277.450, 72.598, 5.250, 452.708, 93.464, -59.684, 142.662, 4.712, 252.550, 72.601
5.260, 492.752, 92.861, -59.871, 0.975, 4.712, 277.450, 71.670, 5.260, 453.637, 92.867, -59.694, -0.975, 4.712, 252.550, 71.672
5.270, 493.675, 92.262, -59.862, 0.923, 4.712, 277.450, 70.747, 5.270, 454.559, 92.270, -59.703, -0.923, 4.712, 252.550, 70.749
5.280, 494.591, 91.663, -59.853, 0.873, 4.712, 277.450, 69.830, 5.280, 455.476, 91.672, -59.712, -0.873, 4.712, 252.550, 69.833
5.290, 495.502, 91.065, -59.845, 0.826, 4.712, 277.449, 68.920, 5.290, 456.387, 91.075, -59.720, -0.826, 4.712, 252.549, 68.922
5.300, 496.407, 90.467, -59.837, 0.779, 4.712, 277.449, 68.015, 5.300, 457.292, 90.478, -59.728, -0.779, 4.712, 252.549, 68.017
5.310, 497.305, 89.868, -59.830, 0.735, 4.712, 277.449, 67.116, 5.310, 458.190, 89.881, -59.735, -0.735, 4.712, 252.549, 67.118
5.320, 498.198, 89.270, -59.823, 0.692, 4.712, 277.449, 66.224, 5.320, 459.083, 89.283, -59.742, -0.692, 4.712, 252.549, 66.225
5.330, 499.085, 88.672, -59.817, 0.650, 4.712, 277.449, 65.337, 5.330, 459.970, 88.686, -59.749, -0.650, 4.712, 252.549, 65.339
5.340, 499.965, 88.074, -59.810, 0.610, 4.712, 277.449, 64.456, 5.340, 460.851, 88.088, -59.755, -0.610, 4.712, 252.549, 64.458
5.350, 500.840, 87.476, -59.805, 0.572, 4.712, 277.449, 63.582, 5.350, 461.726, 87.491, -59.760, -0.572, 4.712, 252.549, 63.583
5.360, 501.709, 86.878, -59.799, 0.535, 4.712, 277.449, 62.713, 5.360, 462.595, 86.893, -59.766, -0.535, 4.712, 252.549, 62.714
5.370, 502.572, 86.280, -59.794, 0.499, 4.712, 277.449, 61.850, 5.370, 463.458, 86.295, -59.771, -0.499, 4.712, 252.549, 61.851
5.380, 503.429, 85.682, -59.790, 0.465, 4.712, 277.449, 60.993, 5.380, 464.315, 85.697, -59.775, -0.465, 4.712, 252.549, 60.994
5.390, 504.279, 85.084, -59.785, 0.433, 4.712, 277.449, 60.142, 5.390, 465.166, 85.100, -59.780, -0.433, 4.712, 252.549, 60.143
5.400, 505.124, 84.486, -59.781, 0.401, 4.712, 277.449, 59.297, 5.400, 466.011, 84.502, -59.784, -0.401, 4.712, 252.549, 59.298
5.410, 505.963, 83.888, -59.778, 0.371, 4.712, 277.449, 58.459, 5.410, 466.850, 83.904, -59.787, -0.371, 4.712, 252.549, 58.459
5.420, 506.796, 83.291, -59.774, 0.342, 4.712, 277.449, 57.626, 5.420, 467.683, 83.306, -59.791, -0.342, 4.712, 252.549, 57.626
5.430, 507.623, 82.693, -59.771, 0.315, 4.712, 277.449, 56.799, 5.430, 468.510, 82.708, -59.794, -0.315, 4.712, 252.549, 56.799
5.440, 508.444, 82.095, -59.768, 0.288, 4.712, 277.449, 55.978, 5.440, 469.331, 82.110, -59.797, -0.288, 4.712, 252.549, 55.978
5.450, 509.259, 81.498, -59.766, 0.263, 4.712, 277.449, 55.163, 5.450, 470.146, 81.512, -59.800, -0.263, 4.712, 252.549, 55.163
5.460, 510.068, 80.900, -59.763, 0.239, 4.712, 277.449, 54.354, 5.460, 470.955, 80.914, -59.802, -0.239, 4.712, 252.549, 54.353
5.470, 510.871, 80.302, -59.761, 0.216, 4.712, 277.449, 53.551, 5.470, 471.759, 80.316, -59.804, -0.216, 4.712, 252.549, 53.550
5.480, 511.668, 79.705, -59.759, 0.194, 4.712, 277.449, 52.754, 5.480, 472.556, 79.718, -59.806, -0.194, 4.712, 252.549, 52.753
5.490, 512.459, 79.107, -59.757, 0.173, 4.712, 277.449, 51.963, 5.490, 473.347, 79.120, -59.808, -0.173, 4.712, 252.549, 51.962
5.500, 513.244, 78.510, -59.756, 0.153, 4.712, 277.449, 51.178, 5.500, 474.132, 78.522, -59.809, -0.153, 4.712, 252.549, 51.177
5.510, 514.023, 77.912, -59.755, 0.134, 4.712, 277.449, 50.398, 5.510, 474.911, 77.924, -59.811, -0.134, 4.712, 252.549, 50.397
5.520, 514.796, 77.315, -59.753, 0.116, 4.712, 277.449, 49.625, 5.520, 475.685, 77.326, -59.812, -0.116, 4.712, 252.549, 49.624
5.530, 515.564, 76.717, -59.752, 0.099, 4.712, 277.449, 48.858, 5.530, 476.452, 76.728, -59.813, -0.099, 4.712, 252.549, 48.857
5.540, 516.325, 76.120, -59.752, 0.083, 4.712, 277.449, 48.097, 5.540, 477.213, 76.129, -59.814, -0.083, 4.712, 252.549, 48.096
5.550, 517.080, 75.522, -59.751, 0.067, 4.712, 277.449, 47.342, 5.550, 477.968, 75.531, -59.814, -0.067, 4.712, 252.549, 47.340
5.560, 517.829, 74.925, -59.750, 0.053, 4.712, 277.449, 46.592, 5.560, 478.718, 74.933, -59.815, -0.053, 4.712, 252.549, 46.591
5.570, 518.572, 74.327, -59.750, 0.039, 4.712, 277.449, 45.849, 5.570, 479.461, 74.335, -59.815, -0.039, 4.712, 252.549, 45.848
5.580, 519.310, 73.730, -59.750, 0.026, 4.712, 277.449, 45.112, 5.580, 480.199, 73.737, -59.815, -0.026, 4.712, 252.549, 45.110
5.590, 520.041, 73.132, -59.750, 0.014, 4.712, 277.449, 44.381, 5.590, 480.930, 73.139, -59.816, -0.014, 4.712, 252.549, 44.379
5.600, 520.766, 72.535, -59.750, 0.003, 4.712, 277.450, 43.655, 5.600, 481.655, 72.540, -59.816, -0.003, 4.712, 252.550, 43.653
5.610, 521.486, 71.937, -59.750, -0.008, 4.712, 277.450, 42.936, 5.610, 482.375, 71.942, -59.816, 0.008, 4.712, 252.550, 42.934
5.620, 522.199, 71.340, -59.750, -0.018, 4.712, 277.450, 42.222, 5.620, 483.088, 71.344, -59.815, 0.018, 4.712, 252.550, 42.221
5.630, 522.907, 70.742, -59.750, -0.027, 4.712, 277.450, 41.515, 5.630, 483.796, 70.746, -59.815, 0.027, 4.712, 252.550, 41.513
5.640, 523.608, 70.145, -59.750, -0.036, 4.712, 277.450, 40.814, 5.640, 484.497, 70.148, -59.815, 0.036, 4.712, 252.550, 40.812
5.650, 524.304, 69.547, -59.751, -0.044, 4.712, 277.450, 40.118, 5.650, 485.193, 69.550, -59.814, 0.044, 4.712, 252.550, 40.116
5.660, 524.993, 68.950, -59.751, -0.051, 4.712, 277.450, 39.429, 5.660, 485.882, 68.952, -59.814, 0.051, 4.712, 252.550, 39.427
5.670, 525.677, 68.352, -59.752, -0.058, 4.712, 277.450, 38.745, 5.670, 486.566, 68.353, -59.813, 0.058, 4.712, 252.550, 38.743
5.680, 526.354, 67.755, -59.753, -0.064, 4.712, 277.450, 38.068, 5.680, 487.243, 67.755, -59.813, 0.064, 4.712, 252.550, 38.065
5.690, 527.026, 67.157, -59.753, -0.070, 4.712, 277.450, 37.396, 5.690, 487.915, 67.157, -59.812, 0.070, 4.712, 252.550, 37.394
5.700, 527.691, 66.559, -59.754, -0.075, 4.712, 277.450, 36.730, 5.700, 488.580, 66.559, -59.811, 0.075, 4.712, 252.550, 36.728
5.710, 528.351, 65.962, -59.755, -0.080, 4.712, 277.450, 36.071, 5.710, 489.240, 65.961, -59.810, 0.080, 4.712, 252.550, 36.069
5.720, 529.005, 65.364, -59.756, -0.084, 4.712, 277.450, 35.417, 5.720, 489.894, 65.363, -59.810, 0.084, 4.712, 252.550, 35.415
5.730, 529.652, 64.767, -59.757, -0.088, 4.712, 277.450, 34.769, 5.730, 490.541, 64.765, -59.809, 0.088, 4.712, 252.550, 34.767
5.740, 530.294, 64.169, -59.757, -0.091, 4.712, 277.450, 34.128, 5.740, 491.183, 64.167, -59.808, 0.091, 4.712, 252.550, 34.126
5.750, 530.930, 63.572, -59.758, -0.094, 4.712, 277.450, 33.492, 5.750, 491.819, 63.569, -59.807, 0.094, 4.712, 252.550, 33.490
5.760, 531.559, 62.974, -59.759, -0.097, 4.712, 277.450, 32.862, 5.760, 492.448, 62.971, -59.806, 0.097, 4.712, 252.550, 32.860
5.770, 532.183, 62.376, -59.760, -0.099, 4.712, 277.450, 32.239, 5.770, 493.072, 62.373, -59.805, 0.099, 4.712, 252.550, 32.237
5.780, 532.801, 61.779, -59.761, -0.101, 4.712, 277.450, 31.621, 5.780, 493.690, 61.774, -59.804, 0.101, 4.712, 252.550, 31.619
5.790, 533.413, 61.181, -59.762, -0.102, 4.712, 277.451, 31.009, 5.790, 494.302, 61.176, -59.803, 0.102, 4.712, 252.551, 31.007
5.800, 534.019, 60.584, -59.763, -0.103, 4.712, 277.451, 30.403, 5.800, 494.907, 60.578, -59.802, 0.103, 4.712, 252.551, 30.401
5.810, 534.618, 59.986, -59.764, -0.104, 4.712, 277.451, 29.803, 5.810, 495.507, 59.980, -59.801, 0.104, 4.712, 252.551, 29.802
5.820, 535.212, 59.388, -59.766, -0.104, 4.712, 277.451, 29.209, 5.820, 496.101, 59.382, -59.800, 0.104, 4.712, 252.551, 29.208
5.830, 535.800, 58.791, -59.767, -0.104, 4.712, 277.451, 28.621, 5.830, 496.689, 58.784, -59.799, 0.104, 4.712, 252.551, 28.620
5.840, 536.382, 58.193, -59.768, -0.104, 4.712, 277.451, 28.040, 5.840, 497.271, 58.186, -59.798, 0.104, 4.712, 252.551, 28.038
5.850, 536.958, 57.595, -59.769, -0.104, 4.712, 277.451, 27.464, 5.850, 497.847, 57.589, -59.797, 0.104, 4.712, 252.551, 27.462
5.860, 537.528, 56.998, -59.770, -0.103, 4.712, 277.451, 26.894, 5.860, 498.416, 56.991, -59.796, 0.103, 4.712, 252.551, 26.892
5.870, 538.092, 56.400, -59.771, -0.103, 4.712, 277.451, 26.330, 5.870, 498.980, 56.393, -59.795, 0.103, 4.712, 252.551, 26.328
5.880, 538.650, 55.802, -59.772, -0.102, 4.712, 277.451, 25.772, 5.880, 499.538, 55.795, -59.793, 0.102, 4.712, 252.551, 25.770
5.890, 539.202, 55.204, -59.773, -0.100, 4.712, 277.451, 25.220, 5.890, 500.090, 55.197, -59.792, 0.100, 4.712, 252.551, 25.218
5.900, 539.748, 54.607, -59.774, -0.099, 4.712, 277.451, 24.674, 5.900, 500.636, 54.599, -59.791, 0.099, 4.712, 252.551, 24.672
5.910, 540.288, 54.009, -59.775, -0.097, 4.712, 277.451, 24.133, 5.910, 501.176, 54.001, -59.791, 0.097, 4.712, 252.551, 24.132
5.920, 540.822, 53.411, -59.776, -0.096, 4.712, 277.451, 23.599, 5.920, 501.710, 53.403, -59.790, 0.096, 4.712, 252.551, 23.598
5.930, 541.351, 52.813, -59.777, -0.094, 4.712, 277.451, 23.071, 5.930, 502.238, 52.805, -59.789, 0.094, 4.712, 252.551, 23.070
5.940, 541.873, 52.216, -59.778, -0.092, 4.712, 277.451, 22.549, 5.940, 502.760, 52.207, -59.788, 0.092, 4.712, 252.551, 22.548
5.950, 542.389, 51.618, -59.778, -0.089, 4.712, 277.451, 22.033, 5.950, 503.277, 51.609, -59.787, 0.089, 4.712, 252.551, 22.032
5.960, 542.899, 51.020, -59.779, -0.087, 4.712, 277.451, 21.523, 5.960, 503.787, 51.012, -59.786, 0.087, 4.712, 252.551, 21.522
5.970, 543.403, 50.422, -59.780, -0.085, 4.712, 277.451, 21.018, 5.970, 504.291, 50.414, -59.785, 0.085, 4.712, 252.551, 21.018
5.980, 543.902, 49.824, -59.781, -0.082, 4.712, 277.451, 20.520, 5.980, 504.789, 49.816, -59.784, 0.082, 4.712, 252.551, 20.520
5.990, 544.394, 49.227, -59.782, -0.079, 4.712, 277.451, 20.028, 5.990, 505.281, 49.218, -59.783, 0.079, 4.712, 252.551, 20.028
6.000, 544.880, 48.629, -59.782, -0.077, 4.712, 277.451, 19.542, 6.000, 505.767, 48.620, -59.783, 0.077, 4.712, 252.551, 19.541
6.010, 545.360, 48.031, -59.783, -0.074, 4.712, 277.451, 19.061, 6.010, 506.248, 48.022, -59.782, 0.074, 4.712, 252.551, 19.061
6.020, 545.835, 47.433, -59.784, -0.071, 4.712, 277.451, 18.587, 6.020, 506.722, 47.425, -59.781, 0.071, 4.712, 252.551, 18.587
6.030, 546.303, 46.835, -59.785, -0.068, 4.712, 277.451, 18.119, 6.030, 507.190, 46.827, -59.781, 0.068, 4.712, 252.551, 18.119
6.040, 546.765, 46.237, -59.785, -0.065, 4.712, 277.451, 17.656, 6.040, 507.652, 46.229, -59.780, 0.065, 4.712, 252.551, 17.656
6.050, 547.222, 45.640, -59.786, -0.062, 4.712, 277.451, 17.200, 6.050, 508.109, 45.631, -59.779, 0.062, 4.712, 252.551, 17.200
6.060, 547.672, 45.042, -59.787, -0.059, 4.712, 277.451, 16.749, 6.060, 508.559, 45.033, -59.779, 0.059, 4.712, 252.551, 16.750
6.070, 548.117, 44.444, -59.787, -0.056, 4.712, 277.451, 16.305, 6.070, 509.003, 44.436, -59.778, 0.056, 4.712, 252.551, 16.305
6.080, 548.555, 43.846, -59.788, -0.053, 4.712, 277.451, 15.867, 6.080, 509.442, 43.838, -59.778, 0.053, 4.712, 252.551, 15.867
6.090, 548.988, 43.248, -59.788, -0.050, 4.712, 277.451, 15.434, 6.090, 509.874, 43.240, -59.777, 0.050, 4.712, 252.551, 15.435
6.100, 549.414, 42.650, -59.789, -0.047, 4.712, 277.451, 15.008, 6.100, 510.301, 42.642, -59.777, 0.047, 4.712, 252.551, 15.008
6.110, 549.835, 42.052, -59.789, -0.044, 4.712, 277.451, 14.587, 6.110, 510.721, 42.045, -59.776, 0.044, 4.712, 252.551, 14.588
6.120, 550.249, 41.454, -59.789, -0.041, 4.712, 277.451, 14.173, 6.120, 511.136, 41.447, -59.776, 0.041, 4.712, 252.551, 14.173
6.130, 550.658, 40.856, -59.790, -0.038, 4.712, 277.451, 13.764, 6.130, 511.544, 40.849, -59.775, 0.038, 4.712, 252.551, 13.765
6.140, 551.060, 40.259, -59.790, -0.035, 4.712, 277.451, 13.361, 6.140, 511.947, 40.251, -59.775, 0.035, 4.712, 252.551, 13.362
6.150, 551.457, 39.661, -59.790, -0.032, 4.712, 277.451, 12.965, 6.150, 512.343, 39.654, -59.775, 0.032, 4.712, 252.551, 12.966
6.160, 551.848, 39.063, -59.791, -0.029, 4.712, 277.451, 12.574, 6.160, 512.734, 39.056, -59.774, 0.029, 4.712, 252.551, 12.575
6.170, 552.232, 38.465, -59.791, -0.027, 4.712, 277.451, 12.189, 6.170, 513.118, 38.458, -59.774, 0.027, 4.712, 252.551, 12.191
6.180, 552.611, 37.867, -59.791, -0.024, 4.712, 277.451, 11.811, 6.180, 513.497, 37.860, -59.774, 0.024, 4.712, 252.551, 11.812
6.190, 552.984, 37.269, -59.792, -0.021, 4.712, 277.451, 11.438, 6.190, 513.869, 37.263, -59.774, 0.021, 4.712, 252.551, 11.439
6.200, 553.350, 36.671, -59.792, -0.018, 4.712, 277.451, 11.071, 6.200, 514.236, 36.665, -59.774, 0.018, 4.712, 252.551, 11.073
6.210, 553.711, 36.073, -59.792, -0.016, 4.712, 277.451, 10.711, 6.210, 514.597, 36.067, -59.773, 0.016, 4.712, 252.551, 10.712
6.220, 554.066, 35.475, -59.792, -0.013, 4.712, 277.451, 10.356, 6.220, 514.951, 35.469, -59.773, 0.013, 4.712, 252.551, 10.357
6.230, 554.415, 34.877, -59.792, -0.010, 4.712, 277.451, 10.007, 6.230, 515.300, 34.872, -59.773, 0.010, 4.712, 252.551, 10.009
6.240, 554.757, 34.279, -59.792, -0.008, 4.712, 277.451, 9.664, 6.240, 515.643, 34.274, -59.773, 0.008, 4.712, 252.551, 9.666
6.250, 555.094, 33.681, -59.792, -0.006, 4.712, 277.451, 9.328, 6.250, 515.980, 33.676, -59.773, 0.006, 4.712, 252.551, 9.329
6.260, 555.425, 33.084, -59.792, -0.003, 4.712, 277.451, 8.997, 6.260, 516.310, 33.078, -59.773, 0.003, 4.712, 252.551, 8.998
6.270, 555.750, 32.486, -59.792, -0.001, 4.712, 277.451, 8.672, 6.270, 516.635, 32.481, -59.773, 0.001, 4.712, 252.551, 8.673
6.280, 556.069, 31.888, -59.792, 0.001, 4.712, 277.451, 8.353, 6.280, 516.954, 31.883, -59.773, -0.001, 4.712, 252.551, 8.355
6.290, 556.382, 31.290, -59.792, 0.003, 4.712, 277.451, 8.040, 6.290, 517.267, 31.285, -59.773, -0.003, 4.712, 252.551, 8.042
6.300, 556.689, 30.692, -59.792, 0.005, 4.712, 277.451, 7.733, 6.300, 517.574, 30.688, -59.773, -0.005, 4.712, 252.551, 7.735
6.310, 556.989, 30.094, -59.792, 0.007, 4.712, 277.451, 7.432, 6.310, 517.875, 30.090, -59.773, -0.007, 4.712, 252.551, 7.434
6.320, 557.284, 29.496, -59.792, 0.009, 4.712, 277.451, 7.137, 6.320, 518.170, 29.492, -59.773, -0.009, 4.712, 252.551, 7.139
6.330, 557.573, 28.898, -59.792, 0.011, 4.712, 277.451, 6.848, 6.330, 518.459, 28.894, -59.773, -0.011, 4.712, 252.551, 6.850
6.340, 557.856, 28.300, -59.792, 0.013, 4.712, 277.451, 6.565, 6.340, 518.742, 28.297, -59.773, -0.013, 4.712, 252.551, 6.567
6.350, 558.133, 27.702, -59.792, 0.014, 4.712, 277.451, 6.288, 6.350, 519.019, 27.699, -59.774, -0.014, 4.712, 252.551, 6.290
6.360, 558.405, 27.104, -59.791, 0.016, 4.712, 277.451, 6.017, 6.360, 519.290, 27.101, -59.774, -0.016, 4.712, 252.551, 6.019
6.370, 558.670, 26.506, -59.791, 0.017, 4.712, 277.451, 5.752, 6.370, 519.555, 26.503, -59.774, -0.017, 4.712, 252.551, 5.754
6.380, 558.929, 25.909, -59.791, 0.018, 4.712, 277.451, 5.493, 6.380, 519.814, 25.906, -59.774, -0.018, 4.712, 252.551, 5.495
6.390, 559.182, 25.311, -59.791, 0.020, 4.712, 277.450, 5.240, 6.390, 520.067, 25.308, -59.774, -0.020, 4.712, 252.550, 5.242
6.400, 559.429, 24.713, -59.791, 0.021, 4.712, 277.450, 4.993, 6.400, 520.314, 24.710, -59.775, -0.021, 4.712, 252.550, 4.995
6.410, 559.670, 24.115, -59.790, 0.022, 4.712, 277.450, 4.752, 6.410, 520.555, 24.112, -59.775, -0.022, 4.712, 252.550, 4.754
6.420, 559.905, 23.517, -59.790, 0.023, 4.712, 277.450, 4.516, 6.420, 520.790, 23.515, -59.775, -0.023, 4.712, 252.550, 4.519
6.430, 560.134, 22.919, -59.790, 0.024, 4.712, 277.450, 4.287, 6.430, 521.019, 22.917, -59.775, -0.024, 4.712, 252.550, 4.289
6.440, 560.358, 22.321, -59.790, 0.024, 4.712, 277.450, 4.064, 6.440, 521.242, 22.319, -59.775, -0.024, 4.712, 252.550, 4.066
6.450, 560.575, 21.723, -59.790, 0.025, 4.712, 277.450, 3.847, 6.450, 521.460, 21.721, -59.776, -0.025, 4.712, 252.550, 3.849
6.460, 560.786, 21.125, -59.789, 0.026, 4.712, 277.450, 3.636, 6.460, 521.671, 21.124, -59.776, -0.026, 4.712, 252.550, 3.638
6.470, 560.991, 20.527, -59.789, 0.026, 4.712, 277.450, 3.430, 6.470, 521.876, 20.526, -59.776, -0.026, 4.712, 252.550, 3.433
6.480, 561.191, 19.930, -59.789, 0.026, 4.712, 277.450, 3.231, 6.480, 522.075, 19.928, -59.776, -0.026, 4.712, 252.550, 3.233
6.490, 561.384, 19.332, -59.788, 0.027, 4.712, 277.450, 3.038, 6.490, 522.269, 19.330, -59.777, -0.027, 4.712, 252.550, 3.040
6.500, 561.571, 18.734, -59.788, 0.027, 4.712, 277.450, 2.850, 6.500, 522.456, 18.733, -59.777, -0.027, 4.712, 252.550, 2.853
6.510, 561.753, 18.136, -59.788, 0.027, 4.712, 277.450, 2.669, 6.510, 522.637, 18.135, -59.777, -0.027, 4.712, 252.550, 2.671
6.520, 561.928, 17.538, -59.788, 0.027, 4.712, 277.450, 2.494, 6.520, 522.813, 17.537, -59.778, -0.027, 4.712, 252.550, 2.496
6.530, 562.097, 16.940, -59.787, 0.027, 4.712, 277.450, 2.324, 6.530, 522.982, 16.939, -59.778, -0.027, 4.712, 252.550, 2.327
6.540, 562.261, 16.342, -59.787, 0.027, 4.712, 277.450, 2.161, 6.540, 523.146, 16.341, -59.778, -0.027, 4.712, 252.550, 2.163
6.550, 562.418, 15.744, -59.787, 0.027, 4.712, 277.450, 2.003, 6.550, 523.303, 15.744, -59.778, -0.027, 4.712, 252.550, 2.006
6.560, 562.570, 15.147, -59.787, 0.026, 4.712, 277.450, 1.852, 6.560, 523.454, 15.146, -59.779, -0.026, 4.712, 252.550, 1.854
6.570, 562.715, 14.549, -59.786, 0.026, 4.712, 277.450, 1.706, 6.570, 523.600, 14.548, -59.779, -0.026, 4.712, 252.550, 1.709
6.580, 562.855, 13.951, -59.786, 0.026, 4.712, 277.450, 1.567, 6.580, 523.739, 13.950, -59.779, -0.026, 4.712, 252.550, 1.569
6.590, 562.988, 13.353, -59.786, 0.025, 4.712, 277.450, 1.433, 6.590, 523.873, 13.352, -59.779, -0.025, 4.712, 252.550, 1.436
6.600, 563.116, 12.755, -59.786, 0.025, 4.712, 277.450, 1.306, 6.600, 524.001, 12.755, -59.780, -0.025, 4.712, 252.550, 1.308
6.610, 563.237, 12.157, -59.785, 0.024, 4.712, 277.450, 1.184, 6.610, 524.122, 12.157, -59.780, -0.024, 4.712, 252.550, 1.187
6.620, 563.353, 11.559, -59.785, 0.023, 4.712, 277.450, 1.069, 6.620, 524.238, 11.559, -59.780, -0.023, 4.712, 252.550, 1.071
6.630, 563.463, 10.962, -59.785, 0.023, 4.712, 277.450, 0.959, 6.630, 524.347, 10.961, -59.780, -0.023, 4.712, 252.550, 0.961
6.640, 563.566, 10.364, -59.785, 0.022, 4.712, 277.450, 0.855, 6.640, 524.451, 10.363, -59.781, -0.022, 4.712, 252.550, 0.858
6.650, 563.664, 9.766, -59.784, 0.021, 4.712, 277.450, 0.758, 6.650, 524.549, 9.766, -59.781, -0.021, 4.712, 252.550, 0.760
6.660, 563.756, 9.168, -59.784, 0.020, 4.712, 277.450, 0.666, 6.660, 524.640, 9.168, -59.781, -0.020, 4.712, 252.550, 0.668
6.670, 563.841, 8.570, -59.784, 0.019, 4.712, 277.450, 0.580, 6.670, 524.726, 8.570, -59.781, -0.019, 4.712, 252.550, 0.583
6.680, 563.921, 7.972, -59.784, 0.018, 4.712, 277.450, 0.501, 6.680, 524.806, 7.972, -59.781, -0.018, 4.712, 252.550, 0.503
6.690, 563.995, 7.375, -59.784, 0.017, 4.712, 277.450, 0.427, 6.690, 524.879, 7.374, -59.782, -0.017, 4.712, 252.550, 0.429
6.700, 564.063, 6.777, -59.784, 0.016, 4.712, 277.450, 0.359, 6.700, 524.947, 6.777, -59.782, -0.016, 4.712, 252.550, 0.362
6.710, 564.124, 6.179, -59.783, 0.015, 4.712, 277.450, 0.297, 6.710, 525.009, 6.179, -59.782, -0.015, 4.712, 252.550, 0.300
6.720, 564.180, 5.581, -59.783, 0.014, 4.712, 277.450, 0.242, 6.720, 525.065, 5.581, -59.782, -0.014, 4.712, 252.550, 0.244
6.730, 564.230, 4.983, -59.783, 0.012, 4.712, 277.450, 0.192, 6.730, 525.115, 4.983, -59.782, -0.012, 4.712, 252.550, 0.194
6.740, 564.274, 4.385, -59.783, 0.011, 4.712, 277.450, 0.148, 6.740, 525.158, 4.385, -59.782, -0.011, 4.712, 252.550, 0.150
6.750, 564.312, 3.788, -59.783, 0.010, 4.712, 277.450, 0.110, 6.750, 525.196, 3.788, -59.782, -0.010, 4.712, 252.550, 0.112
6.760, 564.344, 3.190, -59.783, 0.009, 4.712, 277.450, 0.078, 6.760, 525.228, 3.190, -59.782, -0.009, 4.712, 252.550, 0.080
6.770, 564.370, 2.592, -59.783, 0.007, 4.712, 277.450, 0.052, 6.770, 525.254, 2.592, -59.782, -0.007, 4.712, 252.550, 0.055
6.780, 564.389, 1.994, -59.783, 0.006, 4.712, 277.450, 0.032, 6.780, 525.274, 1.994, -59.782, -0.006, 4.712, 252.550, 0.035
6.790, 564.404, 1.429, -56.472, 331.055, 4.712, 277.450, 0.018, 6.790, 525.288, 1.429, -56.472, 331.046, 4.712, 252.550, 0.020
6.800, 564.413, 0.948, -48.180, 829.242, 4.712, 277.450, 0.008, 6.800, 525.298, 0.948, -48.180, 829.236, 4.712, 252.550, 0.011
6.810, 564.419, 0.565, -38.216, 996.379, 4.712, 277.450, 0.003, 6.810, 525.304, 0.565, -38.216, 996.375, 4.712, 252.550, 0.005
6.820, 564.422, 0.283, -28.252, 996.378, 4.712, 277.450, -0.000, 6.820, 525.306, 0.283, -28.252, 996.376, 4.712, 252.550, 0.002
6.830, 564.423, 0.100, -18.288, 996.377, 4.712, 277.450, -0.001, 6.830, 525.307, 0.100, -18.288, 996.376, 4.712, 252.550, 0.001
6.840, 564.423, 0.017, -8.325, 996.377, 4.712, 277.450, -0.001, 6.840, 525.308, 0.017, -8.325, 996.377, 4.712, 252.550, 0.001
6.850, 564.423, 0.000, -1.671, 665.326, 4.712, 277.450, -0.001, 6.850, 525.308, 0.000, -1.671, 665.326, 4.712, 252.550, 0.001
