0.000, 0.000, 0.060, 5.975, 597.465, 1.571, -12.450, 0.001, 0.000, 0.000, 0.060, 5.975, 597.465, 1.571, 12.450, -0.001
0.010, 0.001, 0.119, 5.975, 0.006, 1.571, -12.450, 0.003, 0.010, 0.001, 0.119, 5.975, -0.006, 1.571, 12.450, 0.000
0.020, 0.004, 0.269, 14.937, 896.229, 1.571, -12.450, 0.005, 0.020, 0.004, 0.269, 14.936, 896.166, 1.571, 12.450, 0.003
0.030, 0.009, 0.478, 20.913, 597.564, 1.571, -12.450, 0.010, 0.030, 0.009, 0.478, 20.910, 597.365, 1.571, 12.450, 0.008
0.040, 0.016, 0.747, 26.890, 597.694, 1.571, -12.450, 0.018, 0.040, 0.016, 0.747, 26.882, 597.236, 1.571, 12.450, 0.015
0.050, 0.027, 1.076, 32.869, 597.906, 1.571, -12.450, 0.028, 0.050, 0.027, 1.075, 32.852, 597.024, 1.571, 12.450, 0.026
0.060, 0.042, 1.464, 38.851, 598.220, 1.571, -12.450, 0.043, 0.060, 0.042, 1.463, 38.820, 596.709, 1.571, 12.450, 0.041
0.070, 0.061, 1.912, 44.837, 598.658, 1.571, -12.450, 0.062, 0.070, 0.061, 1.911, 44.782, 596.271, 1.571, 12.450, 0.060
0.080, 0.085, 2.421, 50.830, 599.240, 1.571, -12.450, 0.086, 0.080, 0.085, 2.419, 50.739, 595.690, 1.571, 12.450, 0.084
0.090, 0.115, 2.989, 56.830, 599.984, 1.571, -12.450, 0.116, 0.090, 0.115, 2.986, 56.689, 594.946, 1.571, 12.450, 0.114
0.100, 0.151, 3.617, 62.839, 600.911, 1.571, -12.450, 0.152, 0.100, 0.151, 3.612, 62.629, 594.018, 1.571, 12.450, 0.150
0.110, 0.194, 4.306, 68.859, 602.041, 1.571, -12.450, 0.195, 0.110, 0.194, 4.297, 68.558, 592.889, 1.571, 12.450, 0.193
0.120, 0.245, 5.055, 74.893, 603.391, 1.571, -12.450, 0.246, 0.120, 0.244, 5.042, 74.473, 591.539, 1.571, 12.450, 0.243
0.130, 0.303, 5.864, 80.943, 604.980, 1.571, -12.450, 0.305, 0.130, 0.303, 5.846, 80.373, 589.950, 1.571, 12.450, 0.302
0.140, 0.371, 6.735, 87.011, 606.826, 1.571, -12.450, 0.372, 0.140, 0.370, 6.708, 86.254, 588.104, 1.571, 12.450, 0.369
0.150, 0.447, 7.666, 93.101, 608.946, 1.571, -12.450, 0.449, 0.150, 0.446, 7.630, 92.113, 585.984, 1.571, 12.450, 0.445
0.160, 0.534, 8.658, 99.214, 611.355, 1.571, -12.450, 0.535, 0.160, 0.532, 8.609, 97.949, 583.574, 1.571, 12.450, 0.531
0.170, 0.631, 9.711, 105.355, 614.073, 1.571, -12.450, 0.632, 0.170, 0.629, 9.647, 103.758, 580.858, 1.571, 12.450, 0.628
0.180, 0.739, 10.826, 111.526, 617.111, 1.571, -12.450, 0.741, 0.180, 0.736, 10.742, 109.536, 577.819, 1.571, 12.450, 0.735
0.190, 0.859, 12.004, 117.731, 620.487, 1.571, -12.450, 0.861, 0.190, 0.855, 11.895, 115.280, 574.443, 1.571, 12.450, 0.854
0.200, 0.992, 13.213, 120.969, 323.798, 1.570, -12.450, 0.993, 0.200, 0.986, 13.075, 118.017, 273.667, 1.570, 12.450, 0.985
0.210, 1.136, 14.426, 121.232, 26.268, 1.570, -12.450, 1.137, 0.210, 1.129, 14.253, 117.754, -26.267, 1.570, 12.450, 1.127
0.220, 1.292, 15.641, 121.517, 28.524, 1.570, -12.450, 1.293, 0.220, 1.283, 15.427, 117.469, -28.525, 1.570, 12.450, 1.282
0.230, 1.461, 16.859, 121.824, 30.762, 1.570, -12.450, 1.462, 0.230, 1.449, 16.599, 117.162, -30.761, 1.570, 12.450, 1.448
0.240, 1.642, 18.081, 122.154, 32.981, 1.570, -12.450, 1.643, 0.240, 1.626, 17.767, 116.832, -32.981, 1.570, 12.450, 1.625
0.250, 1.835, 19.306, 122.506, 35.188, 1.570, -12.449, 1.836, 0.250, 1.816, 18.932, 116.480, -35.189, 1.570, 12.451, 1.815
0.260, 2.040, 20.535, 122.880, 37.390, 1.570, -12.449, 2.041, 0.260, 2.017, 20.093, 116.106, -37.390, 1.570, 12.451, 2.016
0.270, 2.258, 21.767, 123.276, 39.593, 1.570, -12.449, 2.259, 0.270, 2.229, 21.250, 115.710, -39.593, 1.570, 12.451, 2.228
0.280, 2.488, 23.004, 123.694, 41.805, 1.569, -12.449, 2.489, 0.280, 2.453, 22.403, 115.292, -41.806, 1.569, 12.451, 2.452
0.290, 2.730, 24.246, 124.134, 44.039, 1.569, -12.448, 2.731, 0.290, 2.689, 23.552, 114.852, -44.037, 1.569, 12.452, 2.688
0.300, 2.985, 25.492, 124.597, 46.300, 1.569, -12.448, 2.986, 0.300, 2.936, 24.695, 114.389, -46.302, 1.569, 12.452, 2.935
0.310, 3.253, 26.742, 125.083, 48.610, 1.568, -12.447, 3.254, 0.310, 3.194, 25.834, 113.903, -48.609, 1.568, 12.453, 3.193
0.320, 3.533, 27.998, 125.593, 50.977, 1.568, -12.446, 3.534, 0.320, 3.464, 26.968, 113.393, -50.976, 1.568, 12.454, 3.463
0.330, 3.825, 29.260, 126.127, 53.418, 1.567, -12.445, 3.826, 0.330, 3.745, 28.097, 112.859, -53.420, 1.567, 12.454, 3.744
0.340, 4.130, 30.527, 126.687, 55.956, 1.567, -12.444, 4.132, 0.340, 4.037, 29.220, 112.299, -55.953, 1.567, 12.455, 4.036
0.350, 4.448, 31.799, 127.273, 58.602, 1.566, -12.443, 4.450, 0.350, 4.340, 30.337, 111.713, -58.605, 1.566, 12.457, 4.339
0.360, 4.779, 33.078, 127.887, 61.389, 1.566, -12.441, 4.780, 0.360, 4.655, 31.448, 111.099, -61.387, 1.566, 12.458, 4.654
0.370, 5.123, 34.363, 128.530, 64.331, 1.565, -12.440, 5.124, 0.370, 4.980, 32.553, 110.456, -64.333, 1.565, 12.460, 4.979
0.380, 5.479, 35.655, 129.205, 67.464, 1.564, -12.437, 5.481, 0.380, 5.317, 33.650, 109.781, -67.464, 1.564, 12.462, 5.316
0.390, 5.849, 36.955, 129.913, 70.811, 1.563, -12.435, 5.850, 0.390, 5.664, 34.741, 109.073, -70.814, 1.563, 12.465, 5.663
0.400, 6.232, 38.261, 130.657, 74.414, 1.562, -12.432, 6.233, 0.400, 6.022, 35.824, 108.329, -74.408, 1.562, 12.467, 6.021
0.410, 6.627, 39.576, 131.440, 78.290, 1.561, -12.428, 6.628, 0.410, 6.391, 36.900, 107.546, -78.299, 1.561, 12.471, 6.390
0.420, 7.036, 40.898, 132.265, 82.506, 1.560, -12.424, 7.037, 0.420, 6.771, 37.967, 106.721, -82.506, 1.560, 12.475, 6.770
0.430, 7.459, 42.230, 133.136, 87.089, 1.559, -12.419, 7.460, 0.430, 7.161, 39.026, 105.850, -87.088, 1.559, 12.479, 7.160
0.440, 7.894, 43.570, 134.057, 92.093, 1.557, -12.414, 7.895, 0.440, 7.562, 40.075, 104.929, -92.093, 1.557, 12.484, 7.561
0.450, 8.343, 44.920, 135.033, 97.571, 1.556, -12.407, 8.344, 0.450, 7.973, 41.114, 103.953, -97.579, 1.556, 12.490, 7.972
0.460, 8.806, 46.281, 136.068, 103.598, 1.554, -12.400, 8.807, 0.460, 8.395, 42.144, 102.917, -103.598, 1.554, 12.497, 8.393
0.470, 9.283, 47.653, 137.171, 110.232, 1.552, -12.392, 9.284, 0.470, 8.826, 43.162, 101.815, -110.232, 1.552, 12.504, 8.825
0.480, 9.773, 49.036, 138.346, 117.550, 1.550, -12.382, 9.774, 0.480, 9.268, 44.168, 100.639, -117.564, 1.550, 12.513, 9.266
0.490, 10.278, 50.432, 139.603, 125.669, 1.548, -12.371, 10.278, 0.490, 9.720, 45.162, 99.383, -125.660, 1.548, 12.522, 9.718
0.500, 10.796, 51.842, 140.949, 134.648, 1.546, -12.359, 10.796, 0.500, 10.181, 46.142, 98.036, -134.661, 1.546, 12.533, 10.179
0.510, 11.329, 53.266, 142.396, 144.642, 1.544, -12.345, 11.329, 0.510, 10.652, 47.108, 96.590, -144.652, 1.544, 12.546, 10.650
0.520, 11.876, 54.705, 143.954, 155.775, 1.541, -12.330, 11.876, 0.520, 11.133, 48.059, 95.032, -155.775, 1.541, 12.559, 11.131
0.530, 12.437, 56.162, 145.636, 168.189, 1.538, -12.312, 12.437, 0.530, 11.623, 48.992, 93.350, -168.193, 1.538, 12.575, 11.620
0.540, 13.014, 57.636, 147.456, 182.058, 1.535, -12.292, 13.013, 0.540, 12.122, 49.907, 91.529, -182.084, 1.535, 12.592, 12.119
0.550, 13.605, 59.131, 149.432, 197.622, 1.532, -12.270, 13.604, 0.550, 12.630, 50.803, 89.553, -197.624, 1.532, 12.611, 12.627
0.560, 14.211, 60.646, 151.583, 215.070, 1.528, -12.245, 14.210, 0.560, 13.147, 51.677, 87.402, -215.087, 1.528, 12.632, 13.143
0.570, 14.833, 62.186, 153.930, 234.706, 1.524, -12.217, 14.831, 0.570, 13.672, 52.527, 85.055, -234.724, 1.524, 12.656, 13.668
0.580, 15.471, 63.751, 156.499, 256.845, 1.520, -12.186, 15.468, 0.580, 14.205, 53.352, 82.486, -256.860, 1.520, 12.682, 14.201
0.590, 16.124, 65.344, 159.317, 281.850, 1.515, -12.151, 16.120, 0.590, 14.747, 54.149, 79.667, -281.877, 1.515, 12.710, 14.741
0.600, 16.794, 66.968, 162.419, 310.172, 1.511, -12.113, 16.789, 0.600, 15.296, 54.915, 76.565, -310.204, 1.511, 12.742, 15.290
0.610, 17.480, 68.626, 165.842, 342.325, 1.505, -12.070, 17.474, 0.610, 15.852, 55.646, 73.142, -342.358, 1.505, 12.777, 15.845
0.620, 18.183, 70.323, 169.631, 378.914, 1.500, -12.022, 18.176, 0.620, 16.416, 56.340, 69.352, -378.949, 1.500, 12.815, 16.407
0.630, 18.904, 72.061, 173.838, 420.650, 1.494, -11.968, 18.894, 0.630, 16.986, 56.991, 65.145, -420.704, 1.494, 12.858, 16.975
0.640, 19.642, 73.846, 178.522, 468.402, 1.487, -11.909, 19.630, 0.640, 17.562, 57.596, 60.461, -468.461, 1.487, 12.904, 17.550
0.650, 20.399, 75.684, 183.753, 523.172, 1.480, -11.843, 20.384, 0.650, 18.143, 58.148, 55.228, -523.241, 1.480, 12.955, 18.129
0.660, 21.175, 77.580, 189.615, 586.174, 1.472, -11.770, 21.157, 0.660, 18.730, 58.642, 49.366, -586.246, 1.472, 13.010, 18.713
0.670, 21.971, 79.542, 196.203, 658.817, 1.464, -11.689, 21.948, 0.670, 19.320, 59.069, 42.776, -658.937, 1.464, 13.070, 19.300
0.680, 22.786, 81.578, 203.632, 742.868, 1.455, -11.598, 22.759, 0.680, 19.914, 59.423, 35.346, -742.997, 1.455, 13.136, 19.891
0.690, 23.623, 83.699, 212.036, 840.362, 1.446, -11.498, 23.590, 0.690, 20.511, 59.692, 26.941, -840.497, 1.446, 13.208, 20.483
0.700, 24.482, 85.914, 221.573, 953.712, 1.435, -11.386, 24.441, 0.700, 21.110, 59.866, 17.402, -953.921, 1.435, 13.285, 21.077
0.710, 25.365, 88.239, 232.432, 1085.917, 1.424, -11.262, 25.315, 0.710, 21.709, 59.932, 6.541, -1086.148, 1.424, 13.370, 21.670
0.720, 26.272, 90.687, 244.836, 1240.402, 1.412, -11.124, 26.211, 0.720, 22.308, 59.873, -5.866, -1240.701, 1.412, 13.461, 22.262
0.730, 27.204, 93.278, 259.049, 1421.303, 1.398, -10.970, 27.131, 0.730, 22.905, 59.672, -20.083, -1421.678, 1.398, 13.559, 22.851
0.740, 28.165, 96.031, 275.383, 1633.432, 1.383, -10.798, 28.076, 0.740, 23.498, 59.308, -36.422, -1633.893, 1.383, 13.666, 23.434
0.750, 29.155, 98.974, 294.206, 1882.300, 1.367, -10.606, 29.047, 0.750, 24.085, 58.755, -55.251, -1882.903, 1.367, 13.780, 24.010
0.760, 30.176, 102.133, 315.948, 2174.138, 1.349, -10.390, 30.045, 0.760, 24.665, 57.985, -77.000, -2174.907, 1.349, 13.902, 24.577
0.770, 31.231, 105.544, 341.104, 2515.620, 1.330, -10.149, 31.073, 0.770, 25.235, 56.964, -102.166, -2516.570, 1.330, 14.032, 25.132
0.780, 32.324, 109.246, 370.237, 2913.268, 1.308, -9.877, 32.131, 0.780, 25.791, 55.651, -131.311, -2914.541, 1.308, 14.171, 25.671
0.790, 33.457, 113.286, 403.963, 3372.646, 1.285, -9.570, 33.221, 0.790, 26.331, 54.000, -165.054, -3374.268, 1.285, 14.317, 26.191
0.800, 34.634, 117.715, 442.924, 3896.100, 1.258, -9.223, 34.346, 0.800, 26.851, 51.960, -204.036, -3898.209, 1.258, 14.470, 26.687
0.810, 35.860, 122.593, 487.719, 4479.517, 1.229, -8.829, 35.507, 0.810, 27.346, 49.471, -248.858, -4482.237, 1.229, 14.629, 27.156
0.820, 37.139, 127.936, 534.332, 4661.248, 1.196, -8.380, 36.705, 0.820, 27.810, 46.456, -301.480, -5262.179, 1.196, 14.792, 27.591
0.830, 38.477, 133.756, 582.060, 4772.823, 1.160, -7.868, 37.941, 0.830, 28.239, 42.844, -361.201, -5972.053, 1.160, 14.956, 27.987
0.840, 39.878, 140.096, 633.964, 5190.406, 1.119, -7.282, 39.213, 0.840, 28.625, 38.593, -425.107, -6390.674, 1.119, 15.117, 28.337
0.850, 41.347, 146.973, 687.699, 5373.507, 1.073, -6.611, 40.521, 0.850, 28.962, 33.685, -490.856, -6574.896, 1.073, 15.270, 28.637
0.860, 42.891, 154.362, 738.925, 5122.571, 1.023, -5.840, 41.858, 0.860, 29.243, 28.144, -554.106, -6324.981, 1.023, 15.411, 28.881
0.870, 44.513, 162.168, 780.545, 4162.024, 0.966, -4.957, 43.218, 0.870, 29.464, 22.066, -607.756, -5364.980, 0.966, 15.531, 29.066
0.880, 46.214, 170.189, 802.161, 2161.618, 0.904, -3.947, 44.588, 0.880, 29.620, 15.652, -641.397, -3364.119, 0.904, 15.623, 29.193
0.890, 47.995, 178.093, 790.337, -1182.439, 0.836, -2.799, 45.950, 0.890, 29.713, 9.236, -641.575, -17.817, 0.836, 15.682, 29.263
0.900, 49.849, 185.398, 730.531, -5980.623, 0.763, -1.508, 47.280, 0.900, 29.746, 3.299, -593.720, 4785.487, 0.763, 15.705, 29.287
0.910, 51.765, 191.512, 611.359, -11917.115, 0.686, -0.074, 48.549, 0.910, 29.761, 1.566, -173.351, 42036.975, 0.686, 15.693, 29.277
0.920, 53.723, 195.818, 430.637, -18072.209, 0.605, 1.491, 49.727, 0.920, 29.809, 4.741, 317.507, 49085.725, 0.605, 15.655, 29.249
0.930, 55.701, 197.823, 200.496, -23014.112, 0.523, 3.162, 50.785, 0.930, 29.866, 5.732, 99.109, -21839.708, 0.523, 15.607, 29.218
0.940, 57.674, 197.298, -52.463, -25295.957, 0.442, 4.910, 51.701, 0.940, 29.909, 4.310, -142.157, -24126.662, 0.442, 15.569, 29.198
0.950, 59.617, 194.357, -294.131, -24166.731, 0.364, 6.697, 52.463, 0.950, 29.915, 0.590, -372.047, -22988.977, 0.364, 15.563, 29.195
0.960, 61.512, 189.416, -494.104, -19997.297, 0.290, 8.491, 53.071, 0.960, 29.965, 5.014, 442.470, 81451.667, 0.290, 15.611, 29.211
0.970, 63.342, 183.068, -634.777, -14067.380, 0.221, 10.263, 53.534, 0.970, 30.084, 11.906, 689.147, 24667.776, 0.221, 15.726, 29.241
0.980, 65.102, 175.931, -713.716, -7893.860, 0.158, 11.991, 53.865, 0.980, 30.279, 19.468, 756.161, 6701.329, 0.158, 15.918, 29.277
0.990, 66.787, 168.533, -739.842, -2612.587, 0.102, 13.662, 54.083, 0.990, 30.551, 27.171, 770.301, 1414.000, 0.102, 16.187, 29.312
1.000, 68.400, 161.260, -727.280, 1256.150, 0.051, 15.270, 54.205, 1.000, 30.897, 34.628, 745.721, -2457.965, 0.051, 16.532, 29.337
1.010, 69.943, 154.341, -691.876, 3540.416, 0.005, 16.812, 54.248, 1.010, 31.313, 41.590, 696.218, -4950.357, 0.005, 16.948, 29.349
1.020, 71.422, 147.907, -643.415, 4846.130, 6.248, 18.291, 54.226, 1.020, 31.792, 47.927, 633.658, -6255.912, 6.248, 17.427, 29.341
1.030, 72.842, 142.019, -588.757, 5465.827, 6.213, 19.710, 54.152, 1.030, 32.328, 53.596, 566.980, -6667.825, 6.213, 17.963, 29.313
1.040, 74.209, 136.670, -534.887, 5386.984, 6.182, 21.071, 54.034, 1.040, 32.914, 58.607, 501.102, -6587.863, 6.182, 18.546, 29.262
1.050, 75.527, 131.823, -484.760, 5012.715, 6.154, 22.381, 53.882, 1.050, 33.544, 62.997, 438.977, -6212.500, 6.154, 19.172, 29.189
1.060, 76.801, 127.425, -439.781, 4497.875, 6.130, 23.642, 53.702, 1.060, 34.212, 66.817, 382.010, -5696.690, 6.130, 19.834, 29.095
1.070, 78.036, 123.421, -400.393, 3938.777, 6.108, 24.860, 53.500, 1.070, 34.913, 70.124, 330.642, -5136.773, 6.108, 20.525, 28.980
1.080, 79.233, 119.756, -366.486, 3390.689, 6.089, 26.037, 53.280, 1.080, 35.643, 72.971, 284.762, -4588.016, 6.089, 21.243, 28.846
1.090, 80.397, 116.380, -337.664, 2882.247, 6.073, 27.177, 53.047, 1.090, 36.397, 75.411, 243.971, -4079.062, 6.073, 21.981, 28.695
1.100, 81.529, 113.246, -313.405, 2425.885, 6.059, 28.283, 52.802, 1.100, 37.172, 77.488, 207.748, -3622.284, 6.059, 22.738, 28.528
1.110, 82.633, 110.314, -293.159, 2024.640, 6.046, 29.357, 52.550, 1.110, 37.965, 79.244, 175.541, -3220.728, 6.046, 23.509, 28.346
1.120, 83.708, 107.550, -276.393, 1676.564, 6.035, 30.401, 52.292, 1.120, 38.772, 80.712, 146.817, -2872.395, 6.035, 24.293, 28.152
1.130, 84.757, 104.924, -262.620, 1377.254, 6.026, 31.417, 52.029, 1.130, 39.591, 81.923, 121.088, -2572.903, 6.026, 25.086, 27.948
1.140, 85.781, 102.410, -251.406, 1121.438, 6.018, 32.406, 51.765, 1.140, 40.420, 82.902, 97.919, -2316.928, 6.018, 25.887, 27.734
1.150, 86.781, 99.986, -242.369, 903.712, 6.012, 33.370, 51.500, 1.150, 41.257, 83.671, 76.928, -2099.097, 6.012, 26.694, 27.512
1.160, 87.758, 97.634, -235.178, 719.050, 6.006, 34.310, 51.236, 1.160, 42.099, 84.249, 57.784, -1914.336, 6.006, 27.505, 27.284
1.170, 88.711, 95.339, -229.549, 562.902, 6.002, 35.227, 50.973, 1.170, 42.946, 84.651, 40.203, -1758.118, 6.002, 28.319, 27.050
1.180, 89.642, 93.086, -225.236, 431.311, 5.999, 36.120, 50.713, 1.180, 43.795, 84.891, 23.939, -1626.471, 5.999, 29.134, 26.813
1.190, 90.551, 90.866, -222.028, 320.866, 5.996, 36.992, 50.457, 1.190, 44.644, 84.978, 8.779, -1515.980, 5.996, 29.949, 26.574
1.200, 91.437, 88.669, -219.741, 228.658, 5.995, 37.843, 50.206, 1.200, 45.494, 84.924, -5.459, -1423.736, 5.995, 30.764, 26.333
1.210, 92.302, 86.497, -217.179, 256.214, 5.994, 38.672, 49.959, 1.210, 46.341, 84.745, -17.901, -1244.255, 5.994, 31.576, 26.092
1.220, 93.146, 84.374, -212.319, 486.025, 5.994, 39.480, 49.719, 1.220, 47.186, 84.478, -26.667, -876.577, 5.994, 32.386, 25.851
1.230, 93.969, 82.312, -206.208, 611.037, 5.995, 40.270, 49.485, 1.230, 48.027, 84.150, -32.778, -611.109, 5.995, 33.192, 25.612
1.240, 94.772, 80.304, -200.729, 547.968, 5.996, 41.040, 49.257, 1.240, 48.865, 83.768, -38.258, -548.024, 5.996, 33.996, 25.374
1.250, 95.556, 78.347, -195.773, 495.567, 5.998, 41.791, 49.036, 1.250, 49.698, 83.336, -43.214, -495.610, 5.998, 34.795, 25.139
1.260, 96.320, 76.434, -191.250, 452.329, 6.001, 42.525, 48.822, 1.260, 50.527, 82.858, -47.738, -452.363, 6.001, 35.591, 24.907
1.270, 97.066, 74.563, -187.080, 417.011, 6.004, 43.242, 48.616, 1.270, 51.350, 82.339, -51.908, -417.034, 6.004, 36.382, 24.679
1.280, 97.793, 72.731, -183.194, 388.573, 6.008, 43.941, 48.416, 1.280, 52.168, 81.781, -55.794, -388.590, 6.008, 37.168, 24.455
1.290, 98.502, 70.936, -179.532, 366.144, 6.012, 44.624, 48.225, 1.290, 52.980, 81.187, -59.456, -366.157, 6.012, 37.950, 24.236
1.300, 99.194, 69.176, -176.043, 348.982, 6.016, 45.291, 48.041, 1.300, 53.786, 80.557, -62.946, -348.986, 6.016, 38.727, 24.022
1.310, 99.868, 67.449, -172.678, 336.437, 6.021, 45.942, 47.865, 1.310, 54.584, 79.894, -66.310, -336.438, 6.021, 39.498, 23.813
1.320, 100.526, 65.755, -169.399, 327.940, 6.027, 46.578, 47.696, 1.320, 55.376, 79.198, -69.589, -327.940, 6.027, 40.263, 23.610
1.330, 101.167, 64.093, -166.169, 322.981, 6.033, 47.198, 47.536, 1.330, 56.161, 78.470, -72.819, -322.971, 6.033, 41.023, 23.413
1.340, 101.792, 62.464, -162.958, 321.075, 6.039, 47.804, 47.382, 1.340, 56.938, 77.710, -76.030, -321.065, 6.039, 41.777, 23.223
1.350, 102.400, 60.866, -159.740, 321.776, 6.045, 48.395, 47.237, 1.350, 57.707, 76.917, -79.247, -321.765, 6.045, 42.523, 23.039
1.360, 102.993, 59.301, -156.494, 324.650, 6.052, 48.971, 47.099, 1.360, 58.468, 76.092, -82.494, -324.633, 6.052, 43.263, 22.862
1.370, 103.571, 57.769, -153.201, 329.264, 6.059, 49.534, 46.969, 1.370, 59.221, 75.234, -85.786, -329.243, 6.059, 43.996, 22.692
1.380, 104.134, 56.271, -149.849, 335.189, 6.066, 50.083, 46.845, 1.380, 59.964, 74.343, -89.138, -335.172, 6.066, 44.722, 22.530
1.390, 104.682, 54.807, -146.429, 342.005, 6.074, 50.619, 46.729, 1.390, 60.698, 73.418, -92.558, -341.979, 6.074, 45.439, 22.374
1.400, 105.215, 53.377, -142.937, 349.269, 6.081, 51.141, 46.620, 1.400, 61.423, 72.457, -96.050, -349.246, 6.081, 46.149, 22.226
1.410, 105.735, 51.983, -139.371, 356.554, 6.089, 51.651, 46.518, 1.410, 62.137, 71.461, -99.615, -356.531, 6.089, 46.849, 22.086
1.420, 106.242, 50.626, -135.737, 363.429, 6.097, 52.148, 46.422, 1.420, 62.842, 70.428, -103.250, -363.403, 6.097, 47.541, 21.952
1.430, 106.735, 49.306, -132.042, 369.468, 6.105, 52.633, 46.333, 1.430, 63.535, 69.359, -106.944, -369.442, 6.105, 48.223, 21.827
1.440, 107.215, 48.023, -128.300, 374.262, 6.113, 53.106, 46.250, 1.440, 64.218, 68.252, -110.686, -374.236, 6.113, 48.895, 21.709
1.450, 107.683, 46.777, -124.525, 377.422, 6.121, 53.567, 46.173, 1.450, 64.889, 67.107, -114.460, -377.398, 6.121, 49.557, 21.598
1.460, 108.138, 45.570, -120.739, 378.596, 6.130, 54.018, 46.101, 1.460, 65.548, 65.925, -118.246, -378.569, 6.130, 50.208, 21.494
1.470, 108.582, 44.400, -116.965, 377.463, 6.138, 54.457, 46.035, 1.470, 66.195, 64.705, -122.020, -377.439, 6.138, 50.848, 21.398
1.480, 109.015, 43.268, -113.227, 373.759, 6.146, 54.885, 45.974, 1.480, 66.830, 63.447, -125.758, -373.743, 6.146, 51.476, 21.309
1.490, 109.437, 42.173, -109.554, 367.283, 6.154, 55.303, 45.918, 1.490, 67.451, 62.153, -129.430, -367.261, 6.154, 52.092, 21.226
1.500, 109.848, 41.113, -105.975, 357.884, 6.162, 55.711, 45.867, 1.500, 68.059, 60.823, -133.009, -357.869, 6.162, 52.696, 21.150
1.510, 110.249, 40.088, -102.520, 345.499, 6.170, 56.109, 45.820, 1.510, 68.654, 59.458, -136.464, -345.484, 6.170, 53.286, 21.080
1.520, 110.640, 39.095, -99.219, 330.123, 6.177, 56.498, 45.777, 1.520, 69.235, 58.061, -139.765, -330.116, 6.177, 53.863, 21.017
1.530, 111.021, 38.134, -96.101, 311.843, 6.185, 56.877, 45.738, 1.530, 69.801, 56.632, -142.883, -311.830, 6.185, 54.426, 20.959
1.540, 111.393, 37.202, -93.193, 290.795, 6.192, 57.247, 45.703, 1.540, 70.353, 55.174, -145.791, -290.795, 6.192, 54.976, 20.906
1.550, 111.756, 36.297, -90.521, 267.211, 6.199, 57.609, 45.671, 1.550, 70.890, 53.689, -148.463, -267.206, 6.199, 55.511, 20.859
1.560, 112.110, 35.416, -88.107, 241.355, 6.206, 57.962, 45.642, 1.560, 71.411, 52.180, -150.877, -241.358, 6.206, 56.031, 20.817
1.570, 112.456, 34.556, -85.972, 213.567, 6.212, 58.306, 45.616, 1.570, 71.918, 50.650, -153.013, -213.569, 6.212, 56.536, 20.779
1.580, 112.793, 33.715, -84.129, 184.213, 6.218, 58.643, 45.593, 1.580, 72.409, 49.102, -154.855, -184.218, 6.218, 57.026, 20.746
1.590, 113.122, 32.889, -82.592, 153.697, 6.224, 58.971, 45.573, 1.590, 72.884, 47.538, -156.392, -153.704, 6.224, 57.500, 20.717
1.600, 113.443, 32.076, -81.368, 122.439, 6.230, 59.291, 45.555, 1.600, 73.344, 45.962, -157.616, -122.448, 6.230, 57.959, 20.691
1.610, 113.755, 31.271, -80.459, 90.866, 6.235, 59.604, 45.539, 1.610, 73.788, 44.376, -158.525, -90.878, 6.235, 58.402, 20.668
1.620, 114.060, 30.472, -79.865, 59.404, 6.240, 59.908, 45.525, 1.620, 74.216, 42.785, -159.119, -59.415, 6.240, 58.830, 20.649
1.630, 114.357, 29.677, -79.581, 28.459, 6.244, 60.204, 45.513, 1.630, 74.627, 41.191, -159.404, -28.470, 6.244, 59.241, 20.632
1.640, 114.646, 28.881, -79.597, -1.583, 6.249, 60.493, 45.502, 1.640, 75.023, 39.597, -159.388, 1.571, 6.249, 59.637, 20.617
1.650, 114.926, 28.082, -79.900, -30.369, 6.253, 60.774, 45.493, 1.650, 75.404, 38.006, -159.085, 30.354, 6.253, 60.017, 20.605
1.660, 115.199, 27.277, -80.476, -57.576, 6.256, 61.046, 45.486, 1.660, 75.768, 36.421, -158.509, 57.567, 6.256, 60.381, 20.594
1.670, 115.464, 26.464, -81.305, -82.937, 6.260, 61.311, 45.479, 1.670, 76.116, 34.845, -157.680, 82.924, 6.260, 60.729, 20.586
1.680, 115.720, 25.640, -82.368, -106.210, 6.263, 61.567, 45.473, 1.680, 76.449, 33.278, -156.618, 106.200, 6.263, 61.062, 20.579
1.690, 115.968, 24.804, -83.640, -127.212, 6.266, 61.815, 45.469, 1.690, 76.766, 31.725, -155.346, 127.202, 6.266, 61.379, 20.573
1.700, 116.208, 23.953, -85.098, -145.799, 6.268, 62.055, 45.465, 1.700, 77.068, 30.186, -153.888, 145.789, 6.268, 61.681, 20.568
1.710, 116.439, 23.086, -86.716, -161.869, 6.270, 62.286, 45.462, 1.710, 77.355, 28.663, -152.269, 161.863, 6.270, 61.967, 20.564
1.720, 116.661, 22.201, -88.470, -175.367, 6.272, 62.508, 45.459, 1.720, 77.626, 27.158, -150.516, 175.361, 6.272, 62.239, 20.560
1.730, 116.874, 21.298, -90.333, -186.272, 6.274, 62.721, 45.457, 1.730, 77.883, 25.672, -148.653, 186.266, 6.274, 62.496, 20.558
1.740, 117.077, 20.375, -92.279, -194.598, 6.276, 62.924, 45.455, 1.740, 78.125, 24.205, -146.707, 194.594, 6.276, 62.738, 20.556
1.750, 117.272, 19.432, -94.283, -200.393, 6.277, 63.119, 45.454, 1.750, 78.353, 22.758, -144.703, 200.388, 6.277, 62.965, 20.554
1.760, 117.456, 18.469, -96.320, -203.727, 6.278, 63.303, 45.453, 1.760, 78.566, 21.331, -142.666, 203.724, 6.278, 63.179, 20.553
1.770, 117.631, 17.485, -98.367, -204.698, 6.279, 63.478, 45.452, 1.770, 78.765, 19.925, -140.619, 204.696, 6.279, 63.378, 20.552
1.780, 117.796, 16.481, -100.401, -203.420, 6.280, 63.643, 45.451, 1.780, 78.951, 18.539, -138.585, 203.418, 6.280, 63.563, 20.552
1.790, 117.951, 15.457, -102.401, -200.022, 6.281, 63.798, 45.451, 1.790, 79.122, 17.173, -136.585, 200.021, 6.281, 63.735, 20.551
1.800, 118.095, 14.414, -104.348, -194.644, 6.281, 63.942, 45.451, 1.800, 79.281, 15.827, -134.638, 194.643, 6.281, 63.893, 20.551
1.810, 118.228, 13.351, -106.222, -187.434, 6.282, 64.075, 45.450, 1.810, 79.426, 14.499, -132.764, 187.433, 6.282, 64.038, 20.550
1.820, 118.351, 12.271, -108.007, -178.543, 6.282, 64.198, 45.450, 1.820, 79.557, 13.189, -130.978, 178.543, 6.282, 64.170, 20.550
1.830, 118.463, 11.184, -108.684, -67.624, 6.282, 64.310, 45.450, 1.830, 79.677, 11.907, -128.232, 274.630, 6.282, 64.289, 20.550
1.840, 118.564, 10.121, -106.312, 237.197, 6.283, 64.411, 45.450, 1.840, 79.783, 10.681, -122.559, 567.274, 6.283, 64.396, 20.550
1.850, 118.655, 9.103, -101.841, 447.078, 6.283, 64.502, 45.450, 1.850, 79.879, 9.530, -115.081, 747.851, 6.283, 64.491, 20.550
1.860, 118.736, 8.131, -97.163, 467.838, 6.283, 64.583, 45.450, 1.860, 79.963, 8.452, -107.810, 727.092, 6.283, 64.576, 20.550
1.870, 118.808, 7.208, -92.292, 487.036, 6.283, 64.655, 45.450, 1.870, 80.038, 7.445, -100.731, 707.894, 6.283, 64.650, 20.550
1.880, 118.872, 6.336, -87.246, 504.577, 6.283, 64.719, 45.450, 1.880, 80.103, 6.507, -93.827, 690.353, 6.283, 64.715, 20.550
1.890, 118.927, 5.515, -82.042, 520.410, 6.283, 64.774, 45.450, 1.890, 80.159, 5.636, -87.082, 674.520, 6.283, 64.772, 20.550
1.900, 118.974, 4.748, -76.697, 534.522, 6.283, 64.821, 45.450, 1.900, 80.207, 4.831, -80.478, 660.408, 6.283, 64.820, 20.550
1.910, 119.015, 4.036, -71.228, 546.933, 6.283, 64.862, 45.450, 1.910, 80.248, 4.091, -73.998, 647.996, 6.283, 64.861, 20.550
1.920, 119.049, 3.380, -65.651, 557.693, 6.283, 64.896, 45.450, 1.920, 80.282, 3.415, -67.626, 637.236, 6.283, 64.895, 20.550
1.930, 119.076, 2.780, -59.982, 566.873, 6.283, 64.923, 45.450, 1.930, 80.310, 2.801, -61.345, 628.057, 6.283, 64.923, 20.550
1.940, 119.099, 2.237, -54.237, 574.562, 6.283, 64.946, 45.450, 1.940, 80.333, 2.250, -55.142, 620.367, 6.283, 64.946, 20.550
1.950, 119.116, 1.753, -48.428, 580.869, 6.283, 64.963, 45.450, 1.950, 80.351, 1.760, -49.001, 614.061, 6.283, 64.963, 20.550
1.960, 119.130, 1.328, -42.569, 585.912, 6.283, 64.977, 45.450, 1.960, 80.364, 1.331, -42.911, 609.018, 6.283, 64.977, 20.550
1.970, 119.139, 0.961, -36.671, 589.820, 6.283, 64.986, 45.450, 1.970, 80.373, 0.962, -36.860, 605.110, 6.283, 64.986, 20.550
1.980, 119.146, 0.653, -30.743, 592.730, 6.283, 64.993, 45.450, 1.980, 80.380, 0.654, -30.838, 602.200, 6.283, 64.993, 20.550
1.990, 119.150, 0.405, -24.795, 594.786, 6.283, 64.997, 45.450, 1.990, 80.384, 0.406, -24.836, 600.144, 6.283, 64.997, 20.550
2.000, 119.152, 0.217, -18.834, 596.135, 6.283, 64.999, 45.450, 2.000, 80.386, 0.217, -18.848, 598.795, 6.283, 64.999, 20.550
2.010, 119.153, 0.088, -12.865, 596.926, 6.283, 65.000, 45.450, 2.010, 80.387, 0.088, -12.868, 598.004, 6.283, 65.000, 20.550
2.020, 119.153, 0.020, -6.892, 597.311, 0.000, 65.000, 45.450, 2.020, 80.387, 0.020, -6.892, 597.619, 0.000, 65.000, 20.550
2.030, 119.153, 0.000, -1.952, 493.939, 0.000, 65.000, 45.450, 2.030, 80.387, 0.000, -1.952, 493.984, 0.000, 65.000, 20.550
