0.000, 0.001, 0.100, 10.000, 1000.000, 4.715, 12.450, 0.032, 0.000, 0.001, 0.100, 10.000, 1000.000, 4.715, -12.450, -0.033
0.010, 0.003, 0.200, 10.000, 0.002, 4.715, 12.450, 0.030, 0.010, 0.002, 0.200, 10.000, -0.002, 4.715, -12.450, -0.035
0.020, 0.007, 0.450, 25.000, 1500.008, 4.715, 12.450, 0.026, 0.020, 0.007, 0.450, 25.000, 1499.992, 4.715, -12.450, -0.040
0.030, 0.015, 0.800, 35.000, 1000.026, 4.715, 12.450, 0.018, 0.030, 0.015, 0.800, 35.000, 999.974, 4.715, -12.450, -0.048
0.040, 0.028, 1.250, 45.001, 1000.060, 4.715, 12.450, 0.005, 0.040, 0.027, 1.250, 44.999, 999.940, 4.715, -12.450, -0.060
0.050, 0.046, 1.800, 55.002, 1000.115, 4.715, 12.450, -0.013, 0.050, 0.045, 1.800, 54.998, 999.885, 4.715, -12.450, -0.078
0.060, 0.070, 2.450, 65.004, 1000.197, 4.715, 12.450, -0.037, 0.060, 0.070, 2.450, 64.996, 999.803, 4.715, -12.450, -0.103
0.070, 0.102, 3.200, 75.007, 1000.311, 4.715, 12.450, -0.069, 0.070, 0.102, 3.200, 74.993, 999.689, 4.715, -12.450, -0.135
0.080, 0.142, 4.000, 80.011, 500.423, 4.715, 12.450, -0.109, 0.080, 0.142, 4.000, 79.989, 499.577, 4.715, -12.450, -0.175
0.090, 0.190, 4.800, 80.017, 0.510, 4.715, 12.450, -0.158, 0.090, 0.190, 4.800, 79.983, -0.510, 4.715, -12.449, -0.222
0.100, 0.246, 5.601, 80.023, 0.608, 4.715, 12.451, -0.214, 0.100, 0.246, 5.599, 79.977, -0.608, 4.715, -12.449, -0.278
0.110, 0.310, 6.401, 80.030, 0.703, 4.715, 12.451, -0.278, 0.110, 0.310, 6.399, 79.970, -0.703, 4.715, -12.449, -0.342
0.120, 0.382, 7.201, 80.038, 0.795, 4.715, 12.451, -0.350, 0.120, 0.382, 7.199, 79.962, -0.795, 4.715, -12.449, -0.414
0.130, 0.462, 8.002, 80.046, 0.884, 4.715, 12.451, -0.430, 0.130, 0.462, 7.998, 79.954, -0.884, 4.715, -12.449, -0.494
0.140, 0.550, 8.802, 80.056, 0.969, 4.715, 12.451, -0.518, 0.140, 0.550, 8.798, 79.944, -0.969, 4.715, -12.449, -0.582
0.150, 0.646, 9.603, 80.067, 1.050, 4.715, 12.452, -0.614, 0.150, 0.646, 9.597, 79.933, -1.050, 4.715, -12.448, -0.678
0.160, 0.750, 10.404, 80.078, 1.127, 4.715, 12.452, -0.718, 0.160, 0.750, 10.396, 79.922, -1.127, 4.715, -12.448, -0.782
0.170, 0.862, 11.205, 80.090, 1.199, 4.715, 12.452, -0.830, 0.170, 0.862, 11.195, 79.910, -1.199, 4.715, -12.448, -0.894
0.180, 0.982, 12.006, 80.103, 1.266, 4.715, 12.453, -0.950, 0.180, 0.982, 11.994, 79.897, -1.266, 4.715, -12.447, -1.014
0.190, 1.110, 12.807, 80.116, 1.327, 4.715, 12.453, -1.078, 0.190, 1.110, 12.793, 79.884, -1.327, 4.715, -12.447, -1.142
0.200, 1.246, 13.608, 80.130, 1.383, 4.715, 12.453, -1.214, 0.200, 1.246, 13.592, 79.870, -1.383, 4.715, -12.447, -1.278
0.210, 1.390, 14.410, 80.144, 1.433, 4.715, 12.454, -1.358, 0.210, 1.390, 14.390, 79.856, -1.433, 4.715, -12.446, -1.422
0.220, 1.543, 15.211, 80.159, 1.476, 4.715, 12.454, -1.510, 0.220, 1.541, 15.189, 79.841, -1.476, 4.715, -12.446, -1.574
0.230, 1.703, 16.013, 80.174, 1.512, 4.715, 12.454, -1.670, 0.230, 1.701, 15.987, 79.826, -1.512, 4.715, -12.446, -1.734
0.240, 1.871, 16.815, 80.189, 1.541, 4.715, 12.455, -1.838, 0.240, 1.869, 16.785, 79.811, -1.541, 4.715, -12.445, -1.902
0.250, 2.047, 17.617, 80.205, 1.564, 4.715, 12.455, -2.015, 0.250, 2.045, 17.583, 79.795, -1.564, 4.715, -12.445, -2.077
0.260, 2.231, 18.419, 80.221, 1.578, 4.715, 12.456, -2.199, 0.260, 2.229, 18.381, 79.779, -1.578, 4.715, -12.444, -2.261
0.270, 2.423, 19.221, 80.237, 1.585, 4.715, 12.456, -2.391, 0.270, 2.421, 19.179, 79.763, -1.585, 4.715, -12.444, -2.453
0.280, 2.624, 20.024, 80.252, 1.584, 4.715, 12.457, -2.591, 0.280, 2.620, 19.976, 79.748, -1.584, 4.715, -12.443, -2.653
0.290, 2.832, 20.827, 80.268, 1.574, 4.715, 12.457, -2.799, 0.290, 2.828, 20.773, 79.732, -1.574, 4.715, -12.443, -2.861
0.300, 3.048, 21.629, 80.284, 1.557, 4.715, 12.458, -3.016, 0.300, 3.044, 21.571, 79.716, -1.557, 4.715, -12.442, -3.076
0.310, 3.273, 22.432, 80.299, 1.530, 4.715, 12.458, -3.240, 0.310, 3.267, 22.368, 79.701, -1.530, 4.715, -12.442, -3.300
0.320, 3.505, 23.236, 80.314, 1.496, 4.715, 12.459, -3.472, 0.320, 3.499, 23.164, 79.686, -1.496, 4.715, -12.441, -3.532
0.330, 3.745, 24.039, 80.328, 1.452, 4.715, 12.459, -3.713, 0.330, 3.739, 23.961, 79.672, -1.452, 4.715, -12.441, -3.771
0.340, 3.994, 24.842, 80.342, 1.399, 4.715, 12.460, -3.961, 0.340, 3.986, 24.758, 79.658, -1.399, 4.715, -12.440, -4.019
0.350, 4.250, 25.646, 80.356, 1.338, 4.715, 12.461, -4.218, 0.350, 4.242, 25.554, 79.644, -1.338, 4.715, -12.439, -4.274
0.360, 4.515, 26.450, 80.368, 1.267, 4.715, 12.461, -4.482, 0.360, 4.505, 26.350, 79.632, -1.267, 4.715, -12.439, -4.538
0.370, 4.787, 27.253, 80.380, 1.187, 4.715, 12.462, -4.755, 0.370, 4.777, 27.147, 79.620, -1.187, 4.715, -12.438, -4.809
0.380, 5.068, 28.057, 80.391, 1.099, 4.715, 12.462, -5.035, 0.380, 5.056, 27.943, 79.609, -1.099, 4.715, -12.438, -5.089
0.390, 5.356, 28.861, 80.401, 1.001, 4.714, 12.463, -5.324, 0.390, 5.344, 28.739, 79.599, -1.001, 4.714, -12.437, -5.376
0.400, 5.653, 29.665, 80.410, 0.894, 4.714, 12.464, -5.621, 0.400, 5.639, 29.535, 79.590, -0.894, 4.714, -12.436, -5.671
0.410, 5.958, 30.470, 80.418, 0.778, 4.714, 12.464, -5.925, 0.410, 5.942, 30.330, 79.582, -0.778, 4.714, -12.436, -5.975
0.420, 6.271, 31.274, 80.425, 0.654, 4.714, 12.465, -6.238, 0.420, 6.253, 31.126, 79.575, -0.654, 4.714, -12.435, -6.286
0.430, 6.591, 32.078, 80.430, 0.521, 4.714, 12.465, -6.559, 0.430, 6.573, 31.922, 79.570, -0.521, 4.714, -12.435, -6.605
0.440, 6.920, 32.882, 80.434, 0.379, 4.714, 12.466, -6.888, 0.440, 6.900, 32.718, 79.566, -0.379, 4.714, -12.434, -6.932
0.450, 7.257, 33.687, 80.436, 0.229, 4.714, 12.467, -7.224, 0.450, 7.235, 33.513, 79.564, -0.229, 4.714, -12.433, -7.267
0.460, 7.602, 34.491, 80.437, 0.070, 4.714, 12.467, -7.569, 0.460, 7.578, 34.309, 79.563, -0.070, 4.714, -12.433, -7.611
0.470, 7.955, 35.296, 80.436, -0.096, 4.714, 12.468, -7.922, 0.470, 7.929, 35.104, 79.564, 0.096, 4.714, -12.432, -7.962
0.480, 8.316, 36.100, 80.433, -0.269, 4.714, 12.468, -8.283, 0.480, 8.288, 35.900, 79.567, 0.269, 4.714, -12.432, -8.321
0.490, 8.685, 36.904, 80.428, -0.450, 4.714, 12.469, -8.652, 0.490, 8.655, 36.696, 79.572, 0.450, 4.714, -12.431, -8.688
0.500, 9.062, 37.708, 80.422, -0.638, 4.714, 12.469, -9.029, 0.500, 9.030, 37.492, 79.578, 0.638, 4.714, -12.431, -9.062
0.510, 9.447, 38.513, 80.414, -0.832, 4.714, 12.470, -9.415, 0.510, 9.413, 38.287, 79.586, 0.832, 4.714, -12.430, -9.445
0.520, 9.840, 39.317, 80.403, -1.033, 4.714, 12.470, -9.808, 0.520, 9.804, 39.083, 79.597, 1.033, 4.714, -12.430, -9.836
0.530, 10.241, 40.120, 80.391, -1.239, 4.713, 12.471, -10.209, 0.530, 10.203, 39.880, 79.609, 1.239, 4.713, -12.429, -10.235
0.540, 10.651, 40.924, 80.377, -1.450, 4.713, 12.471, -10.618, 0.540, 10.609, 40.676, 79.623, 1.450, 4.713, -12.429, -10.642
0.550, 11.068, 41.728, 80.360, -1.666, 4.713, 12.472, -11.035, 0.550, 11.024, 41.472, 79.640, 1.666, 4.713, -12.428, -11.056
0.560, 11.493, 42.531, 80.341, -1.886, 4.713, 12.472, -11.461, 0.560, 11.447, 42.269, 79.659, 1.886, 4.713, -12.428, -11.479
0.570, 11.927, 43.334, 80.320, -2.109, 4.713, 12.472, -11.894, 0.570, 11.877, 43.066, 79.680, 2.109, 4.713, -12.428, -11.910
0.580, 12.368, 44.137, 80.297, -2.335, 4.713, 12.472, -12.336, 0.580, 12.316, 43.863, 79.703, 2.335, 4.713, -12.428, -12.348
0.590, 12.817, 44.940, 80.271, -2.563, 4.713, 12.473, -12.785, 0.590, 12.763, 44.660, 79.729, 2.563, 4.713, -12.427, -12.795
0.600, 13.275, 45.743, 80.243, -2.793, 4.713, 12.473, -13.242, 0.600, 13.217, 45.457, 79.757, 2.793, 4.713, -12.427, -13.250
0.610, 13.740, 46.545, 80.213, -3.023, 4.713, 12.473, -13.708, 0.610, 13.680, 46.255, 79.787, 3.023, 4.713, -12.427, -13.712
0.620, 14.214, 47.346, 80.180, -3.252, 4.712, 12.473, -14.181, 0.620, 14.150, 47.054, 79.820, 3.252, 4.712, -12.427, -14.183
0.630, 14.695, 48.148, 80.145, -3.481, 4.712, 12.473, -14.663, 0.630, 14.629, 47.852, 79.855, 3.481, 4.712, -12.427, -14.661
0.640, 15.185, 48.949, 80.108, -3.707, 4.712, 12.473, -15.152, 0.640, 15.115, 48.651, 79.892, 3.707, 4.712, -12.427, -15.148
0.650, 15.682, 49.750, 80.069, -3.931, 4.712, 12.473, -15.650, 0.650, 15.610, 49.450, 79.931, 3.931, 4.712, -12.427, -15.642
0.660, 16.188, 50.550, 80.028, -4.150, 4.712, 12.473, -16.155, 0.660, 16.112, 50.250, 79.972, 4.150, 4.712, -12.427, -16.145
0.670, 16.701, 51.350, 79.984, -4.364, 4.712, 12.472, -16.669, 0.670, 16.623, 51.050, 80.016, 4.364, 4.712, -12.428, -16.655
0.680, 17.223, 52.149, 79.938, -4.572, 4.712, 12.472, -17.190, 0.680, 17.141, 51.851, 80.062, 4.572, 4.712, -12.428, -17.174
0.690, 17.752, 52.948, 79.890, -4.773, 4.712, 12.472, -17.720, 0.690, 17.668, 52.652, 80.110, 4.773, 4.712, -12.428, -17.700
0.700, 18.290, 53.747, 79.841, -4.965, 4.711, 12.471, -18.257, 0.700, 18.202, 53.453, 80.159, 4.965, 4.711, -12.429, -18.235
0.710, 18.835, 54.544, 79.789, -5.148, 4.711, 12.471, -18.803, 0.710, 18.745, 54.256, 80.211, 5.148, 4.711, -12.429, -18.777
0.720, 19.389, 55.342, 79.736, -5.319, 4.711, 12.470, -19.356, 0.720, 19.295, 55.058, 80.264, 5.319, 4.711, -12.430, -19.328
0.730, 19.950, 56.139, 79.681, -5.478, 4.711, 12.469, -19.917, 0.730, 19.854, 55.861, 80.319, 5.478, 4.711, -12.431, -19.887
0.740, 20.519, 56.935, 79.625, -5.623, 4.711, 12.469, -20.487, 0.740, 20.421, 56.665, 80.375, 5.623, 4.711, -12.431, -20.453
0.750, 21.097, 57.731, 79.568, -5.753, 4.711, 12.468, -21.064, 0.750, 20.995, 57.469, 80.432, 5.753, 4.711, -12.432, -21.028
0.760, 21.682, 58.526, 79.509, -5.866, 4.711, 12.467, -21.649, 0.760, 21.578, 58.274, 80.491, 5.866, 4.711, -12.433, -21.611
0.770, 22.275, 59.320, 79.449, -5.961, 4.711, 12.466, -22.242, 0.770, 22.169, 59.080, 80.551, 5.961, 4.711, -12.434, -22.201
0.780, 22.876, 60.114, 79.389, -6.035, 4.711, 12.465, -22.844, 0.780, 22.768, 59.886, 80.611, 6.035, 4.711, -12.435, -22.800
0.790, 23.485, 60.907, 79.328, -6.088, 4.711, 12.464, -23.453, 0.790, 23.375, 60.693, 80.672, 6.088, 4.711, -12.436, -23.407
0.800, 24.102, 61.700, 79.267, -6.117, 4.710, 12.463, -24.070, 0.800, 23.990, 61.500, 80.733, 6.117, 4.710, -12.437, -24.022
0.810, 24.727, 62.492, 79.206, -6.122, 4.710, 12.462, -24.695, 0.810, 24.613, 62.308, 80.794, 6.122, 4.710, -12.438, -24.645
0.820, 25.360, 63.283, 79.145, -6.099, 4.710, 12.460, -25.327, 0.820, 25.244, 63.117, 80.855, 6.099, 4.710, -12.440, -25.276
0.830, 26.001, 64.074, 79.084, -6.047, 4.710, 12.459, -25.968, 0.830, 25.883, 63.926, 80.916, 6.047, 4.710, -12.441, -25.916
0.840, 26.649, 64.865, 79.025, -5.964, 4.710, 12.458, -26.617, 0.840, 26.531, 64.735, 80.975, 5.964, 4.710, -12.442, -26.563
0.850, 27.306, 65.654, 78.966, -5.848, 4.710, 12.456, -27.273, 0.850, 27.186, 65.546, 81.034, 5.848, 4.710, -12.444, -27.219
0.860, 27.970, 66.443, 78.909, -5.697, 4.710, 12.455, -27.938, 0.860, 27.850, 66.357, 81.091, 5.697, 4.710, -12.445, -27.882
0.870, 28.643, 67.232, 78.854, -5.508, 4.710, 12.453, -28.610, 0.870, 28.521, 67.168, 81.146, 5.508, 4.710, -12.447, -28.554
0.880, 29.323, 68.020, 78.801, -5.281, 4.710, 12.452, -29.290, 0.880, 29.201, 67.980, 81.199, 5.281, 4.710, -12.448, -29.234
0.890, 30.011, 68.807, 78.751, -5.011, 4.710, 12.450, -29.978, 0.890, 29.889, 68.793, 81.249, 5.011, 4.710, -12.450, -29.922
0.900, 30.707, 69.594, 78.704, -4.697, 4.710, 12.448, -30.674, 0.900, 30.585, 69.606, 81.296, 4.697, 4.710, -12.451, -30.618
0.910, 31.411, 70.381, 78.661, -4.337, 4.710, 12.447, -31.378, 0.910, 31.289, 70.419, 81.339, 4.337, 4.710, -12.453, -31.322
0.920, 32.122, 71.167, 78.622, -3.927, 4.710, 12.445, -32.090, 0.920, 32.002, 71.233, 81.378, 3.927, 4.710, -12.455, -32.034
0.930, 32.842, 71.953, 78.587, -3.466, 4.710, 12.444, -32.809, 0.930, 32.722, 72.047, 81.413, 3.466, 4.710, -12.456, -32.755
0.940, 33.569, 72.739, 78.557, -2.951, 4.710, 12.442, -33.537, 0.940, 33.451, 72.861, 81.443, 2.951, 4.710, -12.458, -33.483
0.950, 34.305, 73.524, 78.534, -2.378, 4.710, 12.441, -34.272, 0.950, 34.187, 73.676, 81.466, 2.378, 4.710, -12.459, -34.220
0.960, 35.048, 74.309, 78.516, -1.746, 4.710, 12.439, -35.015, 0.960, 34.932, 74.491, 81.484, 1.746, 4.710, -12.461, -34.965
0.970, 35.799, 75.094, 78.506, -1.052, 4.710, 12.438, -35.766, 0.970, 35.685, 75.306, 81.494, 1.052, 4.710, -12.462, -35.718
0.980, 36.557, 75.879, 78.503, -0.291, 4.711, 12.436, -36.525, 0.980, 36.447, 76.121, 81.497, 0.291, 4.711, -12.464, -36.479
0.990, 37.324, 76.664, 78.508, 0.537, 4.711, 12.435, -37.291, 0.990, 37.216, 76.936, 81.492, -0.537, 4.711, -12.465, -37.248
1.000, 38.098, 77.450, 78.522, 1.437, 4.711, 12.433, -38.066, 1.000, 37.994, 77.750, 81.478, -1.437, 4.711, -12.467, -38.026
1.010, 38.881, 78.235, 78.547, 2.412, 4.711, 12.432, -38.848, 1.010, 38.779, 78.565, 81.453, -2.412, 4.711, -12.468, -38.812
1.020, 39.671, 79.021, 78.581, 3.465, 4.711, 12.431, -39.638, 1.020, 39.573, 79.379, 81.419, -3.465, 4.711, -12.469, -39.605
1.030, 40.469, 79.807, 78.627, 4.598, 4.711, 12.430, -40.437, 1.030, 40.375, 80.193, 81.373, -4.598, 4.711, -12.470, -40.407
1.040, 41.275, 80.594, 78.685, 5.817, 4.711, 12.429, -41.242, 1.040, 41.185, 81.006, 81.315, -5.817, 4.711, -12.471, -41.217
1.050, 42.089, 81.382, 78.757, 7.123, 4.712, 12.429, -42.056, 1.050, 42.003, 81.818, 81.243, -7.123, 4.712, -12.471, -42.036
1.060, 42.911, 82.170, 78.842, 8.520, 4.712, 12.428, -42.878, 1.060, 42.829, 82.630, 81.158, -8.520, 4.712, -12.472, -42.862
1.070, 43.740, 82.959, 78.942, 10.013, 4.712, 12.427, -43.708, 1.070, 43.664, 83.441, 81.058, -10.013, 4.712, -12.473, -43.696
1.080, 44.578, 83.750, 79.058, 11.604, 4.712, 12.427, -44.545, 1.080, 44.506, 84.250, 80.942, -11.604, 4.712, -12.473, -44.539
1.090, 45.423, 84.542, 79.191, 13.297, 4.712, 12.427, -45.391, 1.090, 45.357, 85.058, 80.809, -13.297, 4.712, -12.473, -45.389
1.100, 46.276, 85.335, 79.342, 15.097, 4.713, 12.427, -46.244, 1.100, 46.216, 85.865, 80.658, -15.097, 4.713, -12.473, -46.248
1.110, 47.138, 86.130, 79.512, 17.007, 4.713, 12.427, -47.105, 1.110, 47.082, 86.670, 80.488, -17.007, 4.713, -12.473, -47.115
1.120, 48.007, 86.927, 79.702, 19.031, 4.713, 12.428, -47.974, 1.120, 47.957, 87.473, 80.298, -19.031, 4.713, -12.472, -47.989
1.130, 48.884, 87.727, 79.914, 21.173, 4.713, 12.428, -48.852, 1.130, 48.840, 88.273, 80.086, -21.173, 4.713, -12.472, -48.872
1.140, 49.770, 88.528, 80.148, 23.437, 4.713, 12.429, -49.737, 1.140, 49.730, 89.072, 79.852, -23.437, 4.713, -12.471, -49.763
1.150, 50.663, 89.332, 80.407, 25.828, 4.714, 12.430, -50.630, 1.150, 50.629, 89.868, 79.593, -25.828, 4.714, -12.470, -50.662
1.160, 51.564, 90.139, 80.690, 28.350, 4.714, 12.431, -51.532, 1.160, 51.536, 90.661, 79.310, -28.350, 4.714, -12.469, -51.568
1.170, 52.474, 90.949, 81.000, 31.007, 4.714, 12.433, -52.441, 1.170, 52.450, 91.451, 79.000, -31.007, 4.714, -12.467, -52.483
1.180, 53.391, 91.762, 81.338, 33.804, 4.714, 12.434, -53.359, 1.180, 53.373, 92.238, 78.662, -33.803, 4.714, -12.465, -53.405
1.190, 54.317, 92.579, 81.706, 36.745, 4.714, 12.436, -54.285, 1.190, 54.303, 93.021, 78.294, -36.745, 4.714, -12.464, -54.335
1.200, 55.251, 93.400, 82.104, 39.835, 4.715, 12.438, -55.219, 1.200, 55.241, 93.800, 77.896, -39.835, 4.715, -12.462, -55.273
1.210, 56.193, 94.226, 82.535, 43.079, 4.715, 12.440, -56.161, 1.210, 56.187, 94.574, 77.465, -43.079, 4.715, -12.460, -56.219
1.220, 57.144, 95.056, 83.000, 46.482, 4.715, 12.443, -57.111, 1.220, 57.140, 95.344, 77.000, -46.482, 4.715, -12.457, -57.172
1.230, 58.103, 95.891, 83.500, 50.048, 4.715, 12.445, -58.070, 1.230, 58.101, 96.109, 76.500, -50.048, 4.715, -12.455, -58.134
1.240, 59.070, 96.731, 84.038, 53.784, 4.715, 12.448, -59.038, 1.240, 59.070, 96.869, 75.962, -53.784, 4.715, -12.452, -59.102
1.250, 60.045, 97.527, 79.595, -444.315, 4.715, 12.450, -60.013, 1.250, 60.046, 97.573, 70.405, -555.686, 4.715, -12.450, -60.078
1.260, 61.027, 98.125, 59.798, -1979.659, 4.715, 12.453, -60.994, 1.260, 61.028, 98.275, 70.202, -20.342, 4.715, -12.447, -61.061
1.270, 62.012, 98.531, 40.541, -1925.703, 4.715, 12.455, -61.979, 1.270, 62.018, 98.969, 69.459, -74.299, 4.715, -12.445, -62.050
1.280, 63.000, 98.825, 29.487, -1105.468, 4.716, 12.458, -62.968, 1.280, 63.014, 99.575, 60.513, -894.534, 4.716, -12.442, -63.046
1.290, 63.990, 99.010, 18.475, -1101.130, 4.716, 12.462, -63.958, 1.290, 64.015, 100.090, 51.525, -898.873, 4.716, -12.438, -64.047
1.300, 64.981, 99.085, 7.513, -1096.176, 4.717, 12.465, -64.949, 1.300, 65.020, 100.515, 42.486, -903.828, 4.717, -12.434, -65.052
1.310, 65.972, 99.051, -3.393, -1090.635, 4.717, 12.470, -65.939, 1.310, 66.028, 100.849, 33.393, -909.369, 4.717, -12.430, -66.061
1.320, 66.961, 98.909, -14.238, -1084.530, 4.718, 12.475, -66.928, 1.320, 67.039, 101.091, 24.238, -915.475, 4.718, -12.424, -67.072
1.330, 67.948, 98.708, -20.087, -584.854, 4.719, 12.481, -67.915, 1.330, 68.052, 101.292, 20.086, -415.152, 4.719, -12.418, -68.084
1.340, 68.933, 98.498, -20.987, -89.998, 4.720, 12.489, -68.900, 1.340, 69.067, 101.502, 20.986, 89.993, 4.720, -12.411, -69.099
1.350, 69.916, 98.279, -21.901, -91.477, 4.722, 12.497, -69.883, 1.350, 70.084, 101.721, 21.901, 91.470, 4.722, -12.402, -70.117
1.360, 70.896, 98.051, -22.835, -93.329, 4.723, 12.507, -70.863, 1.360, 71.104, 101.949, 22.834, 93.322, 4.723, -12.391, -71.136
1.370, 71.874, 97.813, -23.790, -95.566, 4.725, 12.519, -71.842, 1.370, 72.126, 102.187, 23.790, 95.558, 4.725, -12.379, -72.158
1.380, 72.850, 97.565, -24.772, -98.199, 4.727, 12.532, -72.817, 1.380, 73.150, 102.435, 24.772, 98.191, 4.727, -12.365, -73.182
1.390, 73.823, 97.307, -25.785, -101.241, 4.729, 12.547, -73.790, 1.390, 74.177, 102.693, 25.784, 101.232, 4.729, -12.349, -74.209
1.400, 74.793, 97.039, -26.832, -104.705, 4.732, 12.565, -74.760, 1.400, 75.207, 102.961, 26.831, 104.694, 4.732, -12.331, -75.238
1.410, 75.761, 96.760, -27.918, -108.604, 4.734, 12.585, -75.728, 1.410, 76.239, 103.240, 27.917, 108.594, 4.734, -12.310, -76.270
1.420, 76.726, 96.469, -29.047, -112.959, 4.737, 12.607, -76.692, 1.420, 77.274, 103.530, 29.046, 112.944, 4.737, -12.286, -77.306
1.430, 77.687, 96.167, -30.225, -117.780, 4.740, 12.632, -77.653, 1.430, 78.313, 103.833, 30.224, 117.767, 4.740, -12.258, -78.343
1.440, 78.646, 95.853, -31.456, -123.090, 4.743, 12.660, -78.612, 1.440, 79.354, 104.147, 31.455, 123.075, 4.743, -12.228, -79.384
1.450, 79.601, 95.525, -32.745, -128.906, 4.747, 12.692, -79.566, 1.450, 80.399, 104.475, 32.744, 128.890, 4.747, -12.194, -80.429
1.460, 80.553, 95.184, -34.098, -135.250, 4.751, 12.726, -80.517, 1.460, 81.447, 104.816, 34.096, 135.231, 4.751, -12.155, -81.476
1.470, 81.501, 94.829, -35.519, -142.139, 4.755, 12.765, -81.465, 1.470, 82.499, 105.171, 35.517, 142.120, 4.755, -12.113, -82.527
1.480, 82.446, 94.459, -37.015, -149.598, 4.760, 12.807, -82.409, 1.480, 83.554, 105.541, 37.013, 149.574, 4.760, -12.065, -83.581
1.490, 83.387, 94.073, -38.592, -157.642, 4.764, 12.854, -83.348, 1.490, 84.613, 105.927, 38.589, 157.618, 4.764, -12.013, -84.639
1.500, 84.323, 93.670, -40.255, -166.297, 4.769, 12.905, -84.284, 1.500, 85.677, 106.329, 40.252, 166.269, 4.769, -11.955, -85.701
1.510, 85.256, 93.250, -42.010, -175.576, 4.775, 12.960, -85.214, 1.510, 86.744, 106.749, 42.007, 175.548, 4.775, -11.891, -86.767
1.520, 86.184, 92.812, -43.865, -185.502, 4.781, 13.021, -86.141, 1.520, 87.816, 107.188, 43.862, 185.465, 4.781, -11.822, -87.836
1.530, 87.108, 92.353, -45.826, -196.076, 4.787, 13.086, -87.062, 1.530, 88.892, 107.646, 45.822, 196.043, 4.787, -11.745, -88.910
1.540, 88.026, 91.874, -47.899, -207.319, 4.793, 13.158, -87.978, 1.540, 89.974, 108.125, 47.895, 207.275, 4.793, -11.661, -89.988
1.550, 88.940, 91.373, -50.091, -219.218, 4.800, 13.234, -88.888, 1.550, 91.060, 108.626, 50.087, 219.175, 4.800, -11.570, -91.070
1.560, 89.849, 90.849, -52.409, -231.773, 4.807, 13.317, -89.793, 1.560, 92.151, 109.150, 52.404, 231.725, 4.807, -11.470, -92.157
1.570, 90.752, 90.301, -54.859, -244.961, 4.815, 13.407, -90.691, 1.570, 93.248, 109.699, 54.853, 244.903, 4.815, -11.362, -93.249
1.580, 91.649, 89.726, -57.446, -258.738, 4.824, 13.502, -91.584, 1.580, 94.351, 110.273, 57.440, 258.677, 4.824, -11.244, -94.345
1.590, 92.540, 89.125, -60.177, -273.050, 4.832, 13.605, -92.469, 1.590, 95.460, 110.875, 60.170, 272.988, 4.832, -11.116, -95.447
1.600, 93.425, 88.494, -63.055, -287.821, 4.842, 13.715, -93.347, 1.600, 96.575, 111.505, 63.047, 287.740, 4.842, -10.978, -96.553
1.610, 94.303, 87.833, -66.084, -302.920, 4.851, 13.832, -94.218, 1.610, 97.697, 112.166, 66.076, 302.841, 4.851, -10.828, -97.665
1.620, 95.175, 87.141, -69.266, -318.208, 4.862, 13.957, -95.080, 1.620, 98.825, 112.859, 69.257, 318.114, 4.862, -10.666, -98.782
1.630, 96.039, 86.415, -72.601, -333.472, 4.873, 14.090, -95.934, 1.630, 99.961, 113.585, 72.591, 333.374, 4.873, -10.491, -99.904
1.640, 96.895, 85.654, -76.085, -348.459, 4.884, 14.232, -96.779, 1.640, 101.105, 114.345, 76.074, 348.348, 4.884, -10.302, -101.032
1.650, 97.744, 84.857, -79.714, -362.837, 4.896, 14.382, -97.614, 1.650, 102.256, 115.142, 79.701, 362.715, 4.896, -10.099, -102.165
1.660, 98.584, 84.022, -83.476, -376.193, 4.909, 14.540, -98.439, 1.660, 103.416, 115.977, 83.462, 376.060, 4.909, -9.880, -103.304
1.670, 99.416, 83.148, -87.356, -388.020, 4.923, 14.708, -99.253, 1.670, 104.584, 116.850, 87.341, 387.877, 4.923, -9.644, -104.448
1.680, 100.238, 82.235, -91.333, -397.703, 4.937, 14.886, -100.056, 1.680, 105.762, 117.763, 91.316, 397.544, 4.937, -9.390, -105.598
1.690, 101.051, 81.281, -95.378, -404.492, 4.952, 15.072, -100.847, 1.690, 106.949, 118.717, 95.359, 404.322, 4.952, -9.117, -106.754
1.700, 101.854, 80.287, -99.453, -407.509, 4.968, 15.269, -101.626, 1.700, 108.146, 119.711, 99.432, 407.322, 4.968, -8.824, -107.914
1.710, 102.646, 79.251, -103.510, -405.715, 4.984, 15.475, -102.391, 1.710, 109.354, 120.746, 103.488, 405.520, 4.984, -8.509, -109.080
1.720, 103.428, 78.177, -107.489, -397.926, 5.002, 15.692, -103.142, 1.720, 110.572, 121.821, 107.465, 397.717, 5.002, -8.172, -110.251
1.730, 104.199, 77.063, -111.317, -382.795, 5.020, 15.919, -103.878, 1.730, 111.801, 122.934, 111.291, 382.580, 5.020, -7.810, -111.426
1.740, 104.958, 75.914, -114.906, -358.846, 5.040, 16.156, -104.600, 1.740, 113.042, 124.083, 114.877, 358.616, 5.040, -7.423, -112.604
1.750, 105.705, 74.733, -118.151, -324.476, 5.060, 16.403, -105.305, 1.750, 114.295, 125.264, 118.119, 324.248, 5.060, -7.008, -113.786
1.760, 106.440, 73.524, -120.931, -278.045, 5.081, 16.661, -105.994, 1.760, 115.559, 126.473, 120.897, 277.817, 5.081, -6.565, -114.971
1.770, 107.163, 72.292, -123.110, -217.924, 5.103, 16.929, -106.665, 1.770, 116.836, 127.703, 123.074, 217.696, 5.103, -6.091, -116.157
1.780, 107.874, 71.047, -124.536, -142.610, 5.127, 17.207, -107.319, 1.780, 118.126, 128.948, 124.498, 142.406, 5.127, -5.586, -117.343
1.790, 108.572, 69.797, -125.045, -50.896, 5.151, 17.496, -107.954, 1.790, 119.428, 130.198, 125.006, 50.711, 5.151, -5.047, -118.529
1.800, 109.257, 68.552, -124.465, 57.992, 5.176, 17.795, -108.571, 1.800, 120.742, 131.443, 124.424, -58.141, 5.176, -4.474, -119.711
1.810, 109.930, 67.326, -122.624, 184.157, 5.202, 18.104, -109.169, 1.810, 122.069, 132.669, 122.582, -184.259, 5.202, -3.865, -120.890
1.820, 110.592, 66.132, -119.355, 326.834, 5.230, 18.423, -109.748, 1.820, 123.408, 133.862, 119.313, -326.877, 5.230, -3.219, -122.062
1.830, 111.242, 64.987, -114.514, 484.179, 5.258, 18.752, -110.309, 1.830, 124.758, 135.006, 114.471, -484.147, 5.258, -2.535, -123.226
1.840, 111.881, 63.907, -107.983, 653.102, 5.287, 19.091, -110.850, 1.840, 126.118, 136.086, 107.941, -652.991, 5.287, -1.812, -124.380
1.850, 112.510, 62.910, -99.691, 829.196, 5.317, 19.441, -111.373, 1.850, 127.489, 137.082, 99.651, -828.991, 5.317, -1.050, -125.519
1.860, 113.130, 62.014, -89.623, 1006.764, 5.347, 19.801, -111.878, 1.860, 128.869, 137.978, 89.587, -1006.458, 5.347, -0.249, -126.643
1.870, 113.742, 61.236, -77.833, 1179.010, 5.378, 20.172, -112.366, 1.870, 130.257, 138.756, 77.801, -1178.605, 5.378, 0.591, -127.747
1.880, 114.348, 60.591, -64.449, 1338.411, 5.410, 20.553, -112.836, 1.880, 131.651, 139.400, 64.422, -1337.908, 5.410, 1.469, -128.829
1.890, 114.949, 60.094, -49.677, 1477.222, 5.442, 20.947, -113.290, 1.890, 133.050, 139.897, 49.655, -1476.632, 5.442, 2.385, -129.887
1.900, 115.547, 59.757, -33.795, 1588.126, 5.474, 21.352, -113.729, 1.900, 134.452, 140.235, 33.781, -1587.464, 5.474, 3.336, -130.917
1.910, 116.143, 59.585, -17.146, 1664.909, 5.507, 21.770, -114.154, 1.910, 135.856, 140.406, 17.139, -1664.197, 5.507, 4.322, -131.917
1.920, 116.738, 59.584, -0.115, 1703.094, 5.539, 22.202, -114.564, 1.920, 137.260, 140.407, 0.115, -1702.356, 5.539, 5.339, -132.885
1.930, 117.336, 59.753, 16.889, 1700.421, 5.572, 22.648, -114.962, 1.930, 138.663, 140.239, -16.882, -1699.683, 5.572, 6.386, -133.818
1.940, 117.937, 60.087, 33.460, 1657.098, 5.604, 23.110, -115.347, 1.940, 140.062, 139.904, -33.445, -1656.389, 5.604, 7.460, -134.714
1.950, 118.543, 60.570, 48.252, 1479.192, 5.635, 23.587, -115.720, 1.950, 141.455, 139.390, -51.404, -1795.842, 5.635, 8.558, -135.573
1.960, 119.154, 61.158, 58.775, 1052.302, 5.666, 24.080, -116.082, 1.960, 142.842, 138.639, -75.093, -2368.913, 5.666, 9.676, -136.393
1.970, 119.772, 61.813, 65.525, 674.972, 5.697, 24.590, -116.431, 1.970, 144.218, 137.621, -101.836, -2674.262, 5.697, 10.811, -137.172
1.980, 120.397, 62.515, 70.243, 471.846, 5.726, 25.116, -116.770, 1.980, 145.582, 136.355, -126.548, -2471.276, 5.726, 11.958, -137.909
1.990, 121.030, 63.243, 72.742, 249.873, 5.755, 25.657, -117.096, 1.990, 146.930, 134.865, -149.043, -2249.454, 5.755, 13.113, -138.605
2.000, 121.670, 63.972, 72.943, 20.158, 5.783, 26.214, -117.410, 2.000, 148.262, 133.172, -169.242, -2019.885, 5.783, 14.273, -139.260
2.010, 122.316, 64.681, 70.870, -207.333, 5.810, 26.786, -117.713, 2.010, 149.575, 131.301, -187.167, -1792.519, 5.810, 15.433, -139.874
2.020, 122.970, 65.347, 66.626, -424.384, 5.835, 27.371, -118.003, 2.020, 150.868, 129.271, -202.923, -1575.609, 5.835, 16.591, -140.449
2.030, 123.629, 65.962, 61.472, -515.430, 5.860, 27.970, -118.281, 2.030, 152.139, 127.126, -214.596, -1167.319, 5.860, 17.744, -140.985
2.040, 124.295, 66.543, 58.101, -337.129, 5.883, 28.579, -118.548, 2.040, 153.388, 124.945, -218.054, -345.778, 5.883, 18.889, -141.485
2.050, 124.966, 67.102, 55.903, -219.769, 5.906, 29.200, -118.802, 2.050, 154.616, 122.786, -215.860, 219.439, 5.906, 20.025, -141.950
2.060, 125.642, 67.630, 52.827, -307.541, 5.927, 29.832, -119.044, 2.060, 155.823, 120.659, -212.788, 307.209, 5.927, 21.152, -142.382
2.070, 126.323, 68.121, 49.075, -375.286, 5.947, 30.473, -119.275, 2.070, 157.009, 118.568, -209.038, 374.953, 5.947, 22.267, -142.784
2.080, 127.009, 68.569, 44.821, -425.365, 5.967, 31.122, -119.495, 2.080, 158.174, 116.520, -204.788, 425.033, 5.967, 23.371, -143.158
2.090, 127.699, 68.971, 40.219, -460.227, 5.985, 31.780, -119.703, 2.090, 159.319, 114.518, -200.188, 459.921, 5.985, 24.462, -143.504
2.100, 128.392, 69.325, 35.396, -482.283, 6.002, 32.444, -119.901, 2.100, 160.445, 112.565, -195.369, 481.993, 6.002, 25.541, -143.825
2.110, 129.088, 69.630, 30.458, -493.771, 6.019, 33.115, -120.089, 2.110, 161.551, 110.660, -190.434, 493.501, 6.019, 26.607, -144.123
2.120, 129.787, 69.885, 25.491, -496.718, 6.034, 33.791, -120.266, 2.120, 162.639, 108.806, -185.469, 496.465, 6.034, 27.659, -144.399
2.130, 130.488, 70.090, 20.562, -492.904, 6.049, 34.471, -120.434, 2.130, 163.709, 107.000, -180.542, 492.672, 6.049, 28.698, -144.655
2.140, 131.191, 70.248, 15.723, -483.859, 6.063, 35.156, -120.592, 2.140, 164.762, 105.243, -175.706, 483.663, 6.063, 29.724, -144.892
2.150, 131.894, 70.358, 11.014, -470.901, 6.077, 35.843, -120.740, 2.150, 165.797, 103.533, -170.999, 470.702, 6.077, 30.736, -145.111
2.160, 132.598, 70.422, 6.464, -455.077, 6.089, 36.533, -120.881, 2.160, 166.816, 101.869, -166.449, 454.911, 6.089, 31.734, -145.314
2.170, 133.303, 70.443, 2.091, -437.289, 6.101, 37.226, -121.012, 2.170, 167.818, 100.248, -162.078, 437.143, 6.101, 32.719, -145.501
2.180, 134.007, 70.422, -2.092, -418.250, 6.113, 37.919, -121.136, 2.180, 168.805, 98.669, -157.897, 418.105, 6.113, 33.690, -145.674
2.190, 134.711, 70.362, -6.077, -398.507, 6.123, 38.613, -121.251, 2.190, 169.776, 97.130, -153.913, 398.390, 6.123, 34.648, -145.834
2.200, 135.413, 70.263, -9.862, -378.523, 6.133, 39.307, -121.360, 2.200, 170.732, 95.629, -150.129, 378.412, 6.133, 35.593, -145.981
2.210, 136.115, 70.129, -13.448, -358.624, 6.143, 40.001, -121.461, 2.210, 171.674, 94.163, -146.544, 358.530, 6.143, 36.525, -146.117
2.220, 136.814, 69.960, -16.839, -339.078, 6.152, 40.694, -121.555, 2.220, 172.601, 92.732, -143.154, 338.986, 6.152, 37.444, -146.242
2.230, 137.512, 69.760, -20.040, -320.061, 6.161, 41.386, -121.643, 2.230, 173.515, 91.332, -139.954, 319.988, 6.161, 38.350, -146.358
2.240, 138.207, 69.529, -23.057, -301.721, 6.169, 42.077, -121.725, 2.240, 174.414, 89.963, -136.937, 301.651, 6.169, 39.243, -146.464
2.250, 138.900, 69.270, -25.898, -284.140, 6.177, 42.765, -121.801, 2.250, 175.301, 88.622, -134.097, 284.079, 6.177, 40.124, -146.561
2.260, 139.590, 68.984, -28.572, -267.379, 6.184, 43.451, -121.872, 2.260, 176.174, 87.307, -131.423, 267.324, 6.184, 40.992, -146.650
2.270, 140.276, 68.674, -31.087, -251.468, 6.191, 44.135, -121.937, 2.270, 177.034, 86.018, -128.909, 251.418, 6.191, 41.849, -146.732
2.280, 140.960, 68.339, -33.451, -236.414, 6.198, 44.816, -121.998, 2.280, 177.881, 84.753, -126.545, 236.375, 6.198, 42.693, -146.807
2.290, 141.640, 67.982, -35.673, -222.222, 6.204, 45.493, -122.054, 2.290, 178.716, 83.510, -124.324, 222.178, 6.204, 43.525, -146.876
2.300, 142.316, 67.605, -37.762, -208.861, 6.210, 46.167, -122.105, 2.300, 179.539, 82.287, -122.235, 208.831, 6.210, 44.346, -146.938
2.310, 142.988, 67.207, -39.725, -196.320, 6.216, 46.838, -122.152, 2.310, 180.350, 81.085, -120.272, 196.289, 6.216, 45.155, -146.996
2.320, 143.656, 66.792, -41.571, -184.565, 6.221, 47.504, -122.196, 2.320, 181.149, 79.900, -118.427, 184.531, 6.221, 45.952, -147.047
2.330, 144.319, 66.359, -43.306, -173.551, 6.226, 48.167, -122.236, 2.330, 181.936, 78.733, -116.692, 173.534, 6.226, 46.738, -147.095
2.340, 144.978, 65.909, -44.939, -163.262, 6.230, 48.825, -122.272, 2.340, 182.712, 77.583, -115.059, 163.239, 6.230, 47.512, -147.137
2.350, 145.633, 65.445, -46.475, -153.649, 6.235, 49.478, -122.305, 2.350, 183.477, 76.448, -113.523, 153.624, 6.235, 48.276, -147.176
2.360, 146.282, 64.965, -47.922, -144.669, 6.239, 50.127, -122.335, 2.360, 184.230, 75.327, -112.077, 144.657, 6.239, 49.028, -147.211
2.370, 146.927, 64.472, -49.285, -136.303, 6.243, 50.771, -122.362, 2.370, 184.972, 74.220, -110.714, 136.282, 6.243, 49.770, -147.242
2.380, 147.567, 63.967, -50.570, -128.494, 6.247, 51.411, -122.387, 2.380, 185.703, 73.125, -109.429, 128.485, 6.247, 50.501, -147.270
2.390, 148.201, 63.449, -51.782, -121.226, 6.250, 52.045, -122.409, 2.390, 186.424, 72.043, -108.217, 121.213, 6.250, 51.221, -147.295
2.400, 148.830, 62.920, -52.927, -114.456, 6.253, 52.674, -122.428, 2.400, 187.134, 70.972, -107.072, 114.442, 6.253, 51.930, -147.317
2.410, 149.454, 62.380, -54.008, -108.151, 6.256, 53.297, -122.446, 2.410, 187.833, 69.913, -105.991, 108.143, 6.256, 52.629, -147.337
2.420, 150.073, 61.829, -55.031, -102.287, 6.259, 53.915, -122.462, 2.420, 188.521, 68.863, -104.968, 102.280, 6.259, 53.317, -147.355
2.430, 150.685, 61.269, -56.000, -96.836, 6.262, 54.528, -122.476, 2.430, 189.200, 67.823, -104.000, 96.824, 6.262, 53.995, -147.370
2.440, 151.292, 60.700, -56.917, -91.764, 6.264, 55.135, -122.488, 2.440, 189.868, 66.792, -103.082, 91.756, 6.264, 54.663, -147.384
2.450, 151.893, 60.122, -57.788, -87.051, 6.267, 55.736, -122.499, 2.450, 190.525, 65.770, -102.212, 87.048, 6.267, 55.321, -147.395
2.460, 152.489, 59.536, -58.614, -82.679, 6.269, 56.331, -122.508, 2.460, 191.173, 64.756, -101.385, 82.670, 6.269, 55.968, -147.405
2.470, 153.078, 58.942, -59.401, -78.616, 6.271, 56.920, -122.516, 2.470, 191.810, 63.750, -100.599, 78.612, 6.271, 56.606, -147.414
2.480, 153.662, 58.341, -60.149, -74.851, 6.272, 57.504, -122.523, 2.480, 192.438, 62.752, -99.851, 74.845, 6.272, 57.233, -147.421
2.490, 154.239, 57.732, -60.863, -71.359, 6.274, 58.081, -122.529, 2.490, 193.055, 61.760, -99.137, 71.356, 6.274, 57.851, -147.428
2.500, 154.810, 57.117, -61.544, -68.127, 6.275, 58.652, -122.534, 2.500, 193.663, 60.776, -98.456, 68.124, 6.275, 58.458, -147.433
2.510, 155.375, 56.495, -62.195, -65.137, 6.277, 59.217, -122.538, 2.510, 194.261, 59.798, -97.804, 65.133, 6.277, 59.056, -147.437
2.520, 155.934, 55.866, -62.819, -62.374, 6.278, 59.776, -122.541, 2.520, 194.849, 58.826, -97.181, 62.371, 6.278, 59.645, -147.440
2.530, 156.486, 55.232, -63.417, -59.824, 6.279, 60.328, -122.543, 2.530, 195.428, 57.860, -96.583, 59.822, 6.279, 60.223, -147.443
2.540, 157.032, 54.592, -63.992, -57.474, 6.280, 60.874, -122.545, 2.540, 195.997, 56.900, -96.008, 57.473, 6.280, 60.792, -147.445
2.550, 157.571, 53.947, -64.545, -55.315, 6.281, 61.414, -122.547, 2.550, 196.556, 55.945, -95.455, 55.311, 6.281, 61.352, -147.447
2.560, 158.104, 53.296, -65.079, -53.330, 6.281, 61.947, -122.548, 2.560, 197.106, 54.996, -94.921, 53.329, 6.281, 61.902, -147.448
2.570, 158.631, 52.640, -65.594, -51.514, 6.282, 62.473, -122.549, 2.570, 197.647, 54.052, -94.406, 51.511, 6.282, 62.442, -147.449
2.580, 159.151, 51.979, -66.092, -49.854, 6.282, 62.993, -122.549, 2.580, 198.178, 53.113, -93.908, 49.853, 6.282, 62.973, -147.449
2.590, 159.664, 51.313, -66.576, -48.343, 6.283, 63.506, -122.550, 2.590, 198.700, 52.179, -93.424, 48.341, 6.283, 63.495, -147.450
2.600, 160.170, 50.643, -67.045, -46.970, 6.283, 64.012, -122.550, 2.600, 199.212, 51.249, -92.955, 46.969, 6.283, 64.008, -147.450
2.610, 160.670, 49.968, -67.503, -45.730, 6.283, 64.512, -122.550, 2.610, 199.716, 50.324, -92.497, 45.729, 6.283, 64.511, -147.450
2.620, 161.163, 49.288, -67.949, -44.671, 0.000, 65.005, -122.550, 2.620, 200.210, 49.404, -92.051, 44.670, 0.000, 65.005, -147.450
2.630, 161.648, 48.546, -74.235, -628.609, 0.000, 65.490, -122.550, 2.630, 200.695, 48.546, -85.765, 628.609, 0.000, 65.490, -147.450
2.640, 162.126, 47.746, -80.000, -576.456, 0.000, 65.968, -122.550, 2.640, 201.173, 47.746, -80.000, 576.456, 0.000, 65.968, -147.450
2.650, 162.595, 46.946, -80.000, 0.000, 0.000, 66.437, -122.550, 2.650, 201.642, 46.946, -80.000, 0.000, 0.000, 66.437, -147.450
2.660, 163.057, 46.146, -80.000, -0.000, 0.000, 66.899, -122.550, 2.660, 202.104, 46.146, -80.000, -0.000, 0.000, 66.899, -147.450
2.670, 163.510, 45.346, -80.000, -0.000, 0.000, 67.352, -122.550, 2.670, 202.557, 45.346, -80.000, -0.000, 0.000, 67.352, -147.450
2.680, 163.955, 44.546, -80.000, 0.000, 0.000, 67.798, -122.550, 2.680, 203.002, 44.546, -80.000, 0.000, 0.000, 67.798, -147.450
2.690, 164.393, 43.746, -80.000, -0.000, 0.000, 68.235, -122.550, 2.690, 203.440, 43.746, -80.000, -0.000, 0.000, 68.235, -147.450
2.700, 164.822, 42.946, -80.000, 0.000, 0.000, 68.665, -122.550, 2.700, 203.869, 42.946, -80.000, 0.000, 0.000, 68.665, -147.450
2.710, 165.244, 42.146, -80.000, 0.000, 0.000, 69.086, -122.550, 2.710, 204.291, 42.146, -80.000, 0.000, 0.000, 69.086, -147.450
2.720, 165.657, 41.346, -80.000, -0.000, 0.000, 69.499, -122.550, 2.720, 204.704, 41.346, -80.000, -0.000, 0.000, 69.499, -147.450
2.730, 166.063, 40.546, -80.000, 0.000, 0.000, 69.905, -122.550, 2.730, 205.110, 40.546, -80.000, 0.000, 0.000, 69.905, -147.450
2.740, 166.460, 39.746, -80.000, -0.000, 0.000, 70.302, -122.550, 2.740, 205.507, 39.746, -80.000, -0.000, 0.000, 70.302, -147.450
2.750, 166.850, 38.946, -80.000, 0.000, 0.000, 70.692, -122.550, 2.750, 205.897, 38.946, -80.000, 0.000, 0.000, 70.692, -147.450
2.760, 167.231, 38.146, -80.000, 0.000, 0.000, 71.073, -122.550, 2.760, 206.278, 38.146, -80.000, 0.000, 0.000, 71.073, -147.450
2.770, 167.605, 37.346, -80.000, -0.000, 0.000, 71.447, -122.550, 2.770, 206.652, 37.346, -80.000, -0.000, 0.000, 71.447, -147.450
2.780, 167.970, 36.546, -80.000, -0.000, 0.000, 71.812, -122.550, 2.780, 207.017, 36.546, -80.000, -0.000, 0.000, 71.812, -147.450
2.790, 168.328, 35.746, -80.000, 0.000, 0.000, 72.170, -122.550, 2.790, 207.375, 35.746, -80.000, 0.000, 0.000, 72.170, -147.450
2.800, 168.677, 34.946, -80.000, 0.000, 0.000, 72.519, -122.550, 2.800, 207.724, 34.946, -80.000, 0.000, 0.000, 72.519, -147.450
2.810, 169.018, 34.146, -80.000, 0.000, 0.000, 72.861, -122.550, 2.810, 208.065, 34.146, -80.000, 0.000, 0.000, 72.861, -147.450
2.820, 169.352, 33.346, -80.000, -0.000, 0.000, 73.194, -122.550, 2.820, 208.399, 33.346, -80.000, -0.000, 0.000, 73.194, -147.450
2.830, 169.677, 32.546, -80.000, -0.000, 0.000, 73.520, -122.550, 2.830, 208.724, 32.546, -80.000, -0.000, 0.000, 73.520, -147.450
2.840, 169.995, 31.746, -80.000, 0.000, 0.000, 73.837, -122.550, 2.840, 209.042, 31.746, -80.000, 0.000, 0.000, 73.837, -147.450
2.850, 170.304, 30.946, -80.000, 0.000, 0.000, 74.146, -122.550, 2.850, 209.351, 30.946, -80.000, 0.000, 0.000, 74.146, -147.450
2.860, 170.606, 30.146, -80.000, -0.000, 0.000, 74.448, -122.550, 2.860, 209.653, 30.146, -80.000, -0.000, 0.000, 74.448, -147.450
2.870, 170.899, 29.346, -80.000, -0.000, 0.000, 74.741, -122.550, 2.870, 209.946, 29.346, -80.000, -0.000, 0.000, 74.741, -147.450
2.880, 171.185, 28.546, -80.000, 0.000, 0.000, 75.027, -122.550, 2.880, 210.232, 28.546, -80.000, 0.000, 0.000, 75.027, -147.450
2.890, 171.462, 27.746, -80.000, -0.000, 0.000, 75.304, -122.550, 2.890, 210.509, 27.746, -80.000, -0.000, 0.000, 75.304, -147.450
2.900, 171.732, 26.946, -80.000, -0.000, 0.000, 75.574, -122.550, 2.900, 210.779, 26.946, -80.000, -0.000, 0.000, 75.574, -147.450
2.910, 171.993, 26.146, -80.000, 0.000, 0.000, 75.835, -122.550, 2.910, 211.040, 26.146, -80.000, 0.000, 0.000, 75.835, -147.450
2.920, 172.247, 25.346, -80.000, -0.000, 0.000, 76.089, -122.550, 2.920, 211.293, 25.346, -80.000, -0.000, 0.000, 76.089, -147.450
2.930, 172.492, 24.546, -80.000, 0.000, 0.000, 76.334, -122.550, 2.930, 211.539, 24.546, -80.000, 0.000, 0.000, 76.334, -147.450
2.940, 172.729, 23.746, -80.000, 0.000, 0.000, 76.572, -122.550, 2.940, 211.776, 23.746, -80.000, 0.000, 0.000, 76.572, -147.450
2.950, 172.959, 22.946, -80.000, -0.000, 0.000, 76.801, -122.550, 2.950, 212.006, 22.946, -80.000, -0.000, 0.000, 76.801, -147.450
2.960, 173.180, 22.146, -80.000, 0.000, 0.000, 77.023, -122.550, 2.960, 212.227, 22.146, -80.000, 0.000, 0.000, 77.023, -147.450
2.970, 173.394, 21.346, -80.000, 0.000, 0.000, 77.236, -122.550, 2.970, 212.441, 21.346, -80.000, 0.000, 0.000, 77.236, -147.450
2.980, 173.599, 20.546, -80.000, -0.000, 0.000, 77.441, -122.550, 2.980, 212.646, 20.546, -80.000, -0.000, 0.000, 77.441, -147.450
2.990, 173.797, 19.746, -80.000, 0.000, 0.000, 77.639, -122.550, 2.990, 212.844, 19.746, -80.000, 0.000, 0.000, 77.639, -147.450
3.000, 173.986, 18.946, -80.000, 0.000, 0.000, 77.828, -122.550, 3.000, 213.033, 18.946, -80.000, 0.000, 0.000, 77.828, -147.450
3.010, 174.168, 18.146, -80.000, -0.000, 0.000, 78.010, -122.550, 3.010, 213.215, 18.146, -80.000, -0.000, 0.000, 78.010, -147.450
3.020, 174.341, 17.346, -80.000, 0.000, 0.000, 78.183, -122.550, 3.020, 213.388, 17.346, -80.000, 0.000, 0.000, 78.183, -147.450
3.030, 174.507, 16.546, -80.000, -0.000, 0.000, 78.349, -122.550, 3.030, 213.554, 16.546, -80.000, -0.000, 0.000, 78.349, -147.450
3.040, 174.664, 15.746, -80.000, 0.000, 0.000, 78.506, -122.550, 3.040, 213.711, 15.746, -80.000, 0.000, 0.000, 78.506, -147.450
3.050, 174.814, 14.946, -80.000, 0.000, 0.000, 78.656, -122.550, 3.050, 213.860, 14.946, -80.000, 0.000, 0.000, 78.656, -147.450
3.060, 174.955, 14.146, -80.000, -0.000, 0.000, 78.797, -122.550, 3.060, 214.002, 14.146, -80.000, -0.000, 0.000, 78.797, -147.450
3.070, 175.088, 13.346, -80.000, -0.000, 0.000, 78.931, -122.550, 3.070, 214.135, 13.346, -80.000, -0.000, 0.000, 78.931, -147.450
3.080, 175.214, 12.546, -80.000, 0.000, 0.000, 79.056, -122.550, 3.080, 214.261, 12.546, -80.000, 0.000, 0.000, 79.056, -147.450
3.090, 175.331, 11.746, -80.000, -0.000, 0.000, 79.174, -122.550, 3.090, 214.378, 11.746, -80.000, -0.000, 0.000, 79.174, -147.450
3.100, 175.441, 10.946, -80.000, -0.000, 0.000, 79.283, -122.550, 3.100, 214.488, 10.946, -80.000, -0.000, 0.000, 79.283, -147.450
3.110, 175.542, 10.146, -80.000, 0.000, 0.000, 79.384, -122.550, 3.110, 214.589, 10.146, -80.000, 0.000, 0.000, 79.384, -147.450
3.120, 175.636, 9.346, -80.000, -0.000, 0.000, 79.478, -122.550, 3.120, 214.683, 9.346, -80.000, -0.000, 0.000, 79.478, -147.450
3.130, 175.721, 8.546, -80.000, 0.000, 0.000, 79.563, -122.550, 3.130, 214.768, 8.546, -80.000, 0.000, 0.000, 79.563, -147.450
3.140, 175.799, 7.746, -80.000, 0.000, 0.000, 79.641, -122.550, 3.140, 214.846, 7.746, -80.000, 0.000, 0.000, 79.641, -147.450
3.150, 175.868, 6.946, -80.000, -0.000, 0.000, 79.710, -122.550, 3.150, 214.915, 6.946, -80.000, -0.000, 0.000, 79.710, -147.450
3.160, 175.930, 6.146, -80.000, 0.000, 0.000, 79.772, -122.550, 3.160, 214.977, 6.146, -80.000, 0.000, 0.000, 79.772, -147.450
3.170, 175.983, 5.346, -80.000, 0.000, 0.000, 79.825, -122.550, 3.170, 215.030, 5.346, -80.000, 0.000, 0.000, 79.825, -147.450
3.180, 176.029, 4.546, -80.000, -0.000, 0.000, 79.871, -122.550, 3.180, 215.075, 4.546, -80.000, -0.000, 0.000, 79.871, -147.450
3.190, 176.066, 3.746, -80.000, 0.000, 0.000, 79.908, -122.550, 3.190, 215.113, 3.746, -80.000, 0.000, 0.000, 79.908, -147.450
3.200, 176.096, 2.962, -78.413, 158.674, 0.000, 79.938, -122.550, 3.200, 215.143, 2.962, -78.413, 158.674, 0.000, 79.938, -147.450
3.210, 176.118, 2.244, -71.827, 658.674, 0.000, 79.960, -122.550, 3.210, 215.165, 2.244, -71.827, 658.674, 0.000, 79.960, -147.450
3.220, 176.134, 1.625, -61.827, 1000.000, 0.000, 79.976, -122.550, 3.220, 215.181, 1.625, -61.827, 1000.000, 0.000, 79.976, -147.450
3.230, 176.145, 1.107, -51.827, 1000.000, 0.000, 79.988, -122.550, 3.230, 215.192, 1.107, -51.827, 1000.000, 0.000, 79.988, -147.450
3.240, 176.152, 0.689, -41.827, 1000.000, 0.000, 79.994, -122.550, 3.240, 215.199, 0.689, -41.827, 1000.000, 0.000, 79.994, -147.450
3.250, 176.156, 0.371, -31.827, 1000.000, 0.000, 79.998, -122.550, 3.250, 215.203, 0.371, -31.827, 1000.000, 0.000, 79.998, -147.450
3.260, 176.157, 0.152, -21.827, 1000.000, 0.000, 80.000, -122.550, 3.260, 215.204, 0.152, -21.827, 1000.000, 0.000, 80.000, -147.450
3.270, 176.158, 0.034, -11.827, 1000.000, 0.000, 80.000, -122.550, 3.270, 215.205, 0.034, -11.827, 1000.000, 0.000, 80.000, -147.450
3.280, 176.158, 0.000, -3.413, 841.326, 0.000, 80.000, -122.550, 3.280, 215.205, 0.000, -3.413, 841.326, 0.000, 80.000, -147.450
