0.000, 0.001, 0.100, 10.000, 1000.000, 1.570, -12.450, 0.010, 0.000, 0.001, 0.100, 10.000, 1000.000, 1.570, 12.450, -0.009
0.010, 0.002, 0.200, 10.000, -0.000, 1.570, -12.450, 0.012, 0.010, 0.003, 0.200, 10.000, 0.000, 1.570, 12.450, -0.007
0.020, 0.007, 0.450, 25.000, 1499.997, 1.570, -12.450, 0.017, 0.020, 0.007, 0.450, 25.000, 1500.003, 1.570, 12.450, -0.003
0.030, 0.015, 0.800, 35.000, 999.992, 1.570, -12.450, 0.025, 0.030, 0.015, 0.800, 35.000, 1000.008, 1.570, 12.450, 0.005
0.040, 0.027, 1.250, 45.000, 999.982, 1.570, -12.450, 0.037, 0.040, 0.028, 1.250, 45.000, 1000.018, 1.570, 12.450, 0.018
0.050, 0.045, 1.800, 54.999, 999.965, 1.570, -12.450, 0.055, 0.050, 0.046, 1.800, 55.001, 1000.035, 1.570, 12.450, 0.036
0.060, 0.070, 2.450, 64.999, 999.940, 1.570, -12.450, 0.080, 0.060, 0.070, 2.450, 65.001, 1000.060, 1.570, 12.450, 0.060
0.070, 0.102, 3.200, 74.998, 999.905, 1.570, -12.450, 0.112, 0.070, 0.102, 3.200, 75.002, 1000.095, 1.570, 12.450, 0.092
0.080, 0.142, 4.000, 79.997, 499.871, 1.570, -12.450, 0.152, 0.080, 0.142, 4.000, 80.003, 500.129, 1.570, 12.450, 0.132
0.090, 0.190, 4.800, 79.995, -0.156, 1.570, -12.450, 0.200, 0.090, 0.190, 4.800, 80.005, 0.156, 1.570, 12.450, 0.180
0.100, 0.246, 5.600, 79.993, -0.185, 1.570, -12.450, 0.256, 0.100, 0.246, 5.600, 80.007, 0.185, 1.570, 12.450, 0.236
0.110, 0.310, 6.400, 79.991, -0.214, 1.570, -12.450, 0.320, 0.110, 0.310, 6.400, 80.009, 0.214, 1.570, 12.450, 0.300
0.120, 0.382, 7.200, 79.989, -0.242, 1.570, -12.450, 0.392, 0.120, 0.382, 7.200, 80.011, 0.242, 1.570, 12.450, 0.372
0.130, 0.462, 7.999, 79.986, -0.270, 1.570, -12.450, 0.472, 0.130, 0.462, 8.001, 80.014, 0.270, 1.570, 12.450, 0.452
0.140, 0.550, 8.799, 79.983, -0.295, 1.570, -12.450, 0.560, 0.140, 0.550, 8.801, 80.017, 0.295, 1.570, 12.450, 0.540
0.150, 0.646, 9.599, 79.980, -0.320, 1.570, -12.449, 0.656, 0.150, 0.646, 9.601, 80.020, 0.320, 1.570, 12.451, 0.636
0.160, 0.750, 10.399, 79.976, -0.344, 1.570, -12.449, 0.760, 0.160, 0.750, 10.401, 80.024, 0.344, 1.570, 12.451, 0.740
0.170, 0.862, 11.199, 79.973, -0.366, 1.570, -12.449, 0.872, 0.170, 0.862, 11.201, 80.027, 0.366, 1.570, 12.451, 0.852
0.180, 0.982, 11.998, 79.969, -0.386, 1.570, -12.449, 0.992, 0.180, 0.982, 12.002, 80.031, 0.386, 1.570, 12.451, 0.972
0.190, 1.110, 12.798, 79.965, -0.405, 1.570, -12.449, 1.120, 0.190, 1.110, 12.802, 80.035, 0.405, 1.570, 12.451, 1.100
0.200, 1.246, 13.598, 79.960, -0.422, 1.570, -12.449, 1.256, 0.200, 1.246, 13.602, 80.040, 0.422, 1.570, 12.451, 1.236
0.210, 1.390, 14.397, 79.956, -0.437, 1.570, -12.449, 1.400, 0.210, 1.390, 14.403, 80.044, 0.437, 1.570, 12.451, 1.380
0.220, 1.542, 15.197, 79.952, -0.450, 1.570, -12.449, 1.552, 0.220, 1.542, 15.203, 80.048, 0.450, 1.570, 12.451, 1.532
0.230, 1.702, 15.996, 79.947, -0.461, 1.570, -12.449, 1.712, 0.230, 1.702, 16.004, 80.053, 0.461, 1.570, 12.451, 1.692
0.240, 1.870, 16.795, 79.942, -0.470, 1.570, -12.449, 1.880, 0.240, 1.870, 16.805, 80.058, 0.470, 1.570, 12.451, 1.860
0.250, 2.046, 17.595, 79.938, -0.477, 1.570, -12.448, 2.056, 0.250, 2.046, 17.605, 80.062, 0.477, 1.570, 12.452, 2.036
0.260, 2.230, 18.394, 79.933, -0.481, 1.570, -12.448, 2.240, 0.260, 2.230, 18.406, 80.067, 0.481, 1.570, 12.452, 2.220
0.270, 2.422, 19.193, 79.928, -0.483, 1.570, -12.448, 2.431, 0.270, 2.422, 19.207, 80.072, 0.483, 1.570, 12.452, 2.413
0.280, 2.621, 19.993, 79.923, -0.483, 1.570, -12.448, 2.631, 0.280, 2.623, 20.007, 80.077, 0.483, 1.570, 12.452, 2.613
0.290, 2.829, 20.792, 79.918, -0.480, 1.570, -12.448, 2.839, 0.290, 2.831, 20.808, 80.082, 0.480, 1.570, 12.452, 2.821
0.300, 3.045, 21.591, 79.913, -0.475, 1.570, -12.448, 3.055, 0.300, 3.047, 21.609, 80.087, 0.475, 1.570, 12.452, 3.037
0.310, 3.269, 22.390, 79.909, -0.467, 1.570, -12.447, 3.279, 0.310, 3.271, 22.410, 80.091, 0.467, 1.570, 12.453, 3.261
0.320, 3.501, 23.189, 79.904, -0.456, 1.570, -12.447, 3.511, 0.320, 3.503, 23.211, 80.096, 0.456, 1.570, 12.453, 3.493
0.330, 3.741, 23.988, 79.900, -0.443, 1.570, -12.447, 3.751, 0.330, 3.743, 24.012, 80.100, 0.443, 1.570, 12.453, 3.733
0.340, 3.989, 24.787, 79.896, -0.427, 1.570, -12.447, 3.999, 0.340, 3.991, 24.813, 80.104, 0.427, 1.570, 12.453, 3.981
0.350, 4.245, 25.586, 79.891, -0.408, 1.570, -12.447, 4.255, 0.350, 4.247, 25.614, 80.109, 0.408, 1.570, 12.453, 4.237
0.360, 4.509, 26.385, 79.888, -0.386, 1.570, -12.447, 4.518, 0.360, 4.511, 26.415, 80.112, 0.386, 1.570, 12.453, 4.502
0.370, 4.780, 27.184, 79.884, -0.362, 1.570, -12.446, 4.790, 0.370, 4.784, 27.216, 80.116, 0.362, 1.570, 12.454, 4.774
0.380, 5.060, 27.983, 79.881, -0.335, 1.570, -12.446, 5.070, 0.380, 5.064, 28.017, 80.119, 0.335, 1.570, 12.454, 5.054
0.390, 5.348, 28.781, 79.878, -0.305, 1.570, -12.446, 5.358, 0.390, 5.352, 28.819, 80.122, 0.305, 1.570, 12.454, 5.342
0.400, 5.644, 29.580, 79.875, -0.273, 1.570, -12.446, 5.654, 0.400, 5.648, 29.620, 80.125, 0.273, 1.570, 12.454, 5.638
0.410, 5.948, 30.379, 79.872, -0.237, 1.570, -12.446, 5.958, 0.410, 5.952, 30.421, 80.128, 0.237, 1.570, 12.454, 5.942
0.420, 6.259, 31.177, 79.870, -0.199, 1.570, -12.445, 6.269, 0.420, 6.265, 31.223, 80.130, 0.199, 1.570, 12.455, 6.255
0.430, 6.579, 31.976, 79.869, -0.159, 1.570, -12.445, 6.589, 0.430, 6.585, 32.024, 80.131, 0.159, 1.570, 12.455, 6.575
0.440, 6.907, 32.775, 79.868, -0.116, 1.570, -12.445, 6.917, 0.440, 6.913, 32.825, 80.132, 0.116, 1.570, 12.455, 6.903
0.450, 7.243, 33.574, 79.867, -0.070, 1.570, -12.445, 7.253, 0.450, 7.249, 33.626, 80.133, 0.070, 1.570, 12.455, 7.239
0.460, 7.586, 34.372, 79.867, -0.021, 1.570, -12.445, 7.596, 0.460, 7.594, 34.428, 80.133, 0.021, 1.570, 12.455, 7.584
0.470, 7.938, 35.171, 79.867, 0.029, 1.570, -12.445, 7.948, 0.470, 7.946, 35.229, 80.133, -0.029, 1.570, 12.455, 7.936
0.480, 8.298, 35.970, 79.868, 0.082, 1.570, -12.444, 8.308, 0.480, 8.306, 36.030, 80.132, -0.082, 1.570, 12.456, 8.296
0.490, 8.665, 36.768, 79.869, 0.137, 1.570, -12.444, 8.675, 0.490, 8.675, 36.832, 80.131, -0.137, 1.570, 12.456, 8.665
0.500, 9.041, 37.567, 79.871, 0.195, 1.570, -12.444, 9.051, 0.500, 9.051, 37.633, 80.129, -0.195, 1.570, 12.456, 9.041
0.510, 9.425, 38.366, 79.874, 0.254, 1.570, -12.444, 9.435, 0.510, 9.435, 38.434, 80.126, -0.254, 1.570, 12.456, 9.425
0.520, 9.816, 39.164, 79.877, 0.315, 1.570, -12.444, 9.826, 0.520, 9.828, 39.236, 80.123, -0.315, 1.570, 12.456, 9.818
0.530, 10.216, 39.963, 79.881, 0.378, 1.570, -12.444, 10.226, 0.530, 10.228, 40.037, 80.119, -0.378, 1.570, 12.456, 10.218
0.540, 10.624, 40.762, 79.885, 0.442, 1.571, -12.444, 10.634, 0.540, 10.636, 40.838, 80.115, -0.442, 1.571, 12.456, 10.626
0.550, 11.039, 41.561, 79.890, 0.508, 1.571, -12.443, 11.049, 0.550, 11.053, 41.639, 80.110, -0.508, 1.571, 12.457, 11.043
0.560, 11.463, 42.360, 79.896, 0.575, 1.571, -12.443, 11.473, 0.560, 11.477, 42.440, 80.104, -0.575, 1.571, 12.457, 11.467
0.570, 11.894, 43.159, 79.902, 0.643, 1.571, -12.443, 11.904, 0.570, 11.910, 43.241, 80.098, -0.643, 1.571, 12.457, 11.900
0.580, 12.334, 43.958, 79.910, 0.712, 1.571, -12.443, 12.344, 0.580, 12.350, 44.042, 80.090, -0.712, 1.571, 12.457, 12.340
0.590, 12.782, 44.757, 79.917, 0.782, 1.571, -12.443, 12.792, 0.590, 12.798, 44.843, 80.083, -0.782, 1.571, 12.457, 12.788
0.600, 13.237, 45.557, 79.926, 0.852, 1.571, -12.443, 13.247, 0.600, 13.255, 45.643, 80.074, -0.852, 1.571, 12.457, 13.245
0.610, 13.701, 46.356, 79.935, 0.922, 1.571, -12.443, 13.711, 0.610, 13.719, 46.444, 80.065, -0.922, 1.571, 12.457, 13.709
0.620, 14.172, 47.155, 79.945, 0.992, 1.571, -12.443, 14.182, 0.620, 14.192, 47.245, 80.055, -0.992, 1.571, 12.457, 14.182
0.630, 14.652, 47.955, 79.956, 1.062, 1.571, -12.443, 14.662, 0.630, 14.672, 48.045, 80.044, -1.062, 1.571, 12.457, 14.662
0.640, 15.139, 48.755, 79.967, 1.131, 1.571, -12.443, 15.149, 0.640, 15.161, 48.845, 80.033, -1.131, 1.571, 12.457, 15.151
0.650, 15.635, 49.554, 79.979, 1.199, 1.571, -12.443, 15.645, 0.650, 15.657, 49.646, 80.021, -1.199, 1.571, 12.457, 15.647
0.660, 16.138, 50.354, 79.992, 1.266, 1.571, -12.443, 16.148, 0.660, 16.162, 50.446, 80.008, -1.266, 1.571, 12.457, 16.152
0.670, 16.650, 51.154, 80.005, 1.331, 1.571, -12.443, 16.660, 0.670, 16.674, 51.246, 79.995, -1.331, 1.571, 12.457, 16.664
0.680, 17.170, 51.954, 80.019, 1.395, 1.571, -12.443, 17.179, 0.680, 17.194, 52.046, 79.981, -1.395, 1.571, 12.457, 17.185
0.690, 17.697, 52.755, 80.033, 1.456, 1.571, -12.443, 17.707, 0.690, 17.723, 52.845, 79.967, -1.456, 1.571, 12.457, 17.713
0.700, 18.233, 53.555, 80.049, 1.514, 1.571, -12.444, 18.243, 0.700, 18.259, 53.645, 79.951, -1.514, 1.571, 12.456, 18.249
0.710, 18.776, 54.356, 80.064, 1.570, 1.571, -12.444, 18.786, 0.710, 18.804, 54.444, 79.936, -1.570, 1.571, 12.456, 18.794
0.720, 19.328, 55.157, 80.080, 1.622, 1.571, -12.444, 19.338, 0.720, 19.356, 55.243, 79.920, -1.622, 1.571, 12.456, 19.346
0.730, 19.887, 55.958, 80.097, 1.671, 1.571, -12.444, 19.897, 0.730, 19.917, 56.042, 79.903, -1.671, 1.571, 12.456, 19.907
0.740, 20.455, 56.759, 80.114, 1.715, 1.571, -12.444, 20.465, 0.740, 20.485, 56.841, 79.886, -1.715, 1.571, 12.456, 20.475
0.750, 21.031, 57.560, 80.132, 1.755, 1.571, -12.445, 21.040, 0.750, 21.061, 57.640, 79.868, -1.755, 1.571, 12.455, 21.052
0.760, 21.614, 58.362, 80.150, 1.789, 1.571, -12.445, 21.624, 0.760, 21.646, 58.438, 79.850, -1.789, 1.571, 12.455, 21.636
0.770, 22.206, 59.163, 80.168, 1.818, 1.571, -12.445, 22.216, 0.770, 22.238, 59.237, 79.832, -1.818, 1.571, 12.455, 22.228
0.780, 22.805, 59.965, 80.186, 1.841, 1.571, -12.445, 22.815, 0.780, 22.839, 60.035, 79.814, -1.841, 1.571, 12.455, 22.829
0.790, 23.413, 60.767, 80.205, 1.857, 1.571, -12.446, 23.423, 0.790, 23.447, 60.833, 79.795, -1.857, 1.571, 12.454, 23.437
0.800, 24.029, 61.570, 80.224, 1.866, 1.571, -12.446, 24.039, 0.800, 24.063, 61.630, 79.776, -1.866, 1.571, 12.454, 24.053
0.810, 24.653, 62.372, 80.242, 1.867, 1.571, -12.446, 24.662, 0.810, 24.687, 62.428, 79.758, -1.867, 1.571, 12.454, 24.678
0.820, 25.284, 63.175, 80.261, 1.860, 1.571, -12.447, 25.294, 0.820, 25.320, 63.225, 79.739, -1.860, 1.571, 12.453, 25.310
0.830, 25.924, 63.977, 80.279, 1.844, 1.571, -12.447, 25.934, 0.830, 25.960, 64.023, 79.721, -1.844, 1.571, 12.453, 25.950
0.840, 26.572, 64.780, 80.297, 1.819, 1.571, -12.448, 26.582, 0.840, 26.608, 64.820, 79.703, -1.819, 1.571, 12.452, 26.598
0.850, 27.228, 65.583, 80.315, 1.784, 1.571, -12.448, 27.238, 0.850, 27.264, 65.617, 79.685, -1.784, 1.571, 12.452, 27.254
0.860, 27.892, 66.387, 80.333, 1.737, 1.571, -12.449, 27.902, 0.860, 27.928, 66.413, 79.667, -1.737, 1.571, 12.451, 27.918
0.870, 28.563, 67.190, 80.349, 1.680, 1.571, -12.449, 28.573, 0.870, 28.601, 67.210, 79.651, -1.680, 1.571, 12.451, 28.591
0.880, 29.243, 67.994, 80.366, 1.611, 1.571, -12.449, 29.253, 0.880, 29.281, 68.006, 79.634, -1.611, 1.571, 12.451, 29.271
0.890, 29.931, 68.798, 80.381, 1.528, 1.571, -12.450, 29.941, 0.890, 29.969, 68.802, 79.619, -1.528, 1.571, 12.450, 29.959
0.900, 30.627, 69.602, 80.395, 1.433, 1.571, -12.450, 30.637, 0.900, 30.665, 69.598, 79.605, -1.433, 1.571, 12.450, 30.655
0.910, 31.331, 70.406, 80.408, 1.323, 1.571, -12.451, 31.341, 0.910, 31.369, 70.394, 79.592, -1.323, 1.571, 12.449, 31.359
0.920, 32.044, 71.210, 80.420, 1.198, 1.571, -12.451, 32.053, 0.920, 32.080, 71.190, 79.580, -1.198, 1.571, 12.449, 32.070
0.930, 32.764, 72.014, 80.431, 1.057, 1.571, -12.452, 32.774, 0.930, 32.800, 71.986, 79.569, -1.057, 1.571, 12.448, 32.790
0.940, 33.492, 72.819, 80.440, 0.900, 1.571, -12.452, 33.502, 0.940, 33.528, 72.781, 79.560, -0.900, 1.571, 12.448, 33.518
0.950, 34.228, 73.623, 80.447, 0.725, 1.571, -12.453, 34.238, 0.950, 34.264, 73.577, 79.553, -0.725, 1.571, 12.447, 34.254
0.960, 34.972, 74.428, 80.453, 0.533, 1.571, -12.453, 34.982, 0.960, 35.008, 74.372, 79.547, -0.533, 1.571, 12.447, 34.998
0.970, 35.725, 75.232, 80.456, 0.321, 1.571, -12.454, 35.735, 0.970, 35.759, 75.168, 79.544, -0.321, 1.571, 12.446, 35.749
0.980, 36.485, 76.037, 80.457, 0.089, 1.571, -12.454, 36.495, 0.980, 36.519, 75.963, 79.543, -0.089, 1.571, 12.446, 36.509
0.990, 37.254, 76.841, 80.455, -0.164, 1.571, -12.455, 37.263, 0.990, 37.286, 76.759, 79.545, 0.164, 1.571, 12.445, 37.277
1.000, 38.030, 77.646, 80.451, -0.438, 1.571, -12.455, 38.040, 1.000, 38.062, 77.554, 79.549, 0.438, 1.571, 12.445, 38.052
1.010, 38.814, 78.450, 80.443, -0.736, 1.571, -12.455, 38.824, 1.010, 38.846, 78.350, 79.557, 0.736, 1.571, 12.445, 38.836
1.020, 39.607, 79.255, 80.433, -1.057, 1.571, -12.456, 39.617, 1.020, 39.637, 79.145, 79.567, 1.057, 1.571, 12.444, 39.627
1.030, 40.408, 80.059, 80.419, -1.403, 1.571, -12.456, 40.418, 1.030, 40.436, 79.941, 79.581, 1.403, 1.571, 12.444, 40.426
1.040, 41.216, 80.863, 80.401, -1.774, 1.571, -12.456, 41.226, 1.040, 41.244, 80.737, 79.599, 1.774, 1.571, 12.444, 41.234
1.050, 42.033, 81.667, 80.379, -2.172, 1.571, -12.457, 42.043, 1.050, 42.059, 81.533, 79.621, 2.172, 1.571, 12.443, 42.049
1.060, 42.858, 82.470, 80.353, -2.599, 1.571, -12.457, 42.868, 1.060, 42.882, 82.330, 79.647, 2.599, 1.571, 12.443, 42.872
1.070, 43.690, 83.273, 80.323, -3.054, 1.571, -12.457, 43.700, 1.070, 43.714, 83.127, 79.677, 3.054, 1.571, 12.443, 43.704
1.080, 44.531, 84.076, 80.287, -3.539, 1.571, -12.457, 44.541, 1.080, 44.553, 83.924, 79.713, 3.539, 1.571, 12.443, 44.543
1.090, 45.380, 84.879, 80.247, -4.055, 1.571, -12.457, 45.390, 1.090, 45.400, 84.721, 79.753, 4.055, 1.571, 12.443, 45.390
1.100, 46.237, 85.681, 80.201, -4.604, 1.571, -12.457, 46.247, 1.100, 46.255, 85.519, 79.799, 4.604, 1.571, 12.443, 46.245
1.110, 47.102, 86.482, 80.149, -5.187, 1.571, -12.457, 47.111, 1.110, 47.118, 86.318, 79.851, 5.187, 1.571, 12.443, 47.109
1.120, 47.974, 87.283, 80.091, -5.804, 1.571, -12.457, 47.984, 1.120, 47.990, 87.117, 79.909, 5.804, 1.571, 12.443, 47.980
1.130, 48.855, 88.083, 80.026, -6.457, 1.571, -12.457, 48.865, 1.130, 48.869, 87.917, 79.974, 6.457, 1.571, 12.443, 48.859
1.140, 49.744, 88.883, 79.955, -7.148, 1.570, -12.456, 49.754, 1.140, 49.756, 88.717, 80.045, 7.148, 1.570, 12.444, 49.746
1.150, 50.641, 89.682, 79.876, -7.877, 1.570, -12.456, 50.651, 1.150, 50.651, 89.518, 80.124, 7.877, 1.570, 12.444, 50.641
1.160, 51.546, 90.480, 79.790, -8.646, 1.570, -12.456, 51.556, 1.160, 51.554, 90.320, 80.210, 8.646, 1.570, 12.444, 51.544
1.170, 52.458, 91.277, 79.695, -9.457, 1.570, -12.455, 52.468, 1.170, 52.466, 91.123, 80.305, 9.457, 1.570, 12.445, 52.456
1.180, 53.379, 92.072, 79.592, -10.310, 1.570, -12.455, 53.389, 1.180, 53.385, 91.928, 80.408, 10.310, 1.570, 12.445, 53.375
1.190, 54.308, 92.867, 79.480, -11.207, 1.570, -12.454, 54.318, 1.190, 54.312, 92.733, 80.520, 11.207, 1.570, 12.446, 54.302
1.200, 55.244, 93.661, 79.358, -12.149, 1.570, -12.454, 55.254, 1.200, 55.248, 93.539, 80.642, 12.149, 1.570, 12.446, 55.238
1.210, 56.189, 94.453, 79.227, -13.139, 1.570, -12.453, 56.199, 1.210, 56.191, 94.347, 80.773, 13.139, 1.570, 12.447, 56.181
1.220, 57.141, 95.244, 79.085, -14.177, 1.570, -12.452, 57.151, 1.220, 57.143, 95.156, 80.915, 14.177, 1.570, 12.448, 57.133
1.230, 58.102, 96.033, 78.932, -15.265, 1.570, -12.451, 58.112, 1.230, 58.102, 95.967, 81.068, 15.265, 1.570, 12.448, 58.092
1.240, 59.070, 96.821, 78.768, -16.404, 1.570, -12.451, 59.080, 1.240, 59.070, 96.779, 81.232, 16.404, 1.570, 12.449, 59.060
1.250, 60.046, 97.557, 73.609, -515.941, 1.570, -12.450, 60.055, 1.250, 60.045, 97.543, 76.391, -484.059, 1.570, 12.450, 60.036
1.260, 61.028, 98.277, 71.979, -163.001, 1.570, -12.449, 61.038, 1.260, 61.027, 98.123, 58.021, -1836.999, 1.570, 12.451, 61.017
1.270, 62.018, 98.975, 69.808, -217.056, 1.570, -12.448, 62.028, 1.270, 62.012, 98.525, 40.192, -1782.946, 1.570, 12.452, 62.002
1.280, 63.014, 99.583, 60.844, -896.402, 1.569, -12.447, 63.024, 1.280, 63.000, 98.817, 29.156, -1103.601, 1.569, 12.453, 62.990
1.290, 64.015, 100.102, 51.836, -900.809, 1.569, -12.445, 64.025, 1.290, 63.990, 98.998, 18.164, -1099.194, 1.569, 12.454, 63.980
1.300, 65.020, 100.530, 42.778, -905.806, 1.568, -12.443, 65.030, 1.300, 64.981, 99.070, 7.222, -1094.197, 1.568, 12.457, 64.971
1.310, 66.029, 100.866, 33.665, -911.369, 1.568, -12.441, 66.039, 1.310, 65.971, 99.034, -3.665, -1088.635, 1.568, 12.459, 65.961
1.320, 67.040, 101.111, 24.490, -917.477, 1.567, -12.437, 67.050, 1.320, 66.960, 98.889, -14.490, -1082.528, 1.567, 12.463, 66.950
1.330, 68.053, 101.314, 20.320, -417.021, 1.566, -12.432, 68.063, 1.330, 67.947, 98.686, -20.320, -582.984, 1.566, 12.467, 67.937
1.340, 69.068, 101.526, 21.203, 88.322, 1.565, -12.427, 69.078, 1.340, 68.932, 98.474, -21.203, -88.328, 1.565, 12.473, 68.922
1.350, 70.086, 101.747, 22.102, 89.915, 1.563, -12.420, 70.096, 1.350, 69.914, 98.253, -22.102, -89.921, 1.563, 12.480, 69.904
1.360, 71.106, 101.978, 23.021, 91.878, 1.562, -12.411, 71.115, 1.360, 70.894, 98.022, -23.021, -91.885, 1.562, 12.488, 70.884
1.370, 72.128, 102.217, 23.963, 94.222, 1.560, -12.401, 72.138, 1.370, 71.872, 97.783, -23.964, -94.230, 1.560, 12.498, 71.862
1.380, 73.152, 102.466, 24.933, 96.959, 1.558, -12.388, 73.162, 1.380, 72.848, 97.533, -24.933, -96.967, 1.558, 12.510, 72.837
1.390, 74.180, 102.726, 25.934, 100.098, 1.556, -12.374, 74.189, 1.390, 73.820, 97.274, -25.934, -100.110, 1.556, 12.523, 73.810
1.400, 75.210, 102.996, 26.970, 103.659, 1.553, -12.357, 75.219, 1.400, 74.790, 97.004, -26.971, -103.668, 1.553, 12.539, 74.780
1.410, 76.242, 103.276, 28.047, 107.650, 1.551, -12.337, 76.252, 1.410, 75.758, 96.724, -28.048, -107.662, 1.551, 12.558, 75.747
1.420, 77.278, 103.568, 29.168, 112.091, 1.548, -12.315, 77.287, 1.420, 76.722, 96.432, -29.169, -112.103, 1.548, 12.578, 76.711
1.430, 78.317, 103.871, 30.338, 116.997, 1.545, -12.289, 78.325, 1.430, 77.683, 96.129, -30.339, -117.013, 1.545, 12.602, 77.672
1.440, 79.359, 104.187, 31.561, 122.390, 1.541, -12.260, 79.367, 1.440, 78.641, 95.813, -31.563, -122.402, 1.541, 12.629, 78.630
1.450, 80.404, 104.515, 32.844, 128.281, 1.538, -12.227, 80.412, 1.450, 79.596, 95.485, -32.846, -128.300, 1.538, 12.659, 79.584
1.460, 81.452, 104.857, 34.191, 134.700, 1.534, -12.191, 81.460, 1.460, 80.548, 95.143, -34.193, -134.716, 1.534, 12.692, 80.535
1.470, 82.505, 105.213, 35.608, 141.658, 1.529, -12.149, 82.511, 1.470, 81.495, 94.787, -35.610, -141.680, 1.529, 12.729, 81.482
1.480, 83.560, 105.584, 37.100, 149.185, 1.525, -12.103, 83.566, 1.480, 82.440, 94.416, -37.102, -149.205, 1.525, 12.771, 82.426
1.490, 84.620, 105.971, 38.673, 157.291, 1.520, -12.052, 84.624, 1.490, 83.380, 94.029, -38.675, -157.320, 1.520, 12.816, 83.365
1.500, 85.684, 106.374, 40.333, 166.009, 1.515, -11.996, 85.686, 1.500, 84.316, 93.626, -40.335, -166.035, 1.515, 12.866, 84.300
1.510, 86.752, 106.795, 42.086, 175.346, 1.510, -11.933, 86.753, 1.510, 85.248, 93.205, -42.089, -175.376, 1.510, 12.920, 85.230
1.520, 87.824, 107.234, 43.939, 185.323, 1.504, -11.865, 87.823, 1.520, 86.176, 92.765, -43.943, -185.357, 1.504, 12.979, 86.156
1.530, 88.901, 107.693, 45.899, 195.953, 1.498, -11.789, 88.897, 1.530, 87.099, 92.306, -45.903, -195.988, 1.498, 13.044, 87.077
1.540, 89.983, 108.173, 47.971, 207.237, 1.491, -11.707, 89.976, 1.540, 88.017, 91.827, -47.975, -207.281, 1.491, 13.114, 87.992
1.550, 91.070, 108.675, 50.163, 219.184, 1.484, -11.617, 91.059, 1.550, 88.930, 91.325, -50.168, -219.228, 1.484, 13.190, 88.902
1.560, 92.162, 109.200, 52.481, 231.777, 1.477, -11.518, 92.146, 1.560, 89.838, 90.800, -52.486, -231.825, 1.477, 13.272, 89.807
1.570, 93.259, 109.749, 54.931, 244.993, 1.469, -11.411, 93.238, 1.570, 90.741, 90.251, -54.936, -245.052, 1.469, 13.360, 90.705
1.580, 94.362, 110.324, 57.519, 258.803, 1.461, -11.294, 94.335, 1.580, 91.638, 89.675, -57.525, -258.861, 1.461, 13.455, 91.597
1.590, 95.471, 110.927, 60.250, 273.137, 1.452, -11.167, 95.437, 1.590, 92.528, 89.073, -60.257, -273.204, 1.452, 13.557, 92.481
1.600, 96.587, 111.558, 63.129, 287.915, 1.443, -11.030, 96.544, 1.600, 93.413, 88.441, -63.137, -287.992, 1.443, 13.666, 93.359
1.610, 97.709, 112.219, 66.160, 303.023, 1.433, -10.881, 97.657, 1.610, 94.291, 87.780, -66.168, -303.106, 1.433, 13.782, 94.229
1.620, 98.838, 112.913, 69.343, 318.303, 1.422, -10.719, 98.774, 1.620, 95.162, 87.086, -69.352, -318.393, 1.422, 13.907, 95.091
1.630, 99.975, 113.640, 72.678, 333.550, 1.411, -10.545, 99.897, 1.630, 96.025, 86.359, -72.688, -333.649, 1.411, 14.039, 95.944
1.640, 101.119, 114.401, 76.163, 348.498, 1.400, -10.357, 101.026, 1.640, 96.881, 85.598, -76.175, -348.615, 1.400, 14.180, 96.789
1.650, 102.271, 115.199, 79.791, 362.831, 1.388, -10.154, 102.160, 1.650, 97.729, 84.800, -79.804, -362.946, 1.388, 14.329, 97.624
1.660, 103.431, 116.035, 83.552, 376.108, 1.375, -9.936, 103.299, 1.660, 98.569, 83.964, -83.567, -376.247, 1.375, 14.487, 98.448
1.670, 104.600, 116.909, 87.431, 387.846, 1.361, -9.700, 104.444, 1.670, 99.400, 83.089, -87.446, -387.987, 1.361, 14.655, 99.262
1.680, 105.778, 117.823, 91.405, 397.397, 1.347, -9.447, 105.595, 1.680, 100.221, 82.175, -91.422, -397.560, 1.347, 14.831, 100.065
1.690, 106.966, 118.778, 95.445, 404.037, 1.332, -9.174, 106.751, 1.690, 101.034, 81.221, -95.464, -404.203, 1.332, 15.018, 100.855
1.700, 108.164, 119.773, 99.514, 406.855, 1.316, -8.881, 107.912, 1.700, 101.836, 80.225, -99.534, -407.044, 1.316, 15.214, 101.633
1.710, 109.372, 120.808, 103.562, 404.834, 1.299, -8.567, 109.079, 1.710, 102.628, 79.189, -103.585, -405.030, 1.299, 15.420, 102.398
1.720, 110.591, 121.884, 107.530, 396.770, 1.282, -8.230, 110.250, 1.720, 103.409, 78.114, -107.555, -396.976, 1.282, 15.636, 103.148
1.730, 111.821, 122.997, 111.343, 381.314, 1.263, -7.868, 111.426, 1.730, 104.179, 77.000, -111.370, -381.537, 1.263, 15.862, 103.884
1.740, 113.062, 124.146, 114.913, 356.997, 1.244, -7.481, 112.605, 1.740, 104.937, 75.851, -114.942, -357.218, 1.244, 16.099, 104.605
1.750, 114.316, 125.327, 118.135, 322.207, 1.223, -7.066, 113.788, 1.750, 105.684, 74.669, -118.166, -322.440, 1.223, 16.346, 105.310
1.760, 115.581, 126.536, 120.888, 275.317, 1.202, -6.623, 114.973, 1.760, 106.419, 73.460, -120.922, -275.544, 1.202, 16.603, 105.998
1.770, 116.859, 127.767, 123.035, 214.696, 1.180, -6.149, 116.160, 1.770, 107.141, 72.229, -123.071, -214.917, 1.180, 16.871, 106.668
1.780, 118.149, 129.011, 124.424, 138.865, 1.156, -5.643, 117.347, 1.780, 107.851, 70.985, -124.462, -139.071, 1.156, 17.149, 107.321
1.790, 119.451, 130.260, 124.890, 46.623, 1.132, -5.105, 118.533, 1.790, 108.548, 69.735, -124.930, -46.805, 1.132, 17.438, 107.956
1.800, 120.766, 131.502, 124.262, -62.768, 1.107, -4.531, 119.716, 1.800, 109.233, 68.492, -124.304, 62.622, 1.107, 17.736, 108.573
1.810, 122.094, 132.726, 122.368, -189.388, 1.081, -3.922, 120.895, 1.810, 109.906, 67.268, -122.411, 189.286, 1.081, 18.045, 109.170
1.820, 123.433, 133.917, 119.044, -332.424, 1.053, -3.275, 122.068, 1.820, 110.567, 66.077, -119.087, 332.388, 1.053, 18.364, 109.749
1.830, 124.783, 135.058, 114.144, -490.005, 1.025, -2.591, 123.232, 1.830, 111.216, 64.935, -114.187, 490.033, 1.025, 18.693, 110.309
1.840, 126.145, 136.134, 107.554, -658.982, 0.996, -1.867, 124.385, 1.840, 111.854, 63.859, -107.596, 659.100, 0.996, 19.033, 110.850
1.850, 127.516, 137.126, 99.205, -834.919, 0.966, -1.105, 125.525, 1.850, 112.483, 62.867, -99.244, 835.129, 0.966, 19.382, 111.372
1.860, 128.896, 138.016, 89.084, -1012.083, 0.936, -0.303, 126.648, 1.860, 113.103, 61.976, -89.120, 1012.391, 0.936, 19.742, 111.877
1.870, 130.284, 138.789, 77.248, -1183.662, 0.905, 0.537, 127.753, 1.870, 113.715, 61.203, -77.280, 1184.071, 0.905, 20.113, 112.364
1.880, 131.678, 139.427, 63.826, -1342.132, 0.873, 1.416, 128.835, 1.880, 114.321, 60.564, -63.853, 1342.639, 0.873, 20.494, 112.834
1.890, 133.077, 139.918, 49.029, -1479.777, 0.841, 2.332, 129.893, 1.890, 114.921, 60.074, -49.050, 1480.370, 0.841, 20.888, 113.288
1.900, 134.480, 140.249, 33.135, -1589.325, 0.808, 3.285, 130.923, 1.900, 115.519, 59.742, -33.150, 1589.989, 0.808, 21.293, 113.727
1.910, 135.884, 140.414, 16.489, -1664.632, 0.776, 4.271, 131.922, 1.910, 116.115, 59.577, -16.496, 1665.346, 0.776, 21.712, 114.151
1.920, 137.288, 140.409, -0.524, -1701.305, 0.744, 5.288, 132.889, 1.920, 116.710, 59.583, 0.524, 1702.045, 0.744, 22.144, 114.561
1.930, 138.691, 140.234, -17.496, -1697.179, 0.711, 6.336, 133.822, 1.930, 117.308, 59.758, 17.503, 1697.914, 0.711, 22.590, 114.959
1.940, 140.089, 139.893, -34.021, -1652.543, 0.679, 7.410, 134.718, 1.940, 117.909, 60.098, 34.036, 1653.251, 0.679, 23.052, 115.344
1.950, 141.483, 139.378, -51.566, -1754.441, 0.648, 8.508, 135.576, 1.950, 118.515, 60.587, 48.937, 1490.095, 0.648, 23.529, 115.717
1.960, 142.870, 138.629, -74.838, -2327.216, 0.616, 9.627, 136.395, 1.960, 119.127, 61.183, 59.566, 1062.910, 0.616, 24.023, 116.078
1.970, 144.246, 137.614, -101.526, -2668.810, 0.586, 10.762, 137.173, 1.970, 119.745, 61.846, 66.261, 669.517, 0.586, 24.533, 116.428
1.980, 145.609, 136.352, -126.183, -2465.722, 0.556, 11.909, 137.910, 1.980, 120.371, 62.555, 70.924, 466.286, 0.556, 25.059, 116.766
1.990, 146.958, 134.866, -148.623, -2244.033, 0.528, 13.064, 138.606, 1.990, 121.004, 63.289, 73.368, 244.453, 0.528, 25.601, 117.092
2.000, 148.290, 133.178, -168.771, -2014.800, 0.500, 14.224, 139.261, 2.000, 121.644, 64.024, 73.519, 15.075, 0.500, 26.159, 117.407
2.010, 149.603, 131.312, -186.651, -1787.929, 0.473, 15.385, 139.874, 2.010, 122.291, 64.738, 71.400, -211.936, 0.473, 26.731, 117.710
2.020, 150.896, 129.288, -202.367, -1571.583, 0.447, 16.543, 140.449, 2.020, 122.945, 65.409, 67.116, -428.400, 0.447, 27.317, 118.000
2.030, 152.167, 127.145, -214.349, -1198.267, 0.423, 17.696, 140.985, 2.030, 123.605, 66.026, 61.748, -536.799, 0.423, 27.916, 118.278
2.040, 153.417, 124.963, -218.112, -376.310, 0.399, 18.842, 141.484, 2.040, 124.272, 66.608, 58.159, -358.904, 0.399, 28.526, 118.545
2.050, 154.645, 122.805, -215.882, 223.047, 0.377, 19.978, 141.949, 2.050, 124.943, 67.167, 55.925, -223.377, 0.377, 29.148, 118.799
2.060, 155.852, 120.677, -212.780, 310.217, 0.356, 21.105, 142.381, 2.060, 125.620, 67.696, 52.820, -310.554, 0.356, 29.780, 119.041
2.070, 157.037, 118.587, -209.006, 377.410, 0.336, 22.221, 142.783, 2.070, 126.302, 68.186, 49.042, -377.746, 0.336, 30.422, 119.272
2.080, 158.203, 116.539, -204.736, 427.003, 0.316, 23.325, 143.156, 2.080, 126.988, 68.634, 44.769, -427.324, 0.316, 31.072, 119.492
2.090, 159.348, 114.538, -200.121, 461.439, 0.298, 24.417, 143.503, 2.090, 127.679, 69.035, 40.151, -461.758, 0.298, 31.730, 119.701
2.100, 160.474, 112.585, -195.290, 483.149, 0.281, 25.496, 143.824, 2.100, 128.373, 69.388, 35.317, -483.431, 0.281, 32.395, 119.899
2.110, 161.581, 110.682, -190.346, 494.329, 0.264, 26.562, 144.122, 2.110, 129.070, 69.692, 30.371, -494.605, 0.264, 33.066, 120.086
2.120, 162.669, 108.828, -185.376, 497.035, 0.249, 27.614, 144.398, 2.120, 129.769, 69.946, 25.398, -497.282, 0.249, 33.743, 120.264
2.130, 163.739, 107.024, -180.446, 493.018, 0.234, 28.654, 144.653, 2.130, 130.470, 70.151, 20.466, -493.254, 0.234, 34.424, 120.431
2.140, 164.792, 105.268, -175.608, 483.832, 0.220, 29.679, 144.890, 2.140, 131.174, 70.307, 15.625, -484.034, 0.220, 35.109, 120.589
2.150, 165.828, 103.559, -170.900, 470.741, 0.207, 30.691, 145.109, 2.150, 131.878, 70.416, 10.916, -470.929, 0.207, 35.797, 120.738
2.160, 166.847, 101.895, -166.352, 454.831, 0.194, 31.690, 145.312, 2.160, 132.583, 70.480, 6.366, -455.003, 0.194, 36.488, 120.878
2.170, 167.849, 100.275, -161.982, 436.980, 0.182, 32.675, 145.499, 2.170, 133.288, 70.500, 1.995, -437.131, 0.182, 37.181, 121.010
2.180, 168.836, 98.697, -157.803, 417.890, 0.171, 33.647, 145.672, 2.180, 133.992, 70.478, -2.186, -418.023, 0.171, 37.874, 121.134
2.190, 169.808, 97.159, -153.822, 398.114, 0.160, 34.605, 145.832, 2.190, 134.696, 70.416, -6.168, -398.246, 0.160, 38.569, 121.249
2.200, 170.764, 95.659, -150.041, 378.121, 0.150, 35.550, 145.979, 2.200, 135.400, 70.317, -9.950, -378.220, 0.150, 39.264, 121.358
2.210, 171.706, 94.194, -146.459, 358.209, 0.140, 36.482, 146.115, 2.210, 136.101, 70.181, -13.533, -358.309, 0.140, 39.958, 121.459
2.220, 172.634, 92.763, -143.072, 338.661, 0.131, 37.402, 146.241, 2.220, 136.802, 70.012, -16.921, -338.748, 0.131, 40.652, 121.554
2.230, 173.548, 91.365, -139.875, 319.655, 0.122, 38.308, 146.356, 2.230, 137.500, 69.811, -20.118, -319.730, 0.122, 41.345, 121.642
2.240, 174.448, 89.996, -136.862, 301.324, 0.114, 39.202, 146.462, 2.240, 138.195, 69.580, -23.132, -301.389, 0.114, 42.035, 121.724
2.250, 175.334, 88.656, -134.025, 283.749, 0.106, 40.083, 146.559, 2.250, 138.889, 69.320, -25.970, -283.821, 0.106, 42.724, 121.800
2.260, 176.208, 87.342, -131.355, 267.014, 0.099, 40.952, 146.649, 2.260, 139.579, 69.033, -28.641, -267.061, 0.099, 43.411, 121.871
2.270, 177.068, 86.054, -128.843, 251.117, 0.092, 41.808, 146.731, 2.270, 140.266, 68.722, -31.153, -251.162, 0.092, 44.095, 121.936
2.280, 177.916, 84.789, -126.483, 236.078, 0.085, 42.653, 146.806, 2.280, 140.950, 68.387, -33.514, -236.127, 0.085, 44.776, 121.997
2.290, 178.751, 83.546, -124.264, 221.903, 0.079, 43.485, 146.875, 2.290, 141.630, 68.029, -35.733, -221.942, 0.079, 45.454, 122.053
2.300, 179.575, 82.324, -122.178, 208.566, 0.073, 44.306, 146.937, 2.300, 142.307, 67.651, -37.819, -208.597, 0.073, 46.129, 122.104
2.310, 180.386, 81.122, -120.218, 196.040, 0.068, 45.116, 146.994, 2.310, 142.979, 67.253, -39.780, -196.070, 0.068, 46.800, 122.151
2.320, 181.185, 79.939, -118.375, 184.297, 0.062, 45.913, 147.046, 2.320, 143.648, 66.837, -41.623, -184.328, 0.062, 47.467, 122.195
2.330, 181.973, 78.772, -116.642, 173.310, 0.057, 46.700, 147.094, 2.330, 144.312, 66.404, -43.356, -173.331, 0.057, 48.130, 122.235
2.340, 182.749, 77.622, -115.011, 163.031, 0.053, 47.475, 147.136, 2.340, 144.971, 65.954, -44.987, -163.053, 0.053, 48.788, 122.271
2.350, 183.514, 76.487, -113.477, 153.431, 0.048, 48.238, 147.175, 2.350, 145.626, 65.489, -46.522, -153.451, 0.048, 49.442, 122.304
2.360, 184.268, 75.367, -112.032, 144.469, 0.044, 48.991, 147.210, 2.360, 146.276, 65.009, -47.966, -144.490, 0.044, 50.092, 122.334
2.370, 185.010, 74.260, -110.671, 136.117, 0.040, 49.733, 147.241, 2.370, 146.922, 64.516, -49.328, -136.126, 0.040, 50.736, 122.361
2.380, 185.742, 73.166, -109.388, 128.319, 0.037, 50.464, 147.269, 2.380, 147.562, 64.010, -50.611, -128.339, 0.037, 51.376, 122.386
2.390, 186.463, 72.085, -108.177, 121.067, 0.033, 51.185, 147.294, 2.390, 148.197, 63.491, -51.822, -121.073, 0.033, 52.010, 122.408
2.400, 187.173, 71.014, -107.034, 114.303, 0.030, 51.895, 147.317, 2.400, 148.826, 62.962, -52.965, -114.316, 0.030, 52.640, 122.428
2.410, 187.873, 69.955, -105.954, 108.011, 0.027, 52.594, 147.337, 2.410, 149.450, 62.421, -54.045, -108.021, 0.027, 53.264, 122.446
2.420, 188.562, 68.905, -104.932, 102.156, 0.024, 53.283, 147.354, 2.420, 150.069, 61.871, -55.067, -102.166, 0.024, 53.882, 122.461
2.430, 189.240, 67.866, -103.965, 96.712, 0.021, 53.961, 147.370, 2.430, 150.682, 61.310, -56.034, -96.719, 0.021, 54.495, 122.475
2.440, 189.909, 66.835, -103.049, 91.649, 0.019, 54.629, 147.383, 2.440, 151.290, 60.741, -56.951, -91.656, 0.019, 55.102, 122.488
2.450, 190.567, 65.813, -102.179, 86.945, 0.017, 55.287, 147.395, 2.450, 151.891, 60.163, -57.820, -86.952, 0.017, 55.704, 122.498
2.460, 191.215, 64.800, -101.354, 82.578, 0.015, 55.935, 147.405, 2.460, 152.487, 59.576, -58.646, -82.582, 0.015, 56.300, 122.508
2.470, 191.853, 63.794, -100.568, 78.521, 0.013, 56.573, 147.414, 2.470, 153.077, 58.982, -59.431, -78.529, 0.013, 56.889, 122.516
2.480, 192.481, 62.796, -99.821, 74.763, 0.011, 57.201, 147.421, 2.480, 153.661, 58.380, -60.179, -74.765, 0.011, 57.473, 122.523
2.490, 193.099, 61.805, -99.108, 71.275, 0.009, 57.819, 147.427, 2.490, 154.238, 57.771, -60.892, -71.281, 0.009, 58.051, 122.528
2.500, 193.707, 60.821, -98.428, 68.047, 0.008, 58.427, 147.433, 2.500, 154.810, 57.155, -61.572, -68.052, 0.008, 58.622, 122.533
2.510, 194.305, 59.843, -97.777, 65.062, 0.007, 59.026, 147.437, 2.510, 155.375, 56.533, -62.223, -65.064, 0.007, 59.188, 122.537
2.520, 194.894, 58.871, -97.154, 62.302, 0.005, 59.614, 147.440, 2.520, 155.934, 55.905, -62.846, -62.304, 0.005, 59.747, 122.541
2.530, 195.473, 57.906, -96.556, 59.755, 0.004, 60.193, 147.443, 2.530, 156.487, 55.270, -63.443, -59.757, 0.004, 60.299, 122.543
2.540, 196.043, 56.946, -95.982, 57.406, 0.003, 60.763, 147.445, 2.540, 157.033, 54.630, -64.018, -57.412, 0.003, 60.846, 122.545
2.550, 196.603, 55.992, -95.430, 55.250, 0.003, 61.323, 147.447, 2.550, 157.573, 53.984, -64.570, -55.249, 0.003, 61.385, 122.547
2.560, 197.153, 55.043, -94.897, 53.266, 0.002, 61.873, 147.448, 2.560, 158.106, 53.333, -65.103, -53.269, 0.002, 61.919, 122.548
2.570, 197.694, 54.099, -94.383, 51.451, 0.001, 62.414, 147.449, 2.570, 158.633, 52.677, -65.617, -51.452, 0.001, 62.446, 122.549
2.580, 198.226, 53.160, -93.885, 49.791, 0.001, 62.946, 147.449, 2.580, 159.153, 52.016, -66.115, -49.793, 0.001, 62.966, 122.549
2.590, 198.748, 52.226, -93.402, 48.280, 0.000, 63.468, 147.450, 2.590, 159.667, 51.350, -66.598, -48.281, 0.000, 63.479, 122.550
2.600, 199.261, 51.297, -92.933, 46.908, 0.000, 63.981, 147.450, 2.600, 160.174, 50.679, -67.067, -46.909, 0.000, 63.986, 122.550
2.610, 199.765, 50.372, -92.476, 45.667, 0.000, 64.485, 147.450, 2.610, 160.674, 50.004, -67.524, -45.668, 0.000, 64.486, 122.550
2.620, 200.259, 49.452, -92.031, 44.549, 0.000, 64.979, 147.450, 2.620, 161.167, 49.324, -67.969, -44.550, 0.000, 64.979, 122.550
2.630, 200.745, 48.588, -86.348, 568.277, 0.000, 65.465, 147.450, 2.630, 161.653, 48.588, -73.652, -568.278, 0.000, 65.465, 122.550
2.640, 201.223, 47.788, -80.010, 633.764, 0.000, 65.943, 147.450, 2.640, 162.131, 47.788, -79.990, -633.764, 0.000, 65.943, 122.550
2.650, 201.693, 46.988, -80.000, 1.031, 0.000, 66.413, 147.450, 2.650, 162.601, 46.988, -80.000, -1.031, 0.000, 66.413, 122.550
2.660, 202.155, 46.188, -80.000, -0.000, 0.000, 66.875, 147.450, 2.660, 163.062, 46.188, -80.000, -0.000, 0.000, 66.875, 122.550
2.670, 202.608, 45.388, -80.000, -0.000, 0.000, 67.329, 147.450, 2.670, 163.516, 45.388, -80.000, -0.000, 0.000, 67.329, 122.550
2.680, 203.054, 44.588, -80.000, 0.000, 0.000, 67.775, 147.450, 2.680, 163.962, 44.588, -80.000, 0.000, 0.000, 67.775, 122.550
2.690, 203.492, 43.788, -80.000, 0.000, 0.000, 68.212, 147.450, 2.690, 164.400, 43.788, -80.000, 0.000, 0.000, 68.212, 122.550
2.700, 203.922, 42.988, -80.000, 0.000, 0.000, 68.642, 147.450, 2.700, 164.830, 42.988, -80.000, 0.000, 0.000, 68.642, 122.550
2.710, 204.344, 42.188, -80.000, -0.000, 0.000, 69.064, 147.450, 2.710, 165.252, 42.188, -80.000, -0.000, 0.000, 69.064, 122.550
2.720, 204.758, 41.388, -80.000, -0.000, 0.000, 69.478, 147.450, 2.720, 165.666, 41.388, -80.000, -0.000, 0.000, 69.478, 122.550
2.730, 205.164, 40.588, -80.000, 0.000, 0.000, 69.884, 147.450, 2.730, 166.072, 40.588, -80.000, 0.000, 0.000, 69.884, 122.550
2.740, 205.562, 39.788, -80.000, -0.000, 0.000, 70.282, 147.450, 2.740, 166.469, 39.788, -80.000, -0.000, 0.000, 70.282, 122.550
2.750, 205.951, 38.988, -80.000, 0.000, 0.000, 70.672, 147.450, 2.750, 166.859, 38.988, -80.000, 0.000, 0.000, 70.672, 122.550
2.760, 206.333, 38.188, -80.000, 0.000, 0.000, 71.054, 147.450, 2.760, 167.241, 38.188, -80.000, 0.000, 0.000, 71.054, 122.550
2.770, 206.707, 37.388, -80.000, -0.000, 0.000, 71.428, 147.450, 2.770, 167.615, 37.388, -80.000, -0.000, 0.000, 71.428, 122.550
2.780, 207.073, 36.588, -80.000, 0.000, 0.000, 71.793, 147.450, 2.780, 167.981, 36.588, -80.000, 0.000, 0.000, 71.793, 122.550
2.790, 207.431, 35.788, -80.000, -0.000, 0.000, 72.151, 147.450, 2.790, 168.339, 35.788, -80.000, -0.000, 0.000, 72.151, 122.550
2.800, 207.781, 34.988, -80.000, 0.000, 0.000, 72.501, 147.450, 2.800, 168.689, 34.988, -80.000, 0.000, 0.000, 72.501, 122.550
2.810, 208.123, 34.188, -80.000, 0.000, 0.000, 72.843, 147.450, 2.810, 169.031, 34.188, -80.000, 0.000, 0.000, 72.843, 122.550
2.820, 208.457, 33.388, -80.000, -0.000, 0.000, 73.177, 147.450, 2.820, 169.364, 33.388, -80.000, -0.000, 0.000, 73.177, 122.550
2.830, 208.783, 32.588, -80.000, 0.000, 0.000, 73.503, 147.450, 2.830, 169.690, 32.588, -80.000, 0.000, 0.000, 73.503, 122.550
2.840, 209.100, 31.788, -80.000, 0.000, 0.000, 73.821, 147.450, 2.840, 170.008, 31.788, -80.000, 0.000, 0.000, 73.821, 122.550
2.850, 209.410, 30.988, -80.000, -0.000, 0.000, 74.131, 147.450, 2.850, 170.318, 30.988, -80.000, -0.000, 0.000, 74.131, 122.550
2.860, 209.712, 30.188, -80.000, 0.000, 0.000, 74.432, 147.450, 2.860, 170.620, 30.188, -80.000, 0.000, 0.000, 74.432, 122.550
2.870, 210.006, 29.388, -80.000, 0.000, 0.000, 74.726, 147.450, 2.870, 170.914, 29.388, -80.000, 0.000, 0.000, 74.726, 122.550
2.880, 210.292, 28.588, -80.000, -0.000, 0.000, 75.012, 147.450, 2.880, 171.200, 28.588, -80.000, -0.000, 0.000, 75.012, 122.550
2.890, 210.570, 27.788, -80.000, 0.000, 0.000, 75.290, 147.450, 2.890, 171.478, 27.788, -80.000, 0.000, 0.000, 75.290, 122.550
2.900, 210.840, 26.988, -80.000, 0.000, 0.000, 75.560, 147.450, 2.900, 171.748, 26.988, -80.000, 0.000, 0.000, 75.560, 122.550
2.910, 211.102, 26.188, -80.000, -0.000, 0.000, 75.822, 147.450, 2.910, 172.009, 26.188, -80.000, -0.000, 0.000, 75.822, 122.550
2.920, 211.355, 25.388, -80.000, 0.000, 0.000, 76.076, 147.450, 2.920, 172.263, 25.388, -80.000, 0.000, 0.000, 76.076, 122.550
2.930, 211.601, 24.588, -80.000, 0.000, 0.000, 76.322, 147.450, 2.930, 172.509, 24.588, -80.000, 0.000, 0.000, 76.322, 122.550
2.940, 211.839, 23.788, -80.000, -0.000, 0.000, 76.559, 147.450, 2.940, 172.747, 23.788, -80.000, -0.000, 0.000, 76.559, 122.550
2.950, 212.069, 22.988, -80.000, 0.000, 0.000, 76.789, 147.450, 2.950, 172.977, 22.988, -80.000, 0.000, 0.000, 76.789, 122.550
2.960, 212.291, 22.188, -80.000, 0.000, 0.000, 77.011, 147.450, 2.960, 173.199, 22.188, -80.000, 0.000, 0.000, 77.011, 122.550
2.970, 212.505, 21.388, -80.000, -0.000, 0.000, 77.225, 147.450, 2.970, 173.413, 21.388, -80.000, -0.000, 0.000, 77.225, 122.550
2.980, 212.711, 20.588, -80.000, 0.000, 0.000, 77.431, 147.450, 2.980, 173.619, 20.588, -80.000, 0.000, 0.000, 77.431, 122.550
2.990, 212.909, 19.788, -80.000, 0.000, 0.000, 77.629, 147.450, 2.990, 173.816, 19.788, -80.000, 0.000, 0.000, 77.629, 122.550
3.000, 213.098, 18.988, -80.000, -0.000, 0.000, 77.819, 147.450, 3.000, 174.006, 18.988, -80.000, -0.000, 0.000, 77.819, 122.550
3.010, 213.280, 18.188, -80.000, -0.000, 0.000, 78.001, 147.450, 3.010, 174.188, 18.188, -80.000, -0.000, 0.000, 78.001, 122.550
3.020, 213.454, 17.388, -80.000, 0.000, 0.000, 78.175, 147.450, 3.020, 174.362, 17.388, -80.000, 0.000, 0.000, 78.175, 122.550
3.030, 213.620, 16.588, -80.000, -0.000, 0.000, 78.340, 147.450, 3.030, 174.528, 16.588, -80.000, -0.000, 0.000, 78.340, 122.550
3.040, 213.778, 15.788, -80.000, 0.000, 0.000, 78.498, 147.450, 3.040, 174.686, 15.788, -80.000, 0.000, 0.000, 78.498, 122.550
3.050, 213.928, 14.988, -80.000, 0.000, 0.000, 78.648, 147.450, 3.050, 174.836, 14.988, -80.000, 0.000, 0.000, 78.648, 122.550
3.060, 214.070, 14.188, -80.000, -0.000, 0.000, 78.790, 147.450, 3.060, 174.978, 14.188, -80.000, -0.000, 0.000, 78.790, 122.550
3.070, 214.204, 13.388, -80.000, 0.000, 0.000, 78.924, 147.450, 3.070, 175.111, 13.388, -80.000, 0.000, 0.000, 78.924, 122.550
3.080, 214.330, 12.588, -80.000, 0.000, 0.000, 79.050, 147.450, 3.080, 175.237, 12.588, -80.000, 0.000, 0.000, 79.050, 122.550
3.090, 214.447, 11.788, -80.000, -0.000, 0.000, 79.168, 147.450, 3.090, 175.355, 11.788, -80.000, -0.000, 0.000, 79.168, 122.550
3.100, 214.557, 10.988, -80.000, 0.000, 0.000, 79.278, 147.450, 3.100, 175.465, 10.988, -80.000, 0.000, 0.000, 79.278, 122.550
3.110, 214.659, 10.188, -80.000, -0.000, 0.000, 79.379, 147.450, 3.110, 175.567, 10.188, -80.000, -0.000, 0.000, 79.379, 122.550
3.120, 214.753, 9.388, -80.000, -0.000, 0.000, 79.473, 147.450, 3.120, 175.661, 9.388, -80.000, -0.000, 0.000, 79.473, 122.550
3.130, 214.839, 8.588, -80.000, 0.000, 0.000, 79.559, 147.450, 3.130, 175.747, 8.588, -80.000, 0.000, 0.000, 79.559, 122.550
3.140, 214.917, 7.788, -80.000, -0.000, 0.000, 79.637, 147.450, 3.140, 175.825, 7.788, -80.000, -0.000, 0.000, 79.637, 122.550
3.150, 214.987, 6.988, -80.000, 0.000, 0.000, 79.707, 147.450, 3.150, 175.895, 6.988, -80.000, 0.000, 0.000, 79.707, 122.550
3.160, 215.049, 6.188, -80.000, -0.000, 0.000, 79.769, 147.450, 3.160, 175.956, 6.188, -80.000, -0.000, 0.000, 79.769, 122.550
3.170, 215.102, 5.388, -80.000, 0.000, 0.000, 79.823, 147.450, 3.170, 176.010, 5.388, -80.000, 0.000, 0.000, 79.823, 122.550
3.180, 215.148, 4.588, -80.000, -0.000, 0.000, 79.869, 147.450, 3.180, 176.056, 4.588, -80.000, -0.000, 0.000, 79.869, 122.550
3.190, 215.186, 3.788, -80.000, 0.000, 0.000, 79.906, 147.450, 3.190, 176.094, 3.788, -80.000, 0.000, 0.000, 79.906, 122.550
3.200, 215.216, 3.001, -78.675, 132.517, 0.000, 79.936, 147.450, 3.200, 176.124, 3.001, -78.675, 132.517, 0.000, 79.936, 122.550
3.210, 215.239, 2.278, -72.350, 632.517, 0.000, 79.959, 147.450, 3.210, 176.147, 2.278, -72.350, 632.517, 0.000, 79.959, 122.550
3.220, 215.256, 1.654, -62.350, 1000.000, 0.000, 79.976, 147.450, 3.220, 176.163, 1.654, -62.350, 1000.000, 0.000, 79.976, 122.550
3.230, 215.267, 1.131, -52.350, 1000.000, 0.000, 79.987, 147.450, 3.230, 176.175, 1.131, -52.350, 1000.000, 0.000, 79.987, 122.550
3.240, 215.274, 0.707, -42.350, 1000.000, 0.000, 79.994, 147.450, 3.240, 176.182, 0.707, -42.350, 1000.000, 0.000, 79.994, 122.550
3.250, 215.278, 0.384, -32.350, 1000.000, 0.000, 79.998, 147.450, 3.250, 176.186, 0.384, -32.350, 1000.000, 0.000, 79.998, 122.550
3.260, 215.279, 0.160, -22.350, 1000.000, 0.000, 80.000, 147.450, 3.260, 176.187, 0.160, -22.350, 1000.000, 0.000, 80.000, 122.550
3.270, 215.280, 0.037, -12.350, 1000.000, 0.000, 80.000, 147.450, 3.270, 176.188, 0.037, -12.350, 1000.000, 0.000, 80.000, 122.550
3.280, 215.280, 0.000, -3.675, 867.483, 0.000, 80.000, 147.450, 3.280, 176.188, 0.000, -3.675, 867.483, 0.000, 80.000, 122.550
