0.000, 0.000, 0.057, 5.705, 570.478, 4.712, 12.450, -0.004, 0.000, 0.000, 0.057, 5.705, 570.478, 4.712, -12.450, 0.003
0.010, 0.001, 0.114, 5.705, 0.002, 4.712, 12.450, -0.005, 0.010, 0.001, 0.114, 5.705, -0.002, 4.712, -12.450, 0.002
0.020, 0.004, 0.257, 14.262, 855.727, 4.712, 12.450, -0.008, 0.020, 0.004, 0.257, 14.262, 855.706, 4.712, -12.450, -0.000
0.030, 0.009, 0.456, 19.967, 570.511, 4.712, 12.450, -0.012, 0.030, 0.009, 0.456, 19.966, 570.444, 4.712, -12.450, -0.005
0.040, 0.016, 0.713, 25.673, 570.555, 4.712, 12.450, -0.019, 0.040, 0.016, 0.713, 25.670, 570.401, 4.712, -12.450, -0.012
0.050, 0.026, 1.027, 31.379, 570.626, 4.712, 12.450, -0.030, 0.050, 0.026, 1.027, 31.374, 570.329, 4.712, -12.450, -0.022
0.060, 0.040, 1.398, 37.086, 570.732, 4.712, 12.450, -0.044, 0.060, 0.040, 1.398, 37.076, 570.223, 4.712, -12.450, -0.036
0.070, 0.058, 1.826, 42.795, 570.879, 4.712, 12.450, -0.062, 0.070, 0.058, 1.825, 42.777, 570.076, 4.712, -12.450, -0.055
0.080, 0.081, 2.311, 48.506, 571.075, 4.712, 12.450, -0.085, 0.080, 0.081, 2.310, 48.475, 569.881, 4.712, -12.450, -0.078
0.090, 0.110, 2.853, 54.219, 571.325, 4.712, 12.450, -0.113, 0.090, 0.110, 2.852, 54.172, 569.631, 4.712, -12.450, -0.106
0.100, 0.144, 3.452, 59.935, 571.636, 4.712, 12.450, -0.148, 0.100, 0.144, 3.450, 59.865, 569.320, 4.712, -12.450, -0.141
0.110, 0.185, 4.109, 65.656, 572.014, 4.712, 12.450, -0.189, 0.110, 0.185, 4.106, 65.554, 568.942, 4.712, -12.450, -0.182
0.120, 0.234, 4.823, 71.380, 572.465, 4.712, 12.450, -0.237, 0.120, 0.234, 4.818, 71.239, 568.491, 4.712, -12.450, -0.230
0.130, 0.290, 5.594, 77.110, 572.994, 4.712, 12.450, -0.293, 0.130, 0.289, 5.588, 76.919, 567.961, 4.712, -12.450, -0.286
0.140, 0.354, 6.394, 79.992, 288.155, 4.712, 12.450, -0.357, 0.140, 0.353, 6.385, 79.742, 282.322, 4.712, -12.450, -0.350
0.150, 0.425, 7.194, 80.024, 3.188, 4.712, 12.450, -0.429, 0.150, 0.425, 7.182, 79.710, -3.188, 4.712, -12.450, -0.422
0.160, 0.505, 7.995, 80.059, 3.566, 4.712, 12.450, -0.509, 0.160, 0.505, 7.979, 79.674, -3.566, 4.712, -12.450, -0.501
0.170, 0.593, 8.796, 80.099, 3.937, 4.712, 12.450, -0.597, 0.170, 0.593, 8.775, 79.635, -3.937, 4.712, -12.450, -0.589
0.180, 0.689, 9.597, 80.142, 4.300, 4.712, 12.450, -0.693, 0.180, 0.688, 9.571, 79.592, -4.300, 4.712, -12.450, -0.685
0.190, 0.793, 10.399, 80.188, 4.654, 4.712, 12.450, -0.797, 0.190, 0.792, 10.367, 79.546, -4.654, 4.712, -12.450, -0.788
0.200, 0.905, 11.201, 80.238, 4.998, 4.712, 12.450, -0.909, 0.200, 0.904, 11.162, 79.496, -4.998, 4.712, -12.450, -0.900
0.210, 1.025, 12.004, 80.292, 5.333, 4.712, 12.450, -1.029, 0.210, 1.023, 11.956, 79.442, -5.333, 4.712, -12.450, -1.020
0.220, 1.153, 12.808, 80.348, 5.656, 4.712, 12.450, -1.157, 0.220, 1.151, 12.750, 79.386, -5.656, 4.712, -12.450, -1.147
0.230, 1.290, 13.612, 80.408, 5.967, 4.712, 12.450, -1.293, 0.230, 1.286, 13.543, 79.326, -5.967, 4.712, -12.450, -1.283
0.240, 1.434, 14.416, 80.470, 6.266, 4.712, 12.450, -1.437, 0.240, 1.429, 14.336, 79.263, -6.266, 4.712, -12.450, -1.426
0.250, 1.586, 15.222, 80.536, 6.552, 4.712, 12.449, -1.590, 0.250, 1.581, 15.128, 79.198, -6.552, 4.712, -12.451, -1.577
0.260, 1.746, 16.028, 80.604, 6.824, 4.712, 12.449, -1.750, 0.260, 1.740, 15.919, 79.130, -6.824, 4.712, -12.451, -1.736
0.270, 1.915, 16.835, 80.675, 7.081, 4.712, 12.449, -1.918, 0.270, 1.907, 16.710, 79.059, -7.081, 4.712, -12.451, -1.903
0.280, 2.091, 17.642, 80.748, 7.324, 4.712, 12.449, -2.095, 0.280, 2.082, 17.499, 78.986, -7.324, 4.712, -12.451, -2.078
0.290, 2.276, 18.450, 80.824, 7.550, 4.712, 12.449, -2.279, 0.290, 2.265, 18.289, 78.910, -7.550, 4.712, -12.451, -2.261
0.300, 2.468, 19.259, 80.901, 7.760, 4.712, 12.449, -2.472, 0.300, 2.456, 19.077, 78.832, -7.760, 4.712, -12.451, -2.452
0.310, 2.669, 20.069, 80.981, 7.953, 4.712, 12.449, -2.672, 0.310, 2.654, 19.864, 78.753, -7.953, 4.712, -12.451, -2.651
0.320, 2.878, 20.880, 81.062, 8.128, 4.711, 12.449, -2.881, 0.320, 2.861, 20.651, 78.672, -8.128, 4.711, -12.451, -2.857
0.330, 3.095, 21.691, 81.145, 8.285, 4.711, 12.448, -3.098, 0.330, 3.075, 21.437, 78.589, -8.285, 4.711, -12.452, -3.072
0.340, 3.320, 22.503, 81.229, 8.423, 4.711, 12.448, -3.323, 0.340, 3.297, 22.222, 78.505, -8.423, 4.711, -12.452, -3.294
0.350, 3.553, 23.317, 81.315, 8.541, 4.711, 12.448, -3.556, 0.350, 3.527, 23.006, 78.419, -8.541, 4.711, -12.452, -3.524
0.360, 3.794, 24.131, 81.401, 8.640, 4.711, 12.447, -3.798, 0.360, 3.765, 23.790, 78.333, -8.640, 4.711, -12.453, -3.762
0.370, 4.043, 24.945, 81.488, 8.719, 4.711, 12.447, -4.047, 0.370, 4.011, 24.572, 78.246, -8.719, 4.711, -12.453, -4.008
0.380, 4.301, 25.761, 81.576, 8.776, 4.711, 12.447, -4.305, 0.380, 4.265, 25.354, 78.158, -8.776, 4.711, -12.453, -4.261
0.390, 4.567, 26.578, 81.664, 8.812, 4.710, 12.446, -4.570, 0.390, 4.526, 26.134, 78.070, -8.812, 4.710, -12.454, -4.522
0.400, 4.841, 27.395, 81.752, 8.827, 4.710, 12.446, -4.844, 0.400, 4.795, 26.914, 77.981, -8.827, 4.710, -12.454, -4.792
0.410, 5.123, 28.214, 81.841, 8.819, 4.710, 12.445, -5.127, 0.410, 5.072, 27.693, 77.893, -8.819, 4.710, -12.455, -5.068
0.420, 5.413, 29.033, 81.928, 8.789, 4.710, 12.444, -5.417, 0.420, 5.357, 28.471, 77.805, -8.789, 4.710, -12.456, -5.353
0.430, 5.712, 29.853, 82.016, 8.736, 4.710, 12.443, -5.715, 0.430, 5.649, 29.248, 77.718, -8.736, 4.710, -12.456, -5.646
0.440, 6.019, 30.674, 82.102, 8.659, 4.709, 12.443, -6.022, 0.440, 5.949, 30.025, 77.631, -8.659, 4.709, -12.457, -5.946
0.450, 6.334, 31.496, 82.188, 8.559, 4.709, 12.442, -6.337, 0.450, 6.257, 30.800, 77.546, -8.559, 4.709, -12.458, -6.254
0.460, 6.657, 32.319, 82.272, 8.435, 4.709, 12.440, -6.660, 0.460, 6.573, 31.575, 77.461, -8.435, 4.709, -12.459, -6.570
0.470, 6.988, 33.142, 82.355, 8.287, 4.708, 12.439, -6.992, 0.470, 6.897, 32.348, 77.379, -8.287, 4.708, -12.461, -6.893
0.480, 7.328, 33.967, 82.436, 8.114, 4.708, 12.438, -7.331, 0.480, 7.228, 33.121, 77.297, -8.114, 4.708, -12.462, -7.224
0.490, 7.676, 34.792, 82.515, 7.917, 4.708, 12.436, -7.679, 0.490, 7.567, 33.894, 77.218, -7.917, 4.708, -12.464, -7.563
0.500, 8.032, 35.618, 82.592, 7.695, 4.707, 12.434, -8.035, 0.500, 7.914, 34.665, 77.141, -7.695, 4.707, -12.465, -7.910
0.510, 8.396, 36.445, 82.667, 7.448, 4.707, 12.433, -8.400, 0.510, 8.268, 35.436, 77.067, -7.448, 4.707, -12.467, -8.264
0.520, 8.769, 37.272, 82.739, 7.176, 4.707, 12.430, -8.773, 0.520, 8.630, 36.206, 76.995, -7.176, 4.707, -12.469, -8.626
0.530, 9.150, 38.100, 82.807, 6.879, 4.706, 12.428, -9.154, 0.530, 9.000, 36.975, 76.926, -6.879, 4.706, -12.471, -8.996
0.540, 9.539, 38.929, 82.873, 6.556, 4.706, 12.426, -9.543, 0.540, 9.377, 37.743, 76.861, -6.556, 4.706, -12.474, -9.373
0.550, 9.937, 39.758, 82.935, 6.208, 4.705, 12.423, -9.940, 0.550, 9.762, 38.511, 76.799, -6.209, 4.705, -12.477, -9.759
0.560, 10.343, 40.588, 82.993, 5.835, 4.705, 12.420, -10.346, 0.560, 10.155, 39.279, 76.740, -5.836, 4.705, -12.480, -10.151
0.570, 10.757, 41.418, 83.048, 5.437, 4.704, 12.416, -10.761, 0.570, 10.555, 40.046, 76.686, -5.437, 4.704, -12.483, -10.552
0.580, 11.179, 42.249, 83.098, 5.014, 4.703, 12.413, -11.183, 0.580, 10.964, 40.812, 76.636, -5.014, 4.703, -12.486, -10.960
0.590, 11.610, 43.081, 83.144, 4.565, 4.703, 12.409, -11.614, 0.590, 11.379, 41.578, 76.590, -4.565, 4.703, -12.490, -11.376
0.600, 12.049, 43.913, 83.185, 4.092, 4.702, 12.404, -12.053, 0.600, 11.803, 42.343, 76.549, -4.092, 4.702, -12.494, -11.799
0.610, 12.497, 44.745, 83.220, 3.594, 4.702, 12.400, -12.500, 0.610, 12.234, 43.109, 76.513, -3.594, 4.702, -12.499, -12.230
0.620, 12.953, 45.577, 83.251, 3.071, 4.701, 12.395, -12.956, 0.620, 12.673, 43.873, 76.483, -3.071, 4.701, -12.504, -12.669
0.630, 13.417, 46.410, 83.276, 2.524, 4.700, 12.389, -13.420, 0.630, 13.119, 44.638, 76.457, -2.525, 4.700, -12.509, -13.115
0.640, 13.889, 47.243, 83.296, 1.954, 4.699, 12.383, -13.893, 0.640, 13.573, 45.402, 76.438, -1.954, 4.699, -12.515, -13.569
0.650, 14.370, 48.076, 83.310, 1.359, 4.699, 12.377, -14.373, 0.650, 14.035, 46.167, 76.424, -1.359, 4.699, -12.521, -14.031
0.660, 14.859, 48.909, 83.317, 0.742, 4.698, 12.370, -14.862, 0.660, 14.504, 46.931, 76.417, -0.742, 4.698, -12.528, -14.500
0.670, 15.356, 49.743, 83.318, 0.102, 4.697, 12.362, -15.360, 0.670, 14.981, 47.695, 76.416, -0.102, 4.697, -12.535, -14.977
0.680, 15.862, 50.576, 83.312, -0.561, 4.696, 12.354, -15.865, 0.680, 15.466, 48.459, 76.421, 0.561, 4.696, -12.542, -15.462
0.690, 16.376, 51.409, 83.300, -1.245, 4.695, 12.346, -16.379, 0.690, 15.958, 49.224, 76.434, 1.245, 4.695, -12.551, -15.954
0.700, 16.899, 52.242, 83.280, -1.950, 4.694, 12.337, -16.902, 0.700, 16.458, 49.988, 76.453, 1.950, 4.694, -12.559, -16.453
0.710, 17.429, 53.074, 83.254, -2.675, 4.693, 12.327, -17.432, 0.710, 16.965, 50.753, 76.480, 2.675, 4.693, -12.569, -16.961
0.720, 17.969, 53.906, 83.219, -3.420, 4.692, 12.316, -17.971, 0.720, 17.480, 51.518, 76.514, 3.420, 4.692, -12.579, -17.476
0.730, 18.516, 54.738, 83.178, -4.184, 4.692, 12.305, -18.519, 0.730, 18.003, 52.284, 76.556, 4.184, 4.692, -12.589, -17.999
0.740, 19.072, 55.569, 83.128, -4.967, 4.690, 12.293, -19.074, 0.740, 18.534, 53.050, 76.606, 4.967, 4.690, -12.601, -18.529
0.750, 19.636, 56.400, 83.070, -5.766, 4.689, 12.281, -19.638, 0.750, 19.072, 53.816, 76.663, 5.766, 4.689, -12.613, -19.067
0.760, 20.208, 57.230, 83.004, -6.582, 4.688, 12.267, -20.210, 0.760, 19.618, 54.584, 76.729, 6.581, 4.688, -12.626, -19.613
0.770, 20.788, 58.059, 82.930, -7.412, 4.687, 12.253, -20.791, 0.770, 20.171, 55.352, 76.803, 7.412, 4.687, -12.639, -20.166
0.780, 21.377, 58.888, 82.848, -8.257, 4.686, 12.238, -21.379, 0.780, 20.732, 56.120, 76.886, 8.257, 4.686, -12.654, -20.727
0.790, 21.975, 59.715, 82.757, -9.115, 4.685, 12.222, -21.976, 0.790, 21.301, 56.890, 76.977, 9.115, 4.685, -12.669, -21.296
0.800, 22.580, 60.542, 82.657, -9.985, 4.684, 12.205, -22.581, 0.800, 21.878, 57.661, 77.077, 9.985, 4.684, -12.685, -21.872
0.810, 23.194, 61.367, 82.548, -10.866, 4.683, 12.187, -23.195, 0.810, 22.462, 58.433, 77.186, 10.866, 4.683, -12.702, -22.456
0.820, 23.816, 62.192, 82.431, -11.755, 4.682, 12.168, -23.816, 0.820, 23.054, 59.206, 77.303, 11.755, 4.682, -12.720, -23.048
0.830, 24.446, 63.015, 82.304, -12.653, 4.680, 12.148, -24.446, 0.830, 23.654, 59.980, 77.430, 12.653, 4.680, -12.739, -23.648
0.840, 25.084, 63.837, 82.168, -13.557, 4.679, 12.128, -25.084, 0.840, 24.262, 60.756, 77.565, 13.557, 4.679, -12.759, -24.255
0.850, 25.731, 64.657, 82.024, -14.465, 4.678, 12.106, -25.730, 0.850, 24.877, 61.533, 77.710, 14.465, 4.678, -12.779, -24.870
0.860, 26.385, 65.475, 81.870, -15.377, 4.677, 12.083, -26.385, 0.860, 25.500, 62.312, 77.864, 15.377, 4.677, -12.801, -25.493
0.870, 27.048, 66.293, 81.707, -16.291, 4.675, 12.058, -27.047, 0.870, 26.131, 63.092, 78.027, 16.291, 4.675, -12.824, -26.123
0.880, 27.719, 67.108, 81.535, -17.204, 4.674, 12.033, -27.718, 0.880, 26.770, 63.874, 78.199, 17.204, 4.674, -12.849, -26.761
0.890, 28.399, 67.921, 81.354, -18.116, 4.673, 12.007, -28.397, 0.890, 27.416, 64.658, 78.380, 18.116, 4.673, -12.874, -27.407
0.900, 29.086, 68.733, 81.164, -19.023, 4.671, 11.979, -29.083, 0.900, 28.071, 65.443, 78.570, 19.023, 4.671, -12.900, -28.061
0.910, 29.781, 69.543, 80.964, -19.925, 4.670, 11.950, -29.778, 0.910, 28.733, 66.231, 78.769, 19.925, 4.670, -12.928, -28.723
0.920, 30.485, 70.350, 80.756, -20.819, 4.669, 11.920, -30.481, 0.920, 29.403, 67.021, 78.977, 20.820, 4.669, -12.957, -29.393
0.930, 31.196, 71.156, 80.539, -21.704, 4.667, 11.888, -31.192, 0.930, 30.081, 67.813, 79.194, 21.704, 4.667, -12.987, -30.070
0.940, 31.916, 71.959, 80.313, -22.577, 4.666, 11.855, -31.911, 0.940, 30.768, 68.607, 79.420, 22.577, 4.666, -13.018, -30.755
0.950, 32.644, 72.760, 80.079, -23.436, 4.665, 11.821, -32.638, 0.950, 31.462, 69.403, 79.655, 23.436, 4.665, -13.051, -31.449
0.960, 33.379, 73.558, 79.836, -24.279, 4.663, 11.785, -33.372, 0.960, 32.164, 70.202, 79.897, 24.279, 4.663, -13.085, -32.150
0.970, 34.123, 74.354, 79.585, -25.103, 4.662, 11.748, -34.115, 0.970, 32.874, 71.004, 80.148, 25.103, 4.662, -13.120, -32.859
0.980, 34.874, 75.147, 79.326, -25.907, 4.661, 11.710, -34.865, 0.980, 33.592, 71.808, 80.408, 25.907, 4.661, -13.157, -33.576
0.990, 35.634, 75.938, 79.059, -26.688, 4.659, 11.670, -35.624, 0.990, 34.318, 72.615, 80.674, 26.688, 4.659, -13.195, -34.301
1.000, 36.401, 76.726, 78.785, -27.443, 4.658, 11.629, -36.390, 1.000, 35.052, 73.424, 80.949, 27.444, 4.658, -13.234, -35.035
1.010, 37.176, 77.511, 78.503, -28.171, 4.657, 11.586, -37.164, 1.010, 35.794, 74.237, 81.231, 28.172, 4.657, -13.275, -35.776
1.020, 37.959, 78.293, 78.215, -28.869, 4.655, 11.542, -37.945, 1.020, 36.545, 75.052, 81.519, 28.869, 4.655, -13.318, -36.525
1.030, 38.750, 79.072, 77.919, -29.533, 4.654, 11.496, -38.735, 1.030, 37.304, 75.870, 81.815, 29.534, 4.654, -13.361, -37.283
1.040, 39.548, 79.848, 77.618, -30.163, 4.653, 11.449, -39.532, 1.040, 38.071, 76.691, 82.116, 30.163, 4.653, -13.407, -38.048
1.050, 40.354, 80.621, 77.310, -30.754, 4.652, 11.401, -40.337, 1.050, 38.846, 77.515, 82.424, 30.755, 4.652, -13.453, -38.822
1.060, 41.168, 81.391, 76.997, -31.305, 4.650, 11.351, -41.149, 1.060, 39.629, 78.343, 82.737, 31.306, 4.650, -13.501, -39.604
1.070, 41.990, 82.158, 76.679, -31.813, 4.649, 11.299, -41.969, 1.070, 40.421, 79.173, 83.055, 31.814, 4.649, -13.551, -40.394
1.080, 42.819, 82.921, 76.356, -32.275, 4.648, 11.246, -42.797, 1.080, 41.221, 80.007, 83.378, 32.275, 4.648, -13.602, -41.192
1.090, 43.656, 83.682, 76.029, -32.688, 4.647, 11.192, -43.632, 1.090, 42.029, 80.844, 83.705, 32.689, 4.647, -13.655, -41.999
1.100, 44.500, 84.439, 75.699, -33.050, 4.646, 11.136, -44.474, 1.100, 42.846, 81.684, 84.035, 33.050, 4.646, -13.709, -42.814
1.110, 45.352, 85.192, 75.365, -33.357, 4.645, 11.079, -45.324, 1.110, 43.672, 82.528, 84.369, 33.357, 4.645, -13.764, -43.638
1.120, 46.212, 85.943, 75.029, -33.607, 4.644, 11.020, -46.182, 1.120, 44.505, 83.375, 84.705, 33.607, 4.644, -13.821, -44.469
1.130, 47.078, 86.690, 74.691, -33.796, 4.643, 10.960, -47.046, 1.130, 45.348, 84.226, 85.043, 33.796, 4.643, -13.879, -45.310
1.140, 47.953, 87.433, 74.352, -33.922, 4.642, 10.899, -47.919, 1.140, 46.198, 85.079, 85.382, 33.923, 4.642, -13.939, -46.158
1.150, 48.834, 88.173, 74.012, -33.982, 4.641, 10.836, -48.798, 1.150, 47.058, 85.937, 85.722, 33.982, 4.641, -14.000, -47.016
1.160, 49.724, 88.910, 73.672, -33.972, 4.640, 10.772, -49.685, 1.160, 47.926, 86.797, 86.061, 33.972, 4.640, -14.063, -47.881
1.170, 50.620, 89.643, 73.333, -33.889, 4.639, 10.707, -50.579, 1.170, 48.802, 87.661, 86.400, 33.889, 4.639, -14.127, -48.756
1.180, 51.524, 90.373, 72.996, -33.729, 4.638, 10.640, -51.480, 1.180, 49.688, 88.529, 86.738, 33.729, 4.638, -14.192, -49.638
1.190, 52.435, 91.100, 72.661, -33.490, 4.638, 10.572, -52.389, 1.190, 50.582, 89.399, 87.073, 33.490, 4.638, -14.258, -50.530
1.200, 53.353, 91.823, 72.330, -33.167, 4.637, 10.504, -53.304, 1.200, 51.484, 90.273, 87.404, 33.167, 4.637, -14.326, -51.430
1.210, 54.278, 92.543, 72.002, -32.757, 4.636, 10.434, -54.227, 1.210, 52.396, 91.151, 87.732, 32.757, 4.636, -14.395, -52.339
1.220, 55.211, 93.260, 71.679, -32.256, 4.636, 10.363, -55.157, 1.220, 53.316, 92.031, 88.054, 32.256, 4.636, -14.465, -53.257
1.230, 56.151, 93.974, 71.363, -31.661, 4.636, 10.291, -56.094, 1.230, 54.245, 92.915, 88.371, 31.660, 4.636, -14.536, -54.183
1.240, 57.098, 94.684, 71.053, -30.965, 4.635, 10.218, -57.038, 1.240, 55.183, 93.802, 88.681, 30.965, 4.635, -14.608, -55.118
1.250, 58.051, 95.392, 70.752, -30.167, 4.635, 10.144, -57.989, 1.250, 56.130, 94.692, 88.982, 30.166, 4.635, -14.681, -56.062
1.260, 59.012, 96.096, 70.459, -29.261, 4.635, 10.070, -58.947, 1.260, 57.086, 95.584, 89.275, 29.260, 4.635, -14.755, -57.015
1.270, 59.980, 96.798, 70.176, -28.242, 4.635, 9.995, -59.912, 1.270, 58.051, 96.480, 89.557, 28.241, 4.635, -14.830, -57.977
1.280, 60.955, 97.497, 69.905, -27.105, 4.635, 9.919, -60.884, 1.280, 59.025, 97.378, 89.828, 27.105, 4.635, -14.906, -58.948
1.290, 61.937, 98.194, 69.647, -25.847, 4.635, 9.843, -61.863, 1.290, 60.007, 98.279, 90.087, 25.846, 4.635, -14.982, -59.928
1.300, 62.926, 98.888, 69.402, -24.461, 4.635, 9.766, -62.849, 1.300, 60.999, 99.182, 90.331, 24.460, 4.635, -15.059, -60.917
1.310, 63.922, 99.579, 69.173, -22.942, 4.635, 9.689, -63.842, 1.310, 62.000, 100.088, 90.561, 22.941, 4.635, -15.137, -61.915
1.320, 64.925, 100.269, 68.960, -21.285, 4.635, 9.611, -64.842, 1.320, 63.010, 100.996, 90.774, 21.283, 4.635, -15.215, -62.922
1.330, 65.934, 100.957, 68.765, -19.483, 4.636, 9.533, -65.848, 1.330, 64.029, 101.905, 90.968, 19.482, 4.636, -15.293, -63.938
1.340, 66.951, 101.642, 68.590, -17.531, 4.636, 9.456, -66.862, 1.340, 65.057, 102.817, 91.144, 17.530, 4.636, -15.372, -64.963
1.350, 67.974, 102.327, 68.436, -15.423, 4.637, 9.378, -67.882, 1.350, 66.095, 103.730, 91.298, 15.422, 4.637, -15.451, -65.997
1.360, 69.004, 103.010, 68.304, -13.152, 4.637, 9.300, -68.909, 1.360, 67.141, 104.644, 91.429, 13.151, 4.637, -15.530, -67.041
1.370, 70.041, 103.692, 68.197, -10.713, 4.638, 9.223, -69.943, 1.370, 68.197, 105.559, 91.537, 10.711, 4.638, -15.608, -68.093
1.380, 71.085, 104.373, 68.116, -8.097, 4.639, 9.146, -70.984, 1.380, 69.261, 106.476, 91.618, 8.095, 4.639, -15.687, -69.155
1.390, 72.135, 105.054, 68.063, -5.299, 4.640, 9.069, -72.032, 1.390, 70.335, 107.392, 91.671, 5.297, 4.640, -15.765, -70.226
1.400, 73.193, 105.734, 68.040, -2.312, 4.641, 8.993, -73.086, 1.400, 71.418, 108.309, 91.694, 2.310, 4.641, -15.843, -71.306
1.410, 74.257, 106.414, 68.049, 0.871, 4.642, 8.917, -74.148, 1.410, 72.511, 109.226, 91.685, -0.873, 4.642, -15.921, -72.396
1.420, 75.328, 107.095, 68.091, 4.258, 4.643, 8.843, -75.216, 1.420, 73.612, 110.143, 91.642, -4.260, 4.643, -15.998, -73.495
1.430, 76.405, 107.777, 68.170, 7.855, 4.645, 8.769, -76.291, 1.430, 74.723, 111.058, 91.564, -7.856, 4.645, -16.074, -74.603
1.440, 77.490, 108.460, 68.287, 11.668, 4.646, 8.696, -77.373, 1.440, 75.842, 111.973, 91.447, -11.670, 4.646, -16.149, -75.720
1.450, 78.581, 109.144, 68.444, 15.706, 4.647, 8.624, -78.463, 1.450, 76.971, 112.886, 91.290, -15.708, 4.647, -16.223, -76.846
1.460, 79.680, 109.831, 68.643, 19.975, 4.649, 8.554, -79.559, 1.460, 78.109, 113.796, 91.090, -19.976, 4.649, -16.296, -77.982
1.470, 80.785, 110.492, 66.090, -255.341, 4.651, 8.485, -80.661, 1.470, 79.256, 114.676, 87.939, -315.138, 4.651, -16.368, -79.126
1.480, 81.896, 111.100, 60.797, -529.284, 4.652, 8.417, -81.770, 1.480, 80.411, 115.494, 81.822, -611.672, 4.652, -16.438, -80.279
1.490, 83.012, 111.655, 55.571, -522.653, 4.654, 8.352, -82.885, 1.490, 81.573, 116.250, 75.639, -618.303, 4.654, -16.506, -81.440
1.500, 84.134, 112.160, 50.410, -516.047, 4.656, 8.288, -84.005, 1.500, 82.743, 116.944, 69.390, -624.909, 4.656, -16.573, -82.607
1.510, 85.260, 112.613, 45.315, -509.504, 4.658, 8.225, -85.129, 1.510, 83.919, 117.575, 63.075, -631.450, 4.658, -16.638, -83.781
1.520, 86.390, 113.016, 40.284, -503.066, 4.660, 8.165, -86.258, 1.520, 85.100, 118.142, 56.697, -637.888, 4.660, -16.701, -84.961
1.530, 87.524, 113.369, 35.317, -496.773, 4.662, 8.108, -87.390, 1.530, 86.286, 118.645, 50.255, -644.181, 4.662, -16.761, -86.146
1.540, 88.661, 113.673, 30.410, -490.666, 4.665, 8.052, -88.525, 1.540, 87.477, 119.082, 43.752, -650.287, 4.665, -16.819, -87.335
1.550, 89.800, 113.928, 25.562, -484.788, 4.667, 7.999, -89.663, 1.550, 88.672, 119.454, 37.190, -656.165, 4.667, -16.875, -88.528
1.560, 90.941, 114.136, 20.770, -479.180, 4.669, 7.948, -90.804, 1.560, 89.869, 119.760, 30.573, -661.772, 4.669, -16.928, -89.725
1.570, 92.084, 114.296, 16.031, -473.886, 4.671, 7.900, -91.945, 1.570, 91.069, 119.999, 23.902, -667.067, 4.671, -16.979, -90.924
1.580, 93.228, 114.410, 11.342, -468.944, 4.674, 7.854, -93.089, 1.580, 92.271, 120.171, 17.182, -672.008, 4.674, -17.027, -92.125
1.590, 94.373, 114.477, 6.698, -464.396, 4.676, 7.811, -94.233, 1.590, 93.474, 120.275, 10.416, -676.555, 4.676, -17.072, -93.326
1.600, 95.518, 114.472, -0.440, -713.776, 4.678, 7.771, -95.377, 1.600, 94.677, 120.284, 0.946, -947.036, 4.678, -17.115, -94.529
1.610, 96.662, 114.397, -7.542, -710.203, 4.681, 7.733, -96.520, 1.610, 95.879, 120.199, -8.560, -950.610, 4.681, -17.154, -95.730
1.620, 97.804, 114.276, -12.080, -453.809, 4.683, 7.698, -97.662, 1.620, 97.079, 120.044, -15.432, -687.142, 4.683, -17.191, -96.930
1.630, 98.946, 114.110, -16.595, -451.491, 4.685, 7.666, -98.803, 1.630, 98.277, 119.821, -22.326, -689.460, 4.685, -17.225, -98.127
1.640, 100.085, 113.899, -21.092, -449.749, 4.688, 7.637, -99.941, 1.640, 99.473, 119.529, -29.238, -691.202, 4.688, -17.256, -99.322
1.650, 101.221, 113.644, -25.578, -448.609, 4.690, 7.610, -101.078, 1.650, 100.664, 119.167, -36.162, -692.342, 4.690, -17.284, -100.514
1.660, 102.354, 113.343, -30.059, -448.093, 4.692, 7.585, -102.211, 1.660, 101.852, 118.736, -43.090, -692.859, 4.692, -17.310, -101.701
1.670, 103.484, 112.998, -34.541, -448.218, 4.694, 7.563, -103.341, 1.670, 103.034, 118.236, -50.018, -692.734, 4.694, -17.333, -102.883
1.680, 104.611, 112.607, -39.031, -448.998, 4.696, 7.544, -104.466, 1.680, 104.211, 117.667, -56.937, -691.954, 4.696, -17.353, -104.059
1.690, 105.732, 112.172, -43.536, -450.446, 4.698, 7.526, -105.588, 1.690, 105.381, 117.028, -63.842, -690.507, 4.698, -17.371, -105.230
1.700, 106.849, 111.691, -48.062, -452.567, 4.700, 7.511, -106.705, 1.700, 106.544, 116.321, -70.726, -688.387, 4.700, -17.387, -106.393
1.710, 107.961, 111.165, -52.615, -455.365, 4.702, 7.498, -107.816, 1.710, 107.700, 115.545, -77.582, -685.589, 4.702, -17.400, -107.548
1.720, 109.067, 110.593, -57.204, -458.841, 4.703, 7.487, -108.922, 1.720, 108.847, 114.701, -84.403, -682.114, 4.703, -17.412, -108.695
1.730, 110.166, 109.975, -61.834, -462.991, 4.705, 7.478, -110.022, 1.730, 109.985, 113.789, -91.183, -677.965, 4.705, -17.421, -109.833
1.740, 111.260, 109.335, -63.951, -211.797, 4.706, 7.471, -111.115, 1.740, 111.113, 112.836, -95.276, -409.298, 4.706, -17.429, -110.961
1.750, 112.347, 108.702, -63.296, 65.572, 4.707, 7.465, -112.202, 1.750, 112.232, 111.872, -96.438, -116.189, 4.707, -17.435, -112.080
1.760, 113.428, 108.078, -62.416, 87.964, 4.709, 7.460, -113.283, 1.760, 113.341, 110.899, -97.317, -87.966, 4.709, -17.440, -113.189
1.770, 114.502, 107.462, -61.562, 85.428, 4.710, 7.456, -114.358, 1.770, 114.440, 109.917, -98.172, -85.431, 4.710, -17.443, -114.288
1.780, 115.571, 106.855, -60.734, 82.832, 4.710, 7.454, -115.426, 1.780, 115.529, 108.927, -99.000, -82.836, 4.710, -17.446, -115.377
1.790, 116.633, 106.256, -59.932, 80.183, 4.711, 7.452, -116.489, 1.790, 116.608, 107.929, -99.802, -80.187, 4.711, -17.448, -116.457
1.800, 117.690, 105.664, -59.157, 77.487, 4.712, 7.451, -117.545, 1.800, 117.678, 106.923, -100.577, -77.491, 4.712, -17.449, -117.526
1.810, 118.741, 105.080, -58.409, 74.747, 4.712, 7.450, -118.596, 1.810, 118.737, 105.910, -101.324, -74.751, 4.712, -17.450, -118.585
1.820, 119.786, 104.503, -57.690, 71.967, 4.712, 7.450, -119.641, 1.820, 119.786, 104.890, -102.044, -71.972, 4.712, -17.450, -119.634
1.830, 120.822, 103.584, -91.887, -3419.682, 4.712, 7.450, -120.677, 1.830, 120.828, 104.211, -67.847, 3419.671, 4.712, -17.450, -120.676
1.840, 121.837, 101.508, -207.644, -11575.713, 4.714, 7.450, -121.692, 1.840, 121.875, 104.690, 47.909, 11575.579, 4.714, -17.450, -121.723
1.850, 122.831, 99.391, -211.661, -401.713, 4.716, 7.453, -122.686, 1.850, 122.927, 105.210, 51.924, 401.526, 4.716, -17.447, -122.775
1.860, 123.804, 97.321, -207.079, 458.128, 4.719, 7.458, -123.659, 1.860, 123.983, 105.683, 47.341, -458.293, 4.719, -17.442, -123.832
1.870, 124.757, 95.283, -203.789, 329.073, 4.724, 7.466, -124.612, 1.870, 125.045, 106.123, 44.049, -329.220, 4.724, -17.432, -124.893
1.880, 125.689, 93.266, -201.633, 215.590, 4.729, 7.479, -125.545, 1.880, 126.110, 106.542, 41.891, -215.730, 4.729, -17.417, -125.958
1.890, 126.602, 91.261, -200.488, 114.530, 4.735, 7.497, -126.457, 1.890, 127.180, 106.950, 40.745, -114.665, 4.735, -17.396, -127.028
1.900, 127.495, 89.259, -200.253, 23.451, 4.743, 7.521, -127.349, 1.900, 128.253, 107.355, 40.509, -23.587, 4.743, -17.368, -128.101
1.910, 128.367, 87.250, -200.848, -59.509, 4.751, 7.551, -128.221, 1.910, 129.331, 107.766, 41.102, 59.368, 4.751, -17.331, -129.178
1.920, 129.219, 85.228, -202.205, -135.733, 4.760, 7.587, -129.073, 1.920, 130.413, 108.190, 42.458, 135.584, 4.760, -17.285, -130.259
1.930, 130.051, 83.186, -204.267, -206.183, 4.770, 7.631, -129.904, 1.930, 131.499, 108.636, 44.519, 206.025, 4.770, -17.227, -131.343
1.940, 130.862, 81.116, -206.982, -271.443, 4.781, 7.682, -130.713, 1.940, 132.590, 109.108, 47.231, 271.271, 4.781, -17.158, -132.432
1.950, 131.653, 79.013, -210.299, -331.724, 4.794, 7.742, -131.501, 1.950, 133.686, 109.613, 50.547, 331.538, 4.794, -17.076, -133.525
1.960, 132.421, 76.871, -214.168, -386.867, 4.807, 7.809, -132.267, 1.960, 134.788, 110.158, 54.413, 386.664, 4.807, -16.979, -134.623
1.970, 133.168, 74.686, -218.531, -436.320, 4.822, 7.885, -133.010, 1.970, 135.895, 110.745, 58.774, 436.099, 4.822, -16.867, -135.724
1.980, 133.893, 72.453, -223.322, -479.106, 4.837, 7.970, -133.729, 1.980, 137.009, 111.381, 63.563, 478.865, 4.837, -16.737, -136.831
1.990, 134.594, 70.168, -228.460, -513.782, 4.854, 8.063, -134.425, 1.990, 138.130, 112.068, 68.698, 513.521, 4.854, -16.588, -137.941
2.000, 135.273, 67.830, -233.844, -538.393, 4.872, 8.164, -135.095, 2.000, 139.258, 112.809, 74.079, 538.114, 4.872, -16.418, -139.057
2.010, 135.927, 65.436, -239.348, -550.436, 4.892, 8.275, -135.740, 2.010, 140.394, 113.605, 79.581, 550.136, 4.892, -16.227, -140.176
2.020, 136.557, 62.988, -244.816, -546.824, 4.912, 8.393, -136.359, 2.020, 141.539, 114.455, 85.046, 546.515, 4.912, -16.012, -141.301
2.030, 137.162, 60.487, -250.055, -523.913, 4.934, 8.520, -136.951, 2.030, 142.692, 115.358, 90.282, 523.589, 4.934, -15.770, -142.429
2.040, 137.741, 57.939, -254.831, -477.540, 4.958, 8.654, -137.514, 2.040, 143.855, 116.308, 95.054, 477.215, 4.958, -15.501, -143.560
2.050, 138.295, 55.351, -258.863, -403.185, 4.983, 8.795, -138.050, 2.050, 145.028, 117.299, 99.083, 402.872, 4.983, -15.202, -144.694
2.060, 138.822, 52.732, -261.825, -296.219, 5.009, 8.942, -138.556, 2.060, 146.211, 118.320, 102.042, 295.929, 5.009, -14.872, -145.831
2.070, 139.323, 50.099, -263.348, -152.299, 5.037, 9.095, -139.033, 2.070, 147.405, 119.355, 103.562, 152.047, 5.037, -14.507, -146.967
2.080, 139.798, 47.469, -263.027, 32.074, 5.066, 9.252, -139.481, 2.080, 148.609, 120.388, 103.240, -32.260, 5.066, -14.107, -148.103
2.090, 140.246, 44.864, -260.439, 258.824, 5.097, 9.414, -139.899, 2.090, 149.823, 121.394, 100.650, -258.925, 5.097, -13.669, -149.235
2.100, 140.669, 42.313, -255.164, 527.462, 5.129, 9.579, -140.289, 2.100, 151.046, 122.348, 95.376, -527.447, 5.129, -13.193, -150.362
2.110, 141.068, 39.844, -246.822, 834.188, 5.162, 9.746, -140.651, 2.110, 152.278, 123.218, 87.036, -834.034, 5.162, -12.676, -151.480
2.120, 141.443, 37.493, -235.111, 1171.125, 5.197, 9.915, -140.985, 2.120, 153.518, 123.972, 75.328, -1170.812, 5.197, -12.117, -152.587
2.130, 141.796, 35.295, -219.853, 1525.859, 5.233, 10.085, -141.295, 2.130, 154.764, 124.572, 60.074, -1525.365, 5.233, -11.517, -153.679
2.140, 142.129, 33.284, -201.037, 1881.528, 5.270, 10.256, -141.580, 2.140, 156.014, 124.985, 41.265, -1880.853, 5.270, -10.876, -154.751
2.150, 142.443, 31.496, -178.861, 2217.672, 5.307, 10.427, -141.845, 2.150, 157.265, 125.176, 19.097, -2216.826, 5.307, -10.194, -155.801
2.160, 142.743, 29.958, -153.742, 2511.900, 5.346, 10.600, -142.089, 2.160, 158.517, 125.116, -6.012, -2510.903, 5.346, -9.473, -156.824
2.170, 143.030, 28.695, -126.319, 2742.280, 5.384, 10.774, -142.317, 2.170, 159.764, 124.782, -33.424, -2741.174, 5.384, -8.715, -157.815
2.180, 143.307, 27.721, -97.417, 2890.129, 5.423, 10.951, -142.531, 2.180, 161.006, 124.158, -62.313, -2888.967, 5.423, -7.924, -158.772
2.190, 143.578, 27.041, -67.991, 2942.666, 5.462, 11.131, -142.733, 2.190, 162.238, 123.241, -91.728, -2941.505, 5.462, -7.102, -159.690
2.200, 143.844, 26.651, -39.041, 2894.960, 5.500, 11.316, -142.924, 2.200, 163.459, 122.034, -120.667, -2893.863, 5.500, -6.254, -160.568
2.210, 144.109, 26.535, -11.534, 2750.722, 5.538, 11.508, -143.108, 2.210, 164.664, 120.553, -148.164, -2749.742, 5.538, -5.384, -161.402
2.220, 144.376, 26.672, 13.683, 2521.721, 5.575, 11.707, -143.285, 2.220, 165.852, 118.819, -173.373, -2520.901, 5.575, -4.496, -162.192
2.230, 144.647, 27.032, 35.943, 2225.984, 5.611, 11.915, -143.457, 2.230, 167.021, 116.863, -195.627, -2225.350, 5.611, -3.595, -162.936
2.240, 144.922, 27.579, 54.795, 1885.208, 5.646, 12.134, -143.625, 2.240, 168.168, 114.718, -214.475, -1884.772, 5.646, -2.686, -163.635
2.250, 145.205, 28.280, 70.015, 1521.951, 5.680, 12.364, -143.790, 2.250, 169.293, 112.421, -229.692, -1521.706, 5.680, -1.771, -164.289
2.260, 145.496, 29.095, 81.586, 1157.138, 5.712, 12.606, -143.951, 2.260, 170.393, 110.008, -241.262, -1157.065, 5.712, -0.855, -164.898
2.270, 145.796, 29.992, 89.669, 808.256, 5.743, 12.861, -144.109, 2.270, 171.468, 107.515, -249.346, -808.333, 5.743, 0.058, -165.465
2.280, 146.105, 30.938, 94.553, 488.388, 5.773, 13.129, -144.264, 2.280, 172.517, 104.973, -254.232, -488.581, 5.773, 0.967, -165.992
2.290, 146.424, 31.904, 96.613, 206.007, 5.801, 13.410, -144.416, 2.290, 173.542, 102.410, -256.294, -206.288, 5.801, 1.867, -166.479
2.300, 146.753, 32.866, 96.266, -34.625, 5.828, 13.703, -144.564, 2.300, 174.540, 99.850, -255.952, 34.285, 5.828, 2.758, -166.930
2.310, 147.091, 33.806, 93.939, -232.718, 5.854, 14.008, -144.709, 2.310, 175.513, 97.314, -253.628, 232.341, 5.854, 3.638, -167.346
2.320, 147.438, 34.706, 90.039, -390.055, 5.878, 14.326, -144.850, 2.320, 176.461, 94.817, -249.731, 389.668, 5.878, 4.504, -167.731
2.330, 147.794, 35.556, 84.937, -510.138, 5.901, 14.654, -144.986, 2.330, 177.385, 92.370, -244.634, 509.750, 5.901, 5.357, -168.085
2.340, 148.157, 36.345, 78.963, -597.420, 5.922, 14.993, -145.118, 2.340, 178.285, 89.984, -238.664, 597.044, 5.922, 6.196, -168.412
2.350, 148.528, 37.069, 72.396, -656.732, 5.942, 15.341, -145.245, 2.350, 179.162, 87.663, -232.100, 656.375, 5.942, 7.019, -168.714
2.360, 148.905, 37.724, 65.467, -692.852, 5.962, 15.698, -145.368, 2.360, 180.016, 85.411, -225.175, 692.522, 5.962, 7.827, -168.991
2.370, 149.288, 38.308, 58.365, -710.243, 5.980, 16.062, -145.486, 2.370, 180.848, 83.230, -218.075, 709.939, 5.980, 8.619, -169.247
2.380, 149.676, 38.820, 51.236, -712.890, 5.997, 16.433, -145.599, 2.380, 181.659, 81.121, -210.949, 712.617, 5.997, 9.395, -169.483
2.390, 150.069, 39.262, 44.193, -704.242, 6.013, 16.811, -145.707, 2.390, 182.450, 79.082, -203.909, 703.993, 6.013, 10.155, -169.701
2.400, 150.465, 39.635, 37.321, -687.197, 6.028, 17.194, -145.810, 2.400, 183.221, 77.111, -197.039, 686.975, 6.028, 10.900, -169.901
2.410, 150.865, 39.942, 30.680, -664.143, 6.042, 17.581, -145.908, 2.410, 183.973, 75.207, -190.400, 663.950, 6.042, 11.629, -170.086
2.420, 151.267, 40.185, 24.310, -637.011, 6.055, 17.972, -146.001, 2.420, 184.707, 73.367, -184.032, 636.832, 6.055, 12.342, -170.257
2.430, 151.670, 40.367, 18.237, -607.313, 6.068, 18.365, -146.090, 2.430, 185.423, 71.587, -177.960, 607.164, 6.068, 13.041, -170.414
2.440, 152.075, 40.492, 12.474, -576.246, 6.079, 18.762, -146.174, 2.440, 186.121, 69.865, -172.199, 576.111, 6.079, 13.724, -170.559
2.450, 152.481, 40.562, 7.027, -544.706, 6.091, 19.159, -146.254, 2.450, 186.803, 68.198, -166.753, 544.587, 6.091, 14.393, -170.694
2.460, 152.887, 40.581, 1.894, -513.367, 6.101, 19.558, -146.330, 2.460, 187.469, 66.582, -161.620, 513.265, 6.101, 15.047, -170.818
2.470, 153.292, 40.552, -2.934, -482.722, 6.111, 19.957, -146.401, 2.470, 188.119, 65.014, -156.794, 482.631, 6.111, 15.687, -170.932
2.480, 153.697, 40.477, -7.465, -453.113, 6.120, 20.356, -146.469, 2.480, 188.754, 63.491, -152.264, 453.037, 6.120, 16.313, -171.038
2.490, 154.101, 40.360, -11.713, -424.777, 6.129, 20.755, -146.533, 2.490, 189.374, 62.011, -148.016, 424.706, 6.129, 16.925, -171.136
2.500, 154.503, 40.203, -15.691, -397.853, 6.137, 21.152, -146.593, 2.500, 189.980, 60.570, -144.039, 397.794, 6.137, 17.524, -171.227
2.510, 154.903, 40.009, -19.415, -372.424, 6.145, 21.548, -146.649, 2.510, 190.572, 59.167, -140.315, 372.370, 6.145, 18.110, -171.311
2.520, 155.300, 39.780, -22.900, -348.516, 6.152, 21.942, -146.703, 2.520, 191.150, 57.799, -136.830, 348.471, 6.152, 18.682, -171.389
2.530, 155.696, 39.518, -26.162, -326.124, 6.159, 22.334, -146.753, 2.530, 191.714, 56.463, -133.569, 326.084, 6.159, 19.242, -171.461
2.540, 156.088, 39.226, -29.214, -305.214, 6.165, 22.724, -146.801, 2.540, 192.266, 55.158, -130.518, 305.178, 6.165, 19.790, -171.527
2.550, 156.477, 38.906, -32.071, -285.734, 6.171, 23.110, -146.846, 2.550, 192.805, 53.882, -127.660, 285.703, 6.171, 20.325, -171.589
2.560, 156.863, 38.558, -34.747, -267.621, 6.177, 23.494, -146.888, 2.560, 193.331, 52.632, -124.985, 267.594, 6.177, 20.848, -171.647
2.570, 157.244, 38.186, -37.255, -250.804, 6.182, 23.873, -146.927, 2.570, 193.845, 51.407, -122.477, 250.781, 6.182, 21.360, -171.700
2.580, 157.622, 37.790, -39.607, -235.209, 6.187, 24.249, -146.964, 2.580, 194.347, 50.206, -120.125, 235.188, 6.187, 21.859, -171.749
2.590, 157.996, 37.371, -41.815, -220.758, 6.192, 24.621, -146.999, 2.590, 194.837, 49.027, -117.917, 220.740, 6.192, 22.347, -171.795
2.600, 158.365, 36.932, -43.889, -207.377, 6.196, 24.989, -147.032, 2.600, 195.316, 47.868, -115.844, 207.360, 6.196, 22.824, -171.838
2.610, 158.730, 36.474, -45.839, -194.990, 6.200, 25.353, -147.063, 2.610, 195.783, 46.729, -113.894, 194.977, 6.200, 23.290, -171.878
2.620, 159.090, 35.997, -47.674, -183.526, 6.204, 25.712, -147.092, 2.620, 196.239, 45.609, -112.059, 183.515, 6.204, 23.744, -171.914
2.630, 159.445, 35.503, -49.403, -172.920, 6.208, 26.066, -147.120, 2.630, 196.685, 44.505, -110.330, 172.907, 6.208, 24.188, -171.949
2.640, 159.795, 34.993, -51.034, -163.100, 6.211, 26.415, -147.145, 2.640, 197.119, 43.418, -108.699, 163.093, 6.211, 24.621, -171.981
2.650, 160.140, 34.467, -52.574, -154.012, 6.214, 26.758, -147.170, 2.650, 197.542, 42.347, -107.159, 154.003, 6.214, 25.043, -172.011
2.660, 160.479, 33.927, -54.030, -145.595, 6.217, 27.097, -147.193, 2.660, 197.955, 41.290, -105.703, 145.588, 6.217, 25.455, -172.038
2.670, 160.813, 33.373, -55.408, -137.795, 6.220, 27.430, -147.214, 2.670, 198.358, 40.246, -104.325, 137.790, 6.220, 25.857, -172.064
2.680, 161.141, 32.806, -56.714, -130.565, 6.223, 27.757, -147.234, 2.680, 198.750, 39.216, -103.020, 130.559, 6.223, 26.248, -172.089
2.690, 161.463, 32.226, -57.952, -123.855, 6.225, 28.079, -147.254, 2.690, 199.132, 38.198, -101.781, 123.851, 6.225, 26.630, -172.111
2.700, 161.779, 31.635, -59.129, -117.626, 6.227, 28.395, -147.272, 2.700, 199.504, 37.192, -100.605, 117.620, 6.227, 27.001, -172.133
2.710, 162.090, 31.032, -60.247, -111.833, 6.229, 28.705, -147.289, 2.710, 199.866, 36.197, -99.487, 111.829, 6.229, 27.362, -172.153
2.720, 162.394, 30.419, -61.311, -106.441, 6.231, 29.008, -147.305, 2.720, 200.218, 35.213, -98.422, 106.439, 6.231, 27.714, -172.171
2.730, 162.692, 29.796, -62.326, -101.418, 6.233, 29.306, -147.320, 2.730, 200.560, 34.239, -97.408, 101.414, 6.233, 28.056, -172.189
2.740, 162.983, 29.163, -63.293, -96.728, 6.235, 29.597, -147.334, 2.740, 200.893, 33.275, -96.441, 96.726, 6.235, 28.388, -172.205
2.750, 163.269, 28.521, -64.216, -92.344, 6.236, 29.882, -147.348, 2.750, 201.216, 32.320, -95.517, 92.342, 6.236, 28.711, -172.221
2.760, 163.547, 27.870, -65.099, -88.238, 6.238, 30.161, -147.361, 2.760, 201.530, 31.373, -94.635, 88.237, 6.238, 29.025, -172.235
2.770, 163.820, 27.211, -65.943, -84.385, 6.239, 30.432, -147.373, 2.770, 201.834, 30.435, -93.791, 84.384, 6.239, 29.329, -172.249
2.780, 164.085, 26.543, -66.750, -80.762, 6.240, 30.698, -147.385, 2.780, 202.129, 29.505, -92.984, 80.760, 6.240, 29.623, -172.262
2.790, 164.344, 25.868, -67.524, -77.346, 6.241, 30.956, -147.396, 2.790, 202.415, 28.583, -92.210, 77.345, 6.241, 29.909, -172.274
2.800, 164.595, 25.185, -68.265, -74.117, 6.242, 31.208, -147.406, 2.800, 202.692, 27.669, -91.469, 74.116, 6.242, 30.185, -172.285
2.810, 164.840, 24.495, -68.975, -71.058, 6.243, 31.452, -147.416, 2.810, 202.959, 26.761, -90.758, 71.057, 6.243, 30.453, -172.296
2.820, 165.078, 23.799, -69.657, -68.150, 6.244, 31.690, -147.426, 2.820, 203.218, 25.860, -90.077, 68.149, 6.244, 30.711, -172.306
2.830, 165.309, 23.096, -70.311, -65.378, 6.245, 31.921, -147.435, 2.830, 203.468, 24.966, -89.423, 65.378, 6.245, 30.961, -172.316
2.840, 165.533, 22.386, -70.938, -62.728, 6.245, 32.145, -147.443, 2.840, 203.708, 24.078, -88.796, 62.726, 6.245, 31.201, -172.325
2.850, 165.750, 21.671, -71.540, -60.184, 6.246, 32.361, -147.451, 2.850, 203.940, 23.196, -88.194, 60.184, 6.246, 31.433, -172.334
2.860, 165.959, 20.950, -72.117, -57.736, 6.246, 32.571, -147.459, 2.860, 204.164, 22.320, -87.617, 57.735, 6.246, 31.656, -172.342
2.870, 166.162, 20.223, -72.671, -55.370, 6.247, 32.773, -147.467, 2.870, 204.378, 21.449, -87.063, 55.370, 6.247, 31.870, -172.350
2.880, 166.357, 19.491, -73.202, -53.078, 6.247, 32.967, -147.474, 2.880, 204.584, 20.584, -86.532, 53.078, 6.247, 32.076, -172.358
2.890, 166.544, 18.754, -73.710, -50.848, 6.248, 33.155, -147.480, 2.890, 204.781, 19.724, -86.024, 50.848, 6.248, 32.273, -172.365
2.900, 166.724, 18.012, -74.197, -48.672, 6.248, 33.335, -147.487, 2.900, 204.970, 18.868, -85.537, 48.672, 6.248, 32.462, -172.371
2.910, 166.897, 17.265, -74.662, -46.542, 6.248, 33.507, -147.493, 2.910, 205.150, 18.018, -85.072, 46.541, 6.248, 32.642, -172.378
2.920, 167.062, 16.514, -75.107, -44.449, 6.249, 33.673, -147.498, 2.920, 205.322, 17.172, -84.627, 44.449, 6.249, 32.814, -172.383
2.930, 167.220, 15.759, -75.531, -42.389, 6.249, 33.830, -147.504, 2.930, 205.485, 16.329, -84.203, 42.388, 6.249, 32.977, -172.389
2.940, 167.370, 15.000, -75.934, -40.353, 6.249, 33.980, -147.509, 2.940, 205.640, 15.491, -83.800, 40.353, 6.249, 33.132, -172.394
2.950, 167.512, 14.236, -76.317, -38.337, 6.249, 34.122, -147.514, 2.950, 205.786, 14.657, -83.416, 38.337, 6.249, 33.278, -172.399
2.960, 167.647, 13.470, -76.681, -36.335, 6.249, 34.257, -147.518, 2.960, 205.925, 13.827, -83.053, 36.335, 6.249, 33.416, -172.404
2.970, 167.774, 12.699, -77.024, -34.345, 6.250, 34.384, -147.523, 2.970, 206.055, 13.000, -82.709, 34.345, 6.250, 33.546, -172.408
2.980, 167.893, 11.926, -77.348, -32.361, 6.250, 34.503, -147.527, 2.980, 206.176, 12.176, -82.386, 32.361, 6.250, 33.668, -172.413
2.990, 168.004, 11.149, -77.652, -30.381, 6.250, 34.614, -147.530, 2.990, 206.290, 11.355, -82.082, 30.381, 6.250, 33.781, -172.416
3.000, 168.108, 10.370, -77.936, -28.401, 6.250, 34.718, -147.534, 3.000, 206.395, 10.537, -81.798, 28.401, 6.250, 33.887, -172.420
3.010, 168.204, 9.588, -78.200, -26.420, 6.250, 34.814, -147.537, 3.010, 206.493, 9.722, -81.534, 26.420, 6.250, 33.984, -172.423
3.020, 168.292, 8.804, -78.444, -24.436, 6.250, 34.902, -147.540, 3.020, 206.582, 8.909, -81.289, 24.436, 6.250, 34.073, -172.426
3.030, 168.372, 8.017, -78.669, -22.447, 6.250, 34.982, -147.543, 3.030, 206.663, 8.098, -81.065, 22.447, 6.250, 34.154, -172.429
3.040, 168.445, 7.228, -78.873, -20.452, 6.250, 35.054, -147.545, 3.040, 206.736, 7.290, -80.860, 20.452, 6.250, 34.227, -172.431
3.050, 168.509, 6.438, -79.058, -18.451, 6.250, 35.119, -147.547, 3.050, 206.800, 6.483, -80.676, 18.451, 6.250, 34.291, -172.433
3.060, 168.565, 5.645, -79.222, -16.443, 6.250, 35.175, -147.549, 3.060, 206.857, 5.678, -80.512, 16.443, 6.250, 34.348, -172.435
3.070, 168.614, 4.878, -76.772, 244.975, 6.250, 35.224, -147.551, 3.070, 206.906, 4.900, -77.763, 274.887, 6.250, 34.397, -172.437
3.080, 168.656, 4.163, -71.450, 532.239, 6.250, 35.265, -147.552, 3.080, 206.948, 4.178, -72.182, 558.101, 6.250, 34.439, -172.438
3.090, 168.691, 3.505, -65.848, 560.211, 6.250, 35.300, -147.553, 3.090, 206.983, 3.514, -66.374, 580.745, 6.250, 34.474, -172.439
3.100, 168.720, 2.902, -60.223, 562.540, 6.250, 35.329, -147.554, 3.100, 207.012, 2.909, -60.590, 578.415, 6.250, 34.503, -172.440
3.110, 168.743, 2.357, -54.578, 564.488, 6.250, 35.353, -147.555, 3.110, 207.036, 2.360, -54.825, 576.467, 6.250, 34.527, -172.441
3.120, 168.762, 1.868, -48.917, 566.089, 6.250, 35.372, -147.555, 3.120, 207.055, 1.870, -49.077, 574.867, 6.250, 34.545, -172.442
3.130, 168.776, 1.435, -43.243, 567.375, 6.250, 35.386, -147.556, 3.130, 207.069, 1.436, -43.341, 573.580, 6.250, 34.560, -172.442
3.140, 168.787, 1.060, -37.559, 568.382, 6.250, 35.396, -147.556, 3.140, 207.079, 1.060, -37.615, 572.574, 6.250, 34.570, -172.443
3.150, 168.794, 0.741, -31.868, 569.142, 6.250, 35.404, -147.557, 3.150, 207.087, 0.741, -31.897, 571.813, 6.250, 34.578, -172.443
3.160, 168.799, 0.479, -26.171, 569.691, 6.250, 35.409, -147.557, 3.160, 207.092, 0.479, -26.184, 571.264, 6.250, 34.583, -172.443
3.170, 168.802, 0.274, -20.470, 570.063, 6.250, 35.411, -147.557, 3.170, 207.094, 0.274, -20.475, 570.892, 6.250, 34.585, -172.443
3.180, 168.803, 0.127, -14.767, 570.293, 6.250, 35.413, -147.557, 3.180, 207.096, 0.127, -14.769, 570.662, 6.250, 34.587, -172.443
3.190, 168.804, 0.036, -9.063, 570.416, 6.250, 35.413, -147.557, 3.190, 207.096, 0.036, -9.063, 570.540, 6.250, 34.587, -172.443
3.200, 168.804, 0.003, -3.359, 570.465, 6.250, 35.413, -147.557, 3.200, 207.096, 0.003, -3.359, 570.490, 6.250, 34.587, -172.443
3.210, 168.804, 0.000, -0.253, 310.546, 6.250, 35.413, -147.557, 3.210, 207.096, 0.000, -0.253, 310.548, 6.250, 34.587, -172.443
