0.000, 0.003, 0.698, 69.833, 6983.320, 6.283, 0.003, 12.450, 0.000, 0.003, 0.698, 69.833, 6983.320, 6.283, 0.003, -12.450
0.010, 0.014, 1.048, 34.920, -3491.321, 6.283, 0.014, 12.450, 0.010, 0.014, 1.047, 34.913, -3491.999, 6.283, 0.014, -12.450
0.020, 0.031, 1.746, 69.844, 3492.450, 6.283, 0.031, 12.450, 0.020, 0.031, 1.746, 69.822, 3490.870, 6.283, 0.031, -12.450
0.030, 0.056, 2.445, 69.858, 1.353, 6.283, 0.056, 12.450, 0.030, 0.056, 2.444, 69.808, -1.353, 6.283, 0.056, -12.450
0.040, 0.087, 3.143, 69.877, 1.890, 6.283, 0.087, 12.450, 0.040, 0.087, 3.142, 69.789, -1.890, 6.283, 0.087, -12.450
0.050, 0.126, 3.842, 69.901, 2.423, 6.283, 0.126, 12.450, 0.050, 0.126, 3.839, 69.765, -2.423, 6.283, 0.126, -12.450
0.060, 0.171, 4.542, 69.931, 2.951, 6.283, 0.171, 12.450, 0.060, 0.171, 4.537, 69.736, -2.951, 6.283, 0.171, -12.450
0.070, 0.224, 5.241, 69.965, 3.473, 6.283, 0.224, 12.450, 0.070, 0.223, 5.234, 69.701, -3.473, 6.283, 0.223, -12.450
0.080, 0.283, 5.941, 70.005, 3.987, 6.283, 0.283, 12.450, 0.080, 0.283, 5.930, 69.661, -3.987, 6.283, 0.283, -12.450
0.090, 0.349, 6.642, 70.050, 4.493, 6.283, 0.349, 12.450, 0.090, 0.349, 6.626, 69.616, -4.493, 6.283, 0.349, -12.450
0.100, 0.423, 7.343, 70.100, 4.990, 6.283, 0.423, 12.450, 0.100, 0.422, 7.322, 69.566, -4.990, 6.283, 0.422, -12.450
0.110, 0.503, 8.044, 70.155, 5.476, 6.283, 0.503, 12.450, 0.110, 0.502, 8.017, 69.512, -5.476, 6.283, 0.502, -12.450
0.120, 0.591, 8.747, 70.214, 5.950, 6.283, 0.591, 12.450, 0.120, 0.589, 8.712, 69.452, -5.950, 6.283, 0.589, -12.450
0.130, 0.685, 9.449, 70.278, 6.412, 6.283, 0.685, 12.450, 0.130, 0.684, 9.406, 69.388, -6.412, 6.283, 0.684, -12.450
0.140, 0.787, 10.153, 70.347, 6.860, 6.283, 0.787, 12.450, 0.140, 0.784, 10.099, 69.319, -6.860, 6.283, 0.784, -12.450
0.150, 0.895, 10.857, 70.420, 7.293, 6.283, 0.895, 12.450, 0.150, 0.892, 10.791, 69.246, -7.293, 6.283, 0.892, -12.450
0.160, 1.011, 11.562, 70.497, 7.710, 6.283, 1.011, 12.450, 0.160, 1.007, 11.483, 69.169, -7.710, 6.283, 1.007, -12.450
0.170, 1.134, 12.268, 70.578, 8.111, 6.283, 1.134, 12.450, 0.170, 1.129, 12.174, 69.088, -8.111, 6.283, 1.129, -12.450
0.180, 1.263, 12.974, 70.663, 8.493, 6.283, 1.263, 12.450, 0.180, 1.258, 12.864, 69.003, -8.493, 6.283, 1.258, -12.450
0.190, 1.400, 13.682, 70.752, 8.857, 6.283, 1.400, 12.450, 0.190, 1.393, 13.553, 68.915, -8.857, 6.283, 1.393, -12.450
0.200, 1.544, 14.390, 70.844, 9.201, 6.283, 1.544, 12.450, 0.200, 1.536, 14.241, 68.823, -9.201, 6.283, 1.536, -12.450
0.210, 1.695, 15.100, 70.939, 9.525, 6.283, 1.695, 12.450, 0.210, 1.685, 14.929, 68.727, -9.525, 6.283, 1.685, -12.450
0.220, 1.853, 15.810, 71.037, 9.827, 6.283, 1.853, 12.450, 0.220, 1.841, 15.615, 68.629, -9.827, 6.283, 1.841, -12.450
0.230, 2.018, 16.521, 71.138, 10.107, 6.283, 2.018, 12.450, 0.230, 2.004, 16.300, 68.528, -10.107, 6.283, 2.004, -12.450
0.240, 2.191, 17.234, 71.242, 10.364, 6.283, 2.191, 12.449, 0.240, 2.174, 16.984, 68.424, -10.364, 6.283, 2.174, -12.450
0.250, 2.370, 17.947, 71.348, 10.596, 6.282, 2.370, 12.449, 0.250, 2.351, 17.668, 68.318, -10.596, 6.282, 2.351, -12.451
0.260, 2.557, 18.662, 71.456, 10.804, 6.282, 2.557, 12.449, 0.260, 2.534, 18.350, 68.210, -10.804, 6.282, 2.534, -12.451
0.270, 2.751, 19.378, 71.566, 10.986, 6.282, 2.751, 12.449, 0.270, 2.724, 19.031, 68.101, -10.986, 6.282, 2.724, -12.451
0.280, 2.952, 20.094, 71.677, 11.141, 6.282, 2.952, 12.449, 0.280, 2.921, 19.711, 67.989, -11.141, 6.282, 2.921, -12.451
0.290, 3.160, 20.812, 71.790, 11.270, 6.282, 3.160, 12.449, 0.290, 3.125, 20.389, 67.876, -11.270, 6.282, 3.125, -12.451
0.300, 3.375, 21.531, 71.904, 11.371, 6.282, 3.375, 12.448, 0.300, 3.336, 21.067, 67.763, -11.371, 6.282, 3.336, -12.452
0.310, 3.597, 22.251, 72.018, 11.443, 6.281, 3.597, 12.448, 0.310, 3.553, 21.743, 67.648, -11.443, 6.281, 3.553, -12.452
0.320, 3.827, 22.973, 72.133, 11.486, 6.281, 3.827, 12.447, 0.320, 3.778, 22.419, 67.533, -11.486, 6.281, 3.778, -12.453
0.330, 4.064, 23.695, 72.248, 11.500, 6.281, 4.064, 12.447, 0.330, 4.009, 23.093, 67.418, -11.500, 6.281, 4.009, -12.453
0.340, 4.308, 24.419, 72.363, 11.483, 6.281, 4.308, 12.446, 0.340, 4.246, 23.766, 67.304, -11.483, 6.281, 4.246, -12.454
0.350, 4.560, 25.144, 72.477, 11.436, 6.280, 4.560, 12.446, 0.350, 4.491, 24.438, 67.189, -11.436, 6.280, 4.491, -12.454
0.360, 4.819, 25.870, 72.591, 11.357, 6.280, 4.818, 12.445, 0.360, 4.742, 25.109, 67.076, -11.357, 6.280, 4.742, -12.455
0.370, 5.084, 26.597, 72.703, 11.247, 6.280, 5.084, 12.444, 0.370, 4.999, 25.778, 66.963, -11.247, 6.280, 4.999, -12.456
0.380, 5.358, 27.325, 72.814, 11.104, 6.279, 5.358, 12.443, 0.380, 5.264, 26.447, 66.852, -11.104, 6.279, 5.264, -12.457
0.390, 5.638, 28.054, 72.923, 10.928, 6.279, 5.638, 12.442, 0.390, 5.535, 27.114, 66.743, -10.928, 6.279, 5.535, -12.458
0.400, 5.926, 28.784, 73.031, 10.720, 6.279, 5.926, 12.441, 0.400, 5.813, 27.781, 66.636, -10.720, 6.279, 5.813, -12.459
0.410, 6.221, 29.516, 73.135, 10.478, 6.278, 6.221, 12.439, 0.410, 6.097, 28.446, 66.531, -10.479, 6.278, 6.097, -12.460
0.420, 6.524, 30.248, 73.237, 10.203, 6.278, 6.524, 12.438, 0.420, 6.388, 29.110, 66.429, -10.203, 6.278, 6.388, -12.462
0.430, 6.834, 30.981, 73.336, 9.894, 6.277, 6.834, 12.436, 0.430, 6.686, 29.773, 66.330, -9.894, 6.277, 6.686, -12.464
0.440, 7.151, 31.716, 73.432, 9.551, 6.277, 7.151, 12.434, 0.440, 6.991, 30.436, 66.234, -9.551, 6.277, 6.990, -12.465
0.450, 7.475, 32.451, 73.524, 9.174, 6.276, 7.475, 12.432, 0.450, 7.301, 31.097, 66.143, -9.174, 6.276, 7.301, -12.468
0.460, 7.807, 33.187, 73.611, 8.762, 6.276, 7.807, 12.429, 0.460, 7.619, 31.758, 66.055, -8.762, 6.276, 7.619, -12.470
0.470, 8.146, 33.924, 73.694, 8.315, 6.275, 8.146, 12.427, 0.470, 7.943, 32.418, 65.972, -8.316, 6.275, 7.943, -12.472
0.480, 8.493, 34.662, 73.773, 7.835, 6.274, 8.493, 12.424, 0.480, 8.274, 33.076, 65.894, -7.835, 6.274, 8.274, -12.475
0.490, 8.847, 35.400, 73.846, 7.319, 6.274, 8.847, 12.421, 0.490, 8.611, 33.735, 65.820, -7.319, 6.274, 8.611, -12.478
0.500, 9.208, 36.139, 73.914, 6.770, 6.273, 9.208, 12.417, 0.500, 8.955, 34.392, 65.753, -6.770, 6.273, 8.955, -12.482
0.510, 9.577, 36.879, 73.976, 6.186, 6.272, 9.577, 12.413, 0.510, 9.306, 35.049, 65.691, -6.186, 6.272, 9.306, -12.485
0.520, 9.953, 37.619, 74.031, 5.567, 6.272, 9.953, 12.409, 0.520, 9.663, 35.705, 65.635, -5.567, 6.272, 9.663, -12.489
0.530, 10.337, 38.360, 74.080, 4.915, 6.271, 10.337, 12.404, 0.530, 10.026, 36.361, 65.586, -4.915, 6.271, 10.026, -12.494
0.540, 10.728, 39.101, 74.123, 4.229, 6.270, 10.728, 12.399, 0.540, 10.397, 37.017, 65.544, -4.229, 6.270, 10.396, -12.499
0.550, 11.126, 39.843, 74.158, 3.510, 6.269, 11.126, 12.394, 0.550, 10.773, 37.672, 65.509, -3.510, 6.269, 10.773, -12.504
0.560, 11.532, 40.585, 74.185, 2.757, 6.268, 11.532, 12.388, 0.560, 11.157, 38.327, 65.481, -2.757, 6.268, 11.156, -12.509
0.570, 11.945, 41.327, 74.205, 1.972, 6.267, 11.945, 12.381, 0.570, 11.546, 38.981, 65.461, -1.973, 6.267, 11.546, -12.515
0.580, 12.366, 42.069, 74.217, 1.156, 6.266, 12.366, 12.374, 0.580, 11.943, 39.636, 65.450, -1.156, 6.266, 11.942, -12.522
0.590, 12.794, 42.811, 74.220, 0.307, 6.265, 12.794, 12.367, 0.590, 12.346, 40.290, 65.447, -0.307, 6.265, 12.345, -12.529
0.600, 13.230, 43.553, 74.214, -0.572, 6.264, 13.229, 12.359, 0.600, 12.755, 40.945, 65.452, 0.572, 6.264, 12.755, -12.537
0.610, 13.673, 44.295, 74.199, -1.481, 6.263, 13.672, 12.350, 0.610, 13.171, 41.599, 65.467, 1.481, 6.263, 13.171, -12.545
0.620, 14.123, 45.037, 74.175, -2.419, 6.262, 14.122, 12.341, 0.620, 13.594, 42.254, 65.491, 2.419, 6.262, 13.593, -12.553
0.630, 14.581, 45.779, 74.141, -3.386, 6.261, 14.580, 12.331, 0.630, 14.023, 42.910, 65.525, 3.385, 6.261, 14.022, -12.563
0.640, 15.046, 46.520, 74.097, -4.379, 6.260, 15.045, 12.320, 0.640, 14.458, 43.565, 65.569, 4.379, 6.260, 14.457, -12.573
0.650, 15.519, 47.260, 74.043, -5.399, 6.258, 15.518, 12.309, 0.650, 14.901, 44.222, 65.623, 5.399, 6.258, 14.900, -12.584
0.660, 15.999, 48.000, 73.979, -6.444, 6.257, 15.997, 12.297, 0.660, 15.349, 44.878, 65.687, 6.444, 6.257, 15.348, -12.595
0.670, 16.486, 48.739, 73.904, -7.513, 6.256, 16.485, 12.283, 0.670, 15.805, 45.536, 65.763, 7.513, 6.256, 15.803, -12.607
0.680, 16.981, 49.477, 73.818, -8.604, 6.255, 16.979, 12.270, 0.680, 16.267, 46.194, 65.849, 8.604, 6.255, 16.265, -12.620
0.690, 17.483, 50.214, 73.721, -9.717, 6.253, 17.481, 12.255, 0.690, 16.735, 46.854, 65.946, 9.717, 6.253, 16.734, -12.634
0.700, 17.993, 50.950, 73.612, -10.849, 6.252, 17.990, 12.239, 0.700, 17.210, 47.514, 66.054, 10.848, 6.252, 17.208, -12.648
0.710, 18.509, 51.685, 73.492, -11.998, 6.250, 18.507, 12.223, 0.710, 17.692, 48.176, 66.174, 11.998, 6.250, 17.690, -12.664
0.720, 19.034, 52.419, 73.360, -13.164, 6.249, 19.031, 12.205, 0.720, 18.181, 48.839, 66.306, 13.164, 6.249, 18.178, -12.680
0.730, 19.565, 53.151, 73.217, -14.344, 6.247, 19.562, 12.186, 0.730, 18.676, 49.504, 66.449, 14.344, 6.247, 18.673, -12.698
0.740, 20.104, 53.882, 73.062, -15.536, 6.246, 20.101, 12.167, 0.740, 19.177, 50.170, 66.605, 15.536, 6.246, 19.174, -12.716
0.750, 20.650, 54.611, 72.894, -16.739, 6.244, 20.646, 12.146, 0.750, 19.686, 50.838, 66.772, 16.739, 6.244, 19.682, -12.735
0.760, 21.203, 55.338, 72.715, -17.949, 6.243, 21.199, 12.124, 0.760, 20.201, 51.507, 66.952, 17.949, 6.243, 20.197, -12.756
0.770, 21.764, 56.063, 72.523, -19.166, 6.241, 21.759, 12.101, 0.770, 20.723, 52.179, 67.143, 19.166, 6.241, 20.718, -12.777
0.780, 22.332, 56.786, 72.319, -20.386, 6.240, 22.327, 12.077, 0.780, 21.251, 52.852, 67.347, 20.386, 6.240, 21.246, -12.799
0.790, 22.907, 57.507, 72.103, -21.608, 6.238, 22.901, 12.052, 0.790, 21.786, 53.528, 67.563, 21.608, 6.238, 21.781, -12.823
0.800, 23.489, 58.226, 71.875, -22.827, 6.237, 23.483, 12.025, 0.800, 22.328, 54.206, 67.791, 22.828, 6.237, 22.322, -12.848
0.810, 24.079, 58.942, 71.634, -24.043, 6.235, 24.072, 11.997, 0.810, 22.877, 54.886, 68.032, 24.044, 6.235, 22.871, -12.874
0.820, 24.675, 59.656, 71.382, -25.253, 6.233, 24.668, 11.968, 0.820, 23.433, 55.569, 68.284, 25.253, 6.233, 23.426, -12.901
0.830, 25.279, 60.367, 71.117, -26.452, 6.232, 25.270, 11.937, 0.830, 23.995, 56.254, 68.549, 26.453, 6.232, 23.988, -12.930
0.840, 25.890, 61.076, 70.841, -27.640, 6.230, 25.880, 11.905, 0.840, 24.565, 56.942, 68.825, 27.640, 6.230, 24.556, -12.960
0.850, 26.507, 61.781, 70.553, -28.812, 6.228, 26.497, 11.872, 0.850, 25.141, 57.634, 69.114, 28.812, 6.228, 25.132, -12.991
0.860, 27.132, 62.484, 70.253, -29.966, 6.227, 27.121, 11.837, 0.860, 25.724, 58.328, 69.413, 29.966, 6.227, 25.714, -13.023
0.870, 27.764, 63.183, 69.942, -31.098, 6.225, 27.752, 11.801, 0.870, 26.315, 59.025, 69.724, 31.098, 6.225, 26.303, -13.057
0.880, 28.403, 63.879, 69.620, -32.206, 6.223, 28.390, 11.763, 0.880, 26.912, 59.725, 70.046, 32.206, 6.223, 26.900, -13.092
0.890, 29.049, 64.572, 69.287, -33.286, 6.222, 29.034, 11.724, 0.890, 27.516, 60.429, 70.379, 33.286, 6.222, 27.503, -13.129
0.900, 29.701, 65.262, 68.944, -34.335, 6.220, 29.685, 11.683, 0.900, 28.128, 61.136, 70.722, 34.335, 6.220, 28.113, -13.167
0.910, 30.361, 65.948, 68.590, -35.349, 6.218, 30.344, 11.641, 0.910, 28.746, 61.847, 71.076, 35.350, 6.218, 28.730, -13.207
0.920, 31.027, 66.630, 68.227, -36.326, 6.217, 31.008, 11.597, 0.920, 29.372, 62.562, 71.439, 36.327, 6.217, 29.354, -13.248
0.930, 31.700, 67.308, 67.855, -37.262, 6.215, 31.680, 11.552, 0.930, 30.005, 63.280, 71.812, 37.262, 6.215, 29.986, -13.290
0.940, 32.380, 67.983, 67.473, -38.153, 6.213, 32.358, 11.505, 0.940, 30.645, 64.002, 72.193, 38.154, 6.213, 30.624, -13.334
0.950, 33.066, 68.654, 67.083, -38.996, 6.212, 33.043, 11.457, 0.950, 31.292, 64.727, 72.583, 38.997, 6.212, 31.270, -13.380
0.960, 33.760, 69.321, 66.685, -39.788, 6.210, 33.734, 11.407, 0.960, 31.946, 65.457, 72.981, 39.788, 6.210, 31.923, -13.427
0.970, 34.460, 69.984, 66.280, -40.524, 6.209, 34.432, 11.356, 0.970, 32.608, 66.191, 73.386, 40.525, 6.209, 32.583, -13.476
0.980, 35.166, 70.642, 65.868, -41.202, 6.207, 35.137, 11.303, 0.980, 33.278, 66.929, 73.798, 41.202, 6.207, 33.250, -13.526
0.990, 35.879, 71.297, 65.450, -41.817, 6.206, 35.848, 11.248, 0.990, 33.954, 67.671, 74.217, 41.818, 6.206, 33.925, -13.578
1.000, 36.598, 71.947, 65.026, -42.366, 6.204, 36.565, 11.192, 1.000, 34.638, 68.418, 74.640, 42.367, 6.204, 34.607, -13.631
1.010, 37.324, 72.593, 64.598, -42.845, 6.203, 37.289, 11.134, 1.010, 35.330, 69.168, 75.069, 42.846, 6.203, 35.297, -13.686
1.020, 38.057, 73.235, 64.165, -43.251, 6.202, 38.019, 11.075, 1.020, 36.029, 69.923, 75.501, 43.252, 6.202, 35.994, -13.742
1.030, 38.795, 73.872, 63.729, -43.579, 6.200, 38.755, 11.015, 1.030, 36.736, 70.683, 75.937, 43.580, 6.200, 36.698, -13.800
1.040, 39.540, 74.505, 63.291, -43.826, 6.199, 39.497, 10.953, 1.040, 37.451, 71.447, 76.375, 43.827, 6.199, 37.410, -13.860
1.050, 40.292, 75.133, 62.851, -43.988, 6.198, 40.246, 10.889, 1.050, 38.173, 72.215, 76.815, 43.988, 6.198, 38.130, -13.921
1.060, 41.049, 75.757, 62.411, -44.059, 6.197, 41.001, 10.825, 1.060, 38.903, 72.987, 77.256, 44.060, 6.197, 38.857, -13.983
1.070, 41.813, 76.377, 61.970, -44.038, 6.196, 41.762, 10.758, 1.070, 39.640, 73.764, 77.696, 44.038, 6.196, 39.592, -14.047
1.080, 42.583, 76.993, 61.531, -43.917, 6.195, 42.529, 10.691, 1.080, 40.386, 74.546, 78.135, 43.918, 6.195, 40.334, -14.112
1.090, 43.359, 77.603, 61.094, -43.695, 6.194, 43.302, 10.622, 1.090, 41.139, 75.331, 78.572, 43.695, 6.194, 41.085, -14.179
1.100, 44.141, 78.210, 60.661, -43.365, 6.193, 44.081, 10.552, 1.100, 41.900, 76.121, 79.006, 43.365, 6.193, 41.843, -14.247
1.110, 44.929, 78.812, 60.231, -42.923, 6.192, 44.865, 10.481, 1.110, 42.669, 76.916, 79.435, 42.922, 6.192, 42.609, -14.317
1.120, 45.723, 79.410, 59.808, -42.363, 6.192, 45.656, 10.409, 1.120, 43.447, 77.714, 79.859, 42.363, 6.192, 43.383, -14.387
1.130, 46.523, 80.004, 59.391, -41.682, 6.191, 46.453, 10.335, 1.130, 44.232, 78.517, 80.276, 41.681, 6.191, 44.165, -14.459
1.140, 47.329, 80.594, 58.982, -40.872, 6.191, 47.255, 10.261, 1.140, 45.025, 79.324, 80.684, 40.872, 6.191, 44.954, -14.532
1.150, 48.141, 81.180, 58.583, -39.930, 6.190, 48.064, 10.186, 1.150, 45.826, 80.135, 81.084, 39.929, 6.190, 45.752, -14.606
1.160, 48.959, 81.762, 58.194, -38.847, 6.190, 48.878, 10.110, 1.160, 46.636, 80.949, 81.472, 38.846, 6.190, 46.558, -14.682
1.170, 49.782, 82.340, 57.818, -37.619, 6.190, 49.698, 10.033, 1.170, 47.454, 81.768, 81.848, 37.618, 6.190, 47.372, -14.758
1.180, 50.611, 82.915, 57.456, -36.238, 6.190, 50.523, 9.956, 1.180, 48.279, 82.590, 82.211, 36.237, 6.190, 48.195, -14.835
1.190, 51.446, 83.486, 57.109, -34.698, 6.190, 51.354, 9.878, 1.190, 49.114, 83.416, 82.558, 34.696, 6.190, 49.025, -14.913
1.200, 52.287, 84.054, 56.779, -32.991, 6.190, 52.191, 9.799, 1.200, 49.956, 84.244, 82.888, 32.989, 6.190, 49.864, -14.992
1.210, 53.133, 84.618, 56.468, -31.110, 6.190, 53.034, 9.720, 1.210, 50.807, 85.076, 83.199, 31.108, 6.190, 50.711, -15.071
1.220, 53.985, 85.180, 56.177, -29.047, 6.190, 53.882, 9.641, 1.220, 51.666, 85.911, 83.489, 29.045, 6.190, 51.566, -15.151
1.230, 54.842, 85.739, 55.909, -26.793, 6.190, 54.736, 9.561, 1.230, 52.533, 86.749, 83.757, 26.791, 6.190, 52.430, -15.232
1.240, 55.705, 86.296, 55.666, -24.341, 6.191, 55.595, 9.481, 1.240, 53.409, 87.589, 84.000, 24.339, 6.191, 53.302, -15.313
1.250, 56.574, 86.850, 55.449, -21.680, 6.192, 56.460, 9.402, 1.250, 54.294, 88.431, 84.217, 21.678, 6.192, 54.183, -15.394
1.260, 57.448, 87.403, 55.261, -18.803, 6.192, 57.330, 9.322, 1.260, 55.186, 89.275, 84.405, 18.801, 6.192, 55.072, -15.475
1.270, 58.327, 87.954, 55.104, -15.699, 6.193, 58.206, 9.243, 1.270, 56.088, 90.121, 84.562, 15.696, 6.193, 55.969, -15.557
1.280, 59.212, 88.504, 54.981, -12.358, 6.194, 59.087, 9.164, 1.280, 56.997, 90.968, 84.686, 12.355, 6.194, 56.875, -15.638
1.290, 60.103, 89.053, 54.893, -8.771, 6.195, 59.975, 9.085, 1.290, 57.915, 91.815, 84.773, 8.768, 6.195, 57.790, -15.719
1.300, 60.999, 89.601, 54.844, -4.927, 6.197, 60.867, 9.007, 1.300, 58.842, 92.664, 84.823, 4.925, 6.197, 58.713, -15.800
1.310, 61.900, 90.149, 54.835, -0.816, 6.198, 61.765, 8.930, 1.310, 59.777, 93.512, 84.831, 0.814, 6.198, 59.645, -15.880
1.320, 62.807, 90.698, 54.871, 3.571, 6.199, 62.669, 8.853, 1.320, 60.721, 94.360, 84.795, -3.574, 6.199, 60.585, -15.960
1.330, 63.720, 91.248, 54.954, 8.247, 6.201, 63.578, 8.777, 1.330, 61.673, 95.207, 84.712, -8.249, 6.201, 61.534, -16.039
1.340, 64.638, 91.799, 55.086, 13.220, 6.203, 64.493, 8.703, 1.340, 62.633, 96.053, 84.580, -13.222, 6.203, 62.491, -16.117
1.350, 65.561, 92.351, 55.271, 18.501, 6.205, 65.414, 8.629, 1.350, 63.602, 96.897, 84.395, -18.504, 6.205, 63.457, -16.194
1.360, 66.490, 92.906, 55.512, 24.100, 6.206, 66.340, 8.557, 1.360, 64.580, 97.738, 84.154, -24.102, 6.206, 64.432, -16.270
1.370, 67.425, 93.464, 55.812, 30.027, 6.209, 67.272, 8.486, 1.370, 65.565, 98.577, 83.854, -30.028, 6.209, 65.414, -16.344
1.380, 68.365, 94.026, 56.175, 36.289, 6.211, 68.210, 8.417, 1.380, 66.560, 99.412, 83.491, -36.291, 6.211, 66.406, -16.417
1.390, 69.311, 94.592, 56.604, 42.897, 6.213, 69.153, 8.350, 1.390, 67.562, 100.242, 83.062, -42.898, 6.213, 67.406, -16.489
1.400, 70.263, 95.163, 57.103, 49.858, 6.215, 70.103, 8.284, 1.400, 68.573, 101.068, 82.563, -49.859, 6.215, 68.414, -16.558
1.410, 71.217, 95.402, 23.861, -3324.180, 6.218, 71.055, 8.221, 1.410, 69.588, 101.528, 45.972, -3659.135, 6.218, 69.427, -16.626
1.420, 72.170, 95.310, -9.180, -3304.029, 6.220, 72.006, 8.160, 1.420, 70.604, 101.619, 9.179, -3679.284, 6.220, 70.441, -16.691
1.430, 73.122, 95.227, -8.292, 88.774, 6.223, 72.956, 8.101, 1.430, 71.621, 101.702, 8.292, -88.772, 6.223, 71.456, -16.754
1.440, 74.074, 95.154, -7.361, 93.105, 6.226, 73.906, 8.045, 1.440, 72.639, 101.776, 7.360, -93.102, 6.226, 72.472, -16.814
1.450, 75.025, 95.090, -6.386, 97.426, 6.228, 74.856, 7.991, 1.450, 73.657, 101.840, 6.386, -97.423, 6.228, 73.489, -16.871
1.460, 75.975, 95.036, -5.369, 101.732, 6.231, 75.805, 7.941, 1.460, 74.676, 101.894, 5.369, -101.729, 6.231, 74.507, -16.926
1.470, 76.925, 94.993, -4.309, 106.020, 6.234, 76.753, 7.892, 1.470, 75.696, 101.937, 4.309, -106.016, 6.234, 75.525, -16.977
1.480, 77.874, 94.961, -3.206, 110.284, 6.237, 77.702, 7.847, 1.480, 76.715, 101.969, 3.206, -110.280, 6.237, 76.543, -17.026
1.490, 78.824, 94.940, -2.061, 114.520, 6.239, 78.650, 7.804, 1.490, 77.735, 101.989, 2.061, -114.516, 6.239, 77.562, -17.072
1.500, 79.773, 94.932, -0.874, 118.727, 6.242, 79.599, 7.764, 1.500, 78.755, 101.998, 0.874, -118.722, 6.242, 78.581, -17.115
1.510, 80.722, 94.935, 0.355, 122.900, 6.245, 80.547, 7.726, 1.510, 79.775, 101.994, -0.355, -122.895, 6.245, 79.600, -17.156
1.520, 81.672, 94.951, 1.626, 127.037, 6.248, 81.496, 7.692, 1.520, 80.795, 101.978, -1.626, -127.032, 6.248, 80.619, -17.193
1.530, 82.622, 94.981, 2.937, 131.138, 6.251, 82.445, 7.660, 1.530, 81.814, 101.949, -2.937, -131.133, 6.251, 81.638, -17.227
1.540, 83.572, 95.024, 4.289, 135.202, 6.254, 83.395, 7.630, 1.540, 82.833, 101.906, -4.289, -135.197, 6.254, 82.657, -17.259
1.550, 84.523, 95.080, 5.681, 139.230, 6.256, 84.346, 7.603, 1.550, 83.852, 101.849, -5.681, -139.225, 6.256, 83.675, -17.288
1.560, 85.474, 95.152, 7.114, 143.224, 6.259, 85.297, 7.579, 1.560, 84.870, 101.778, -7.113, -143.219, 6.259, 84.692, -17.314
1.570, 86.427, 95.237, 8.586, 147.187, 6.261, 86.249, 7.557, 1.570, 85.887, 101.692, -8.585, -147.183, 6.261, 85.709, -17.337
1.580, 87.380, 95.338, 10.097, 151.123, 6.264, 87.202, 7.537, 1.580, 86.903, 101.591, -10.096, -151.119, 6.264, 86.725, -17.358
1.590, 88.335, 95.455, 11.647, 155.039, 6.266, 88.156, 7.520, 1.590, 87.917, 101.475, -11.647, -155.035, 6.266, 87.739, -17.376
1.600, 89.291, 95.587, 13.237, 158.940, 6.269, 89.112, 7.505, 1.600, 88.931, 101.342, -13.236, -158.937, 6.269, 88.752, -17.392
1.610, 90.248, 95.736, 14.865, 162.836, 6.271, 90.070, 7.493, 1.610, 89.943, 101.194, -14.864, -162.833, 6.271, 89.764, -17.406
1.620, 91.207, 95.901, 16.532, 166.734, 6.273, 91.028, 7.482, 1.620, 90.953, 101.028, -16.532, -166.732, 6.273, 90.775, -17.417
1.630, 92.168, 96.084, 18.239, 170.647, 6.275, 91.989, 7.473, 1.630, 91.961, 100.846, -18.238, -170.646, 6.275, 91.783, -17.426
1.640, 93.131, 96.283, 19.985, 174.584, 6.277, 92.952, 7.466, 1.640, 92.968, 100.646, -19.984, -174.584, 6.277, 92.789, -17.434
1.650, 94.096, 96.501, 21.770, 178.559, 6.278, 93.917, 7.460, 1.650, 93.972, 100.428, -21.770, -178.559, 6.278, 93.794, -17.439
1.660, 95.063, 96.737, 23.596, 182.582, 6.280, 94.884, 7.456, 1.660, 94.974, 100.193, -23.595, -182.583, 6.280, 94.796, -17.444
1.670, 96.033, 96.992, 25.463, 186.666, 6.281, 95.854, 7.453, 1.670, 95.973, 99.938, -25.462, -186.669, 6.281, 95.795, -17.447
1.680, 97.006, 97.265, 27.371, 190.824, 6.282, 96.827, 7.452, 1.680, 96.970, 99.664, -27.370, -190.828, 6.282, 96.792, -17.448
1.690, 97.981, 97.559, 29.322, 195.065, 6.282, 97.803, 7.451, 1.690, 97.964, 99.371, -29.321, -195.071, 6.282, 97.785, -17.449
1.700, 98.960, 97.872, 31.316, 199.401, 6.283, 98.781, 7.450, 1.700, 98.954, 99.058, -31.315, -199.409, 6.283, 98.776, -17.450
1.710, 99.942, 98.205, 33.354, 203.839, 6.283, 99.763, 7.450, 1.710, 99.942, 98.724, -33.354, -203.848, 6.283, 99.763, -17.450
1.720, 100.926, 98.454, 24.915, -843.932, 0.000, 100.748, 7.450, 1.720, 100.926, 98.475, -24.915, 843.921, 0.000, 100.748, -17.450
1.730, 101.911, 98.465, 1.034, -2388.051, 0.000, 101.733, 7.450, 1.730, 101.911, 98.465, -1.034, 2388.047, 0.000, 101.733, -17.450
1.740, 102.896, 98.465, 0.000, -103.407, 0.000, 102.717, 7.450, 1.740, 102.896, 98.465, 0.000, 103.407, 0.000, 102.717, -17.450
1.750, 103.880, 98.465, 0.000, 0.000, 0.000, 103.702, 7.450, 1.750, 103.880, 98.465, 0.000, 0.000, 0.000, 103.702, -17.450
1.760, 104.865, 98.465, 0.000, -0.000, 0.000, 104.686, 7.450, 1.760, 104.865, 98.465, 0.000, -0.000, 0.000, 104.686, -17.450
1.770, 105.850, 98.465, -0.000, -0.000, 0.000, 105.671, 7.450, 1.770, 105.850, 98.465, -0.000, -0.000, 0.000, 105.671, -17.450
1.780, 106.834, 98.465, -0.000, 0.000, 0.000, 106.656, 7.450, 1.780, 106.834, 98.465, -0.000, 0.000, 0.000, 106.656, -17.450
1.790, 107.819, 98.465, 0.000, 0.000, 0.000, 107.640, 7.450, 1.790, 107.819, 98.465, 0.000, 0.000, 0.000, 107.640, -17.450
1.800, 108.804, 98.465, -0.000, -0.000, 0.000, 108.625, 7.450, 1.800, 108.804, 98.465, -0.000, -0.000, 0.000, 108.625, -17.450
1.810, 109.786, 98.264, -20.059, -2005.901, 0.000, 109.608, 7.450, 1.810, 109.786, 98.264, -20.059, -2005.901, 0.000, 109.608, -17.450
1.820, 110.763, 97.714, -54.976, -3491.660, 0.000, 110.585, 7.450, 1.820, 110.763, 97.714, -54.976, -3491.660, 0.000, 110.585, -17.450
1.830, 111.734, 97.016, -69.833, -1485.759, 0.000, 111.555, 7.450, 1.830, 111.734, 97.016, -69.833, -1485.759, 0.000, 111.555, -17.450
1.840, 112.697, 96.318, -69.833, 0.000, 0.000, 112.518, 7.450, 1.840, 112.697, 96.318, -69.833, 0.000, 0.000, 112.518, -17.450
1.850, 113.653, 95.619, -69.833, 0.000, 0.000, 113.474, 7.450, 1.850, 113.653, 95.619, -69.833, 0.000, 0.000, 113.474, -17.450
1.860, 114.602, 94.921, -69.833, -0.000, 0.000, 114.424, 7.450, 1.860, 114.602, 94.921, -69.833, -0.000, 0.000, 114.424, -17.450
1.870, 115.544, 94.223, -69.833, 0.000, 0.000, 115.366, 7.450, 1.870, 115.544, 94.223, -69.833, 0.000, 0.000, 115.366, -17.450
1.880, 116.480, 93.524, -69.833, -0.000, 0.000, 116.301, 7.450, 1.880, 116.480, 93.524, -69.833, -0.000, 0.000, 116.301, -17.450
1.890, 117.408, 92.826, -69.833, 0.000, 0.000, 117.229, 7.450, 1.890, 117.408, 92.826, -69.833, 0.000, 0.000, 117.229, -17.450
1.900, 118.329, 92.128, -69.833, -0.000, 0.000, 118.151, 7.450, 1.900, 118.329, 92.128, -69.833, -0.000, 0.000, 118.151, -17.450
1.910, 119.243, 91.429, -69.833, 0.000, 0.000, 119.065, 7.450, 1.910, 119.243, 91.429, -69.833, 0.000, 0.000, 119.065, -17.450
1.920, 120.151, 90.731, -69.833, 0.000, 0.000, 119.972, 7.450, 1.920, 120.151, 90.731, -69.833, 0.000, 0.000, 119.972, -17.450
1.930, 121.051, 90.033, -69.833, -0.000, 0.000, 120.873, 7.450, 1.930, 121.051, 90.033, -69.833, -0.000, 0.000, 120.873, -17.450
1.940, 121.944, 89.334, -69.833, -0.000, 0.000, 121.766, 7.450, 1.940, 121.944, 89.334, -69.833, -0.000, 0.000, 121.766, -17.450
1.950, 122.831, 88.636, -69.833, 0.000, 0.000, 122.652, 7.450, 1.950, 122.831, 88.636, -69.833, 0.000, 0.000, 122.652, -17.450
1.960, 123.710, 87.938, -69.833, -0.000, 0.000, 123.532, 7.450, 1.960, 123.710, 87.938, -69.833, -0.000, 0.000, 123.532, -17.450
1.970, 124.583, 87.239, -69.833, 0.000, 0.000, 124.404, 7.450, 1.970, 124.583, 87.239, -69.833, 0.000, 0.000, 124.404, -17.450
1.980, 125.448, 86.541, -69.833, 0.000, 0.000, 125.269, 7.450, 1.980, 125.448, 86.541, -69.833, 0.000, 0.000, 125.269, -17.450
1.990, 126.306, 85.843, -69.833, -0.000, 0.000, 126.128, 7.450, 1.990, 126.306, 85.843, -69.833, -0.000, 0.000, 126.128, -17.450
2.000, 127.158, 85.144, -69.833, 0.000, 0.000, 126.979, 7.450, 2.000, 127.158, 85.144, -69.833, 0.000, 0.000, 126.979, -17.450
2.010, 128.002, 84.446, -69.833, -0.000, 0.000, 127.824, 7.450, 2.010, 128.002, 84.446, -69.833, -0.000, 0.000, 127.824, -17.450
2.020, 128.840, 83.748, -69.833, 0.000, 0.000, 128.661, 7.450, 2.020, 128.840, 83.748, -69.833, 0.000, 0.000, 128.661, -17.450
2.030, 129.670, 83.049, -69.833, -0.000, 0.000, 129.492, 7.450, 2.030, 129.670, 83.049, -69.833, -0.000, 0.000, 129.492, -17.450
2.040, 130.494, 82.351, -69.833, 0.000, 0.000, 130.315, 7.450, 2.040, 130.494, 82.351, -69.833, 0.000, 0.000, 130.315, -17.450
2.050, 131.310, 81.653, -69.833, -0.000, 0.000, 131.132, 7.450, 2.050, 131.310, 81.653, -69.833, -0.000, 0.000, 131.132, -17.450
2.060, 132.120, 80.954, -69.833, 0.000, 0.000, 131.941, 7.450, 2.060, 132.120, 80.954, -69.833, 0.000, 0.000, 131.941, -17.450
2.070, 132.922, 80.256, -69.833, -0.000, 0.000, 132.744, 7.450, 2.070, 132.922, 80.256, -69.833, -0.000, 0.000, 132.744, -17.450
2.080, 133.718, 79.558, -69.833, -0.000, 0.000, 133.539, 7.450, 2.080, 133.718, 79.558, -69.833, -0.000, 0.000, 133.539, -17.450
2.090, 134.507, 78.860, -69.833, 0.000, 0.000, 134.328, 7.450, 2.090, 134.507, 78.860, -69.833, 0.000, 0.000, 134.328, -17.450
2.100, 135.288, 78.161, -69.833, 0.000, 0.000, 135.110, 7.450, 2.100, 135.288, 78.161, -69.833, 0.000, 0.000, 135.110, -17.450
2.110, 136.063, 77.463, -69.833, 0.000, 0.000, 135.884, 7.450, 2.110, 136.063, 77.463, -69.833, 0.000, 0.000, 135.884, -17.450
2.120, 136.830, 76.765, -69.833, 0.000, 0.000, 136.652, 7.450, 2.120, 136.830, 76.765, -69.833, 0.000, 0.000, 136.652, -17.450
2.130, 137.591, 76.066, -69.833, 0.000, 0.000, 137.413, 7.450, 2.130, 137.591, 76.066, -69.833, 0.000, 0.000, 137.413, -17.450
2.140, 138.345, 75.368, -69.833, 0.000, 0.000, 138.166, 7.450, 2.140, 138.345, 75.368, -69.833, 0.000, 0.000, 138.166, -17.450
2.150, 139.079, 73.370, -199.797, -12996.397, 0.000, 138.900, 7.450, 2.150, 139.079, 73.370, -199.797, -12996.397, 0.000, 138.900, -17.450
