0.000, 0.001, 0.100, 10.000, 1000.000, 6.283, 0.001, 12.450, 0.000, 0.001, 0.100, 10.000, 1000.000, 6.283, 0.000, -12.450
0.010, 0.003, 0.200, 10.006, 0.637, 6.283, 0.003, 12.450, 0.010, 0.002, 0.200, 9.994, -0.637, 6.283, 0.002, -12.450
0.020, 0.007, 0.450, 25.039, 1503.265, 6.283, 0.007, 12.450, 0.020, 0.007, 0.450, 24.961, 1496.735, 6.283, 0.007, -12.450
0.030, 0.015, 0.802, 35.141, 1010.234, 6.283, 0.015, 12.450, 0.030, 0.015, 0.798, 34.859, 989.766, 6.283, 0.015, -12.450
0.040, 0.028, 1.256, 45.376, 1023.496, 6.283, 0.028, 12.450, 0.040, 0.027, 1.244, 44.624, 976.504, 6.283, 0.027, -12.450
0.050, 0.046, 1.814, 55.827, 1045.104, 6.283, 0.046, 12.450, 0.050, 0.045, 1.786, 54.173, 954.896, 6.283, 0.045, -12.450
0.060, 0.071, 2.480, 66.597, 1077.005, 6.283, 0.071, 12.450, 0.060, 0.069, 2.420, 63.403, 922.995, 6.283, 0.069, -12.450
0.070, 0.103, 3.258, 77.808, 1121.058, 6.283, 0.103, 12.450, 0.070, 0.101, 3.142, 72.192, 878.942, 6.283, 0.101, -12.450
0.080, 0.144, 4.102, 84.450, 664.165, 6.283, 0.144, 12.450, 0.080, 0.140, 3.898, 75.550, 335.835, 6.283, 0.140, -12.450
0.090, 0.194, 4.967, 86.427, 197.786, 6.283, 0.194, 12.450, 0.090, 0.186, 4.633, 73.573, -197.786, 6.283, 0.186, -12.450
0.100, 0.252, 5.855, 88.789, 236.119, 6.283, 0.252, 12.450, 0.100, 0.240, 5.345, 71.211, -236.119, 6.283, 0.240, -12.450
0.110, 0.320, 6.770, 91.539, 275.065, 6.282, 0.320, 12.450, 0.110, 0.300, 6.030, 68.461, -275.065, 6.282, 0.300, -12.450
0.120, 0.397, 7.717, 94.697, 315.754, 6.282, 0.397, 12.450, 0.120, 0.367, 6.683, 65.303, -315.754, 6.282, 0.367, -12.450
0.130, 0.484, 8.700, 98.295, 359.786, 6.281, 0.484, 12.450, 0.130, 0.440, 7.300, 61.705, -359.787, 6.281, 0.440, -12.450
0.140, 0.581, 9.724, 102.388, 409.336, 6.281, 0.581, 12.449, 0.140, 0.519, 7.876, 57.612, -409.336, 6.281, 0.519, -12.450
0.150, 0.689, 10.794, 107.061, 467.299, 6.280, 0.689, 12.449, 0.150, 0.603, 8.406, 52.939, -467.301, 6.280, 0.603, -12.451
0.160, 0.809, 11.919, 112.437, 537.546, 6.278, 0.809, 12.449, 0.160, 0.691, 8.881, 47.563, -537.547, 6.278, 0.691, -12.451
0.170, 0.940, 13.106, 118.689, 625.284, 6.277, 0.940, 12.448, 0.170, 0.784, 9.294, 41.311, -625.289, 6.277, 0.784, -12.452
0.180, 1.083, 14.366, 126.066, 737.673, 6.275, 1.083, 12.447, 0.180, 0.881, 9.634, 33.934, -737.679, 6.275, 0.881, -12.452
0.190, 1.240, 15.715, 134.914, 884.766, 6.273, 1.240, 12.445, 0.190, 0.980, 9.885, 25.086, -884.775, 6.273, 0.980, -12.453
0.200, 1.412, 17.173, 145.724, 1081.068, 6.270, 1.412, 12.443, 0.200, 1.080, 10.027, 14.275, -1081.080, 6.270, 1.080, -12.454
0.210, 1.600, 18.765, 159.206, 1348.109, 6.266, 1.600, 12.441, 0.210, 1.180, 10.035, 0.794, -1348.126, 6.266, 1.180, -12.456
0.220, 1.805, 20.529, 176.394, 1718.833, 6.262, 1.805, 12.437, 0.220, 1.279, 9.871, -16.395, -1718.867, 6.262, 1.279, -12.458
0.230, 2.030, 22.517, 198.848, 2245.408, 6.257, 2.030, 12.431, 0.230, 1.374, 9.483, -38.849, -2245.454, 6.257, 1.374, -12.460
0.240, 2.278, 24.807, 228.983, 3013.493, 6.250, 2.278, 12.424, 0.240, 1.462, 8.793, -68.985, -3013.573, 6.250, 1.462, -12.463
0.250, 2.553, 27.514, 270.682, 4169.948, 6.242, 2.553, 12.414, 0.250, 1.539, 7.686, -110.686, -4170.085, 6.242, 1.538, -12.465
0.260, 2.862, 30.819, 330.476, 5979.322, 6.232, 2.861, 12.400, 0.260, 1.598, 5.981, -170.481, -5979.561, 6.232, 1.598, -12.468
0.270, 3.212, 35.018, 419.949, 8947.357, 6.220, 3.211, 12.380, 0.270, 1.632, 3.382, -259.960, -8947.807, 6.220, 1.632, -12.470
0.280, 3.618, 40.629, 561.090, 14114.065, 6.203, 3.616, 12.351, 0.280, 1.638, 0.629, -275.217, -1525.706, 6.203, 1.626, -12.469
0.290, 4.104, 48.622, 799.327, 23823.763, 6.181, 4.100, 12.307, 0.290, 1.709, 7.023, 639.366, 91458.234, 6.181, 1.556, -12.463
0.300, 4.715, 61.019, 1239.666, 44033.851, 6.149, 4.706, 12.235, 0.300, 1.887, 17.821, 1079.761, 44039.480, 6.149, 1.379, -12.442
0.310, 5.541, 82.673, 2165.441, 92577.540, 6.101, 5.522, 12.105, 0.310, 2.266, 37.878, 2005.702, 92594.127, 6.101, 1.005, -12.382
0.320, 6.822, 128.052, 4537.823, 237238.148, 6.016, 6.771, 11.821, 0.320, 3.082, 81.666, 4378.778, 237307.637, 6.016, 0.209, -12.199
0.330, 9.410, 258.843, 13079.119, 854129.570, 5.828, 9.194, 10.910, 0.330, 5.191, 210.917, 12925.173, 854639.468, 5.828, -1.763, -11.450
0.340, 18.266, 885.589, 62674.606, 4959548.787, 5.121, 15.322, 4.517, 0.340, 13.563, 837.160, 62624.262, 4969908.902, 5.121, -7.527, -5.379
0.350, 30.530, 1226.433, 34084.420, -2859018.605, 4.113, 14.134, -7.690, 0.350, 25.340, 1177.720, 34056.046, -2856821.629, 4.113, -6.432, 6.347
0.360, 34.086, 355.566, -87086.680, -12117110.013, 3.848, 11.754, -10.331, 0.360, 28.370, 302.931, -87478.892, -12153493.783, 3.848, -4.414, 8.606
0.370, 35.667, 158.096, -19747.048, 6733963.223, 3.743, 10.498, -11.292, 0.370, 29.407, 103.722, -19920.990, 6755790.183, 3.743, -3.592, 9.238
0.380, 36.662, 99.531, -5856.493, 1389055.414, 3.686, 9.661, -11.831, 0.380, 29.842, 43.539, -6018.287, 1390270.365, 3.686, -3.226, 9.475
0.390, 37.405, 74.279, -2525.134, 333135.964, 3.649, 9.018, -12.203, 0.390, 30.009, 16.683, -2685.592, 333269.500, 3.649, -3.082, 9.559
0.400, 38.015, 61.016, -1326.357, 119877.709, 3.624, 8.481, -12.493, 0.400, 30.027, 1.818, -1486.511, 119908.063, 3.624, -3.066, 9.568
0.410, 38.547, 53.165, -785.127, 54122.965, 3.606, 8.008, -12.735, 0.410, 30.104, 7.635, 581.690, 206820.112, 3.606, -3.134, 9.533
0.420, 39.028, 48.122, -504.256, 28087.059, 3.592, 7.576, -12.947, 0.420, 30.246, 14.277, 664.292, 8260.212, 3.592, -3.262, 9.470
0.430, 39.475, 44.672, -344.960, 15929.666, 3.582, 7.173, -13.139, 0.430, 30.440, 19.327, 504.980, -15931.211, 3.582, -3.437, 9.387
0.440, 39.897, 42.174, -249.819, 9514.077, 3.574, 6.791, -13.318, 0.440, 30.674, 23.426, 409.831, -9514.892, 3.574, -3.649, 9.288
0.450, 40.299, 40.252, -192.256, 5756.282, 3.569, 6.425, -13.485, 0.450, 30.943, 26.948, 352.264, -5756.744, 3.569, -3.894, 9.176
0.460, 40.686, 38.660, -159.173, 3308.328, 3.565, 6.073, -13.645, 0.460, 31.245, 30.140, 319.178, -3308.611, 3.565, -4.169, 9.052
0.470, 41.058, 37.218, -144.215, 1495.782, 3.564, 5.733, -13.798, 0.470, 31.577, 33.182, 304.218, -1495.988, 3.564, -4.471, 8.915
0.480, 41.416, 35.767, -145.060, -84.486, 3.564, 5.407, -13.944, 0.480, 31.939, 36.233, 305.061, 84.303, 3.564, -4.802, 8.767
0.490, 41.757, 34.141, -162.585, -1752.553, 3.566, 5.096, -14.084, 0.490, 32.333, 39.459, 322.584, 1752.338, 3.566, -5.161, 8.605
0.500, 42.078, 32.128, -201.372, -3878.690, 3.571, 4.803, -14.217, 0.500, 32.764, 43.072, 361.368, 3878.364, 3.571, -5.554, 8.427
0.510, 42.372, 29.408, -271.971, -7059.902, 3.578, 4.536, -14.341, 0.510, 33.238, 47.392, 431.961, 7059.305, 3.578, -5.984, 8.228
0.520, 42.627, 25.439, -396.931, -12495.993, 3.589, 4.306, -14.449, 0.520, 33.768, 52.961, 556.908, 12494.744, 3.589, -6.463, 8.002
0.530, 42.818, 19.167, -627.122, -23019.073, 3.606, 4.134, -14.533, 0.530, 34.376, 60.832, 787.069, 23016.104, 3.606, -7.009, 7.734
0.540, 42.901, 8.245, -1092.236, -46511.423, 3.632, 4.060, -14.571, 0.540, 35.110, 73.353, 1252.105, 46503.540, 3.632, -7.661, 7.398
0.550, 43.038, 13.708, 546.309, 163854.508, 3.676, 4.180, -14.503, 0.550, 36.079, 96.901, 2354.824, 110271.960, 3.676, -8.506, 6.923
0.560, 43.743, 70.548, 5684.008, 513769.927, 3.767, 4.768, -14.114, 0.560, 37.632, 155.318, 5841.696, 348687.190, 3.767, -9.807, 6.075
0.570, 47.127, 338.385, 26783.678, 2109967.021, 4.074, 7.164, -11.724, 0.570, 41.876, 424.403, 26908.545, 2106684.902, 4.074, -12.839, 3.105
0.580, 64.718, 1759.071, 142068.615, 11528493.680, 5.687, 4.201, 5.615, 0.580, 60.225, 1834.886, 141048.296, 11413975.108, 5.687, -9.783, -14.988
0.590, 68.972, 425.440, -133363.126, -27543174.123, 6.067, 0.303, 7.319, 0.590, 65.369, 514.420, -132046.586, -27309488.242, 6.067, -5.048, -16.999
0.600, 69.781, 80.829, -34461.089, 9890203.705, 6.168, -0.494, 7.456, 0.600, 67.089, 171.988, -34243.256, 9780333.034, 6.168, -3.351, -17.279
0.610, 69.922, 14.123, -6670.629, 2779046.002, 6.217, -0.634, 7.470, 0.610, 68.158, 106.913, -6507.492, 2773576.417, 6.217, -2.286, -17.375
0.620, 70.041, 11.906, -221.705, 644892.408, 6.245, -0.515, 7.464, 0.620, 68.983, 82.491, -2442.171, 406532.106, 6.245, -1.462, -17.418
0.630, 70.298, 25.733, 1382.768, 160447.296, 6.263, -0.258, 7.457, 0.630, 69.685, 70.265, -1222.589, 121958.144, 6.263, -0.760, -17.438
0.640, 70.645, 34.684, 895.046, -48772.177, 6.274, 0.089, 7.452, 0.640, 70.315, 62.916, -734.971, 48761.770, 6.274, -0.131, -17.447
0.650, 71.060, 41.489, 680.526, -21452.025, 6.281, 0.503, 7.450, 0.650, 70.892, 57.711, -520.491, 21448.002, 6.281, 0.446, -17.450
0.660, 71.535, 47.537, 604.810, -7571.613, 6.283, 0.979, 7.450, 0.660, 71.424, 53.263, -444.795, 7569.688, 6.283, 0.979, -17.450
0.670, 72.048, 51.294, 375.705, -22910.526, 6.283, 1.492, 7.450, 0.670, 71.935, 51.106, -215.702, 22909.234, 6.283, 1.490, -17.450
0.680, 72.572, 52.319, 102.490, -27321.409, 6.283, 2.015, 7.450, 0.680, 72.452, 51.681, 57.510, 27321.174, 6.283, 2.007, -17.450
0.690, 73.105, 53.347, 102.760, 26.950, 6.282, 2.548, 7.450, 0.690, 72.975, 52.253, 57.240, -26.953, 6.282, 2.529, -17.450
0.700, 73.649, 54.381, 103.466, 70.638, 6.282, 3.092, 7.449, 0.700, 73.503, 52.819, 56.534, -70.643, 6.282, 3.057, -17.451
0.710, 74.203, 55.423, 104.149, 68.254, 6.281, 3.646, 7.448, 0.710, 74.037, 53.377, 55.851, -68.256, 6.281, 3.591, -17.452
0.720, 74.768, 56.471, 104.805, 65.648, 6.280, 4.211, 7.446, 0.720, 74.576, 53.929, 55.194, -65.654, 6.280, 4.130, -17.453
0.730, 75.343, 57.525, 105.434, 62.824, 6.279, 4.786, 7.444, 0.730, 75.121, 54.475, 54.566, -62.828, 6.279, 4.675, -17.455
0.740, 75.929, 58.586, 106.031, 59.773, 6.277, 5.372, 7.441, 0.740, 75.671, 55.014, 53.968, -59.779, 6.277, 5.225, -17.458
0.750, 76.525, 59.652, 106.596, 56.496, 6.276, 5.969, 7.437, 0.750, 76.226, 55.548, 53.403, -56.502, 6.276, 5.781, -17.462
0.760, 77.133, 60.723, 107.126, 52.990, 6.274, 6.576, 7.432, 0.760, 76.787, 56.077, 52.873, -52.994, 6.274, 6.341, -17.467
0.770, 77.751, 61.799, 107.619, 49.249, 6.272, 7.194, 7.426, 0.770, 77.353, 56.601, 52.381, -49.258, 6.272, 6.907, -17.473
0.780, 78.379, 62.880, 108.071, 45.280, 6.269, 7.823, 7.418, 0.780, 77.924, 57.120, 51.928, -45.285, 6.269, 7.479, -17.480
0.790, 79.019, 63.965, 108.482, 41.073, 6.267, 8.462, 7.408, 0.790, 78.501, 57.635, 51.517, -41.082, 6.267, 8.055, -17.489
0.800, 79.670, 65.053, 108.849, 36.638, 6.264, 9.113, 7.397, 0.800, 79.082, 58.147, 51.151, -36.644, 6.264, 8.636, -17.499
0.810, 80.331, 66.145, 109.168, 31.966, 6.261, 9.774, 7.383, 0.810, 79.669, 58.655, 50.831, -31.981, 6.261, 9.223, -17.511
0.820, 81.003, 67.239, 109.439, 27.080, 6.258, 10.446, 7.367, 0.820, 80.260, 59.161, 50.560, -27.079, 6.258, 9.814, -17.525
0.830, 81.687, 68.336, 109.659, 21.954, 6.254, 11.129, 7.348, 0.830, 80.857, 59.664, 50.340, -21.968, 6.254, 10.411, -17.541
0.840, 82.381, 69.434, 109.825, 16.625, 6.251, 11.823, 7.327, 0.840, 81.459, 60.166, 50.174, -16.630, 6.251, 11.012, -17.560
0.850, 83.086, 70.533, 109.936, 11.076, 6.247, 12.528, 7.303, 0.850, 82.065, 60.667, 50.063, -11.092, 6.247, 11.618, -17.581
0.860, 83.803, 71.633, 109.989, 5.342, 6.242, 13.244, 7.275, 0.860, 82.677, 61.167, 50.010, -5.345, 6.242, 12.229, -17.604
0.870, 84.530, 72.733, 109.983, -0.591, 6.238, 13.971, 7.244, 0.870, 83.294, 61.667, 50.016, 0.579, 6.238, 12.846, -17.631
0.880, 85.268, 73.832, 109.916, -6.687, 6.233, 14.708, 7.209, 0.880, 83.915, 62.168, 50.082, 6.681, 6.233, 13.467, -17.660
0.890, 86.018, 74.930, 109.787, -12.945, 6.228, 15.456, 7.170, 0.890, 84.542, 62.670, 50.212, 12.931, 6.228, 14.092, -17.693
0.900, 86.778, 76.026, 109.593, -19.329, 6.223, 16.215, 7.126, 0.900, 85.174, 63.174, 50.405, 19.324, 6.223, 14.723, -17.729
0.910, 87.549, 77.119, 109.335, -25.835, 6.218, 16.985, 7.078, 0.910, 85.811, 63.681, 50.663, 25.823, 6.218, 15.359, -17.769
0.920, 88.331, 78.209, 109.011, -32.417, 6.212, 17.765, 7.024, 0.920, 86.452, 64.190, 50.987, 32.418, 6.212, 15.999, -17.813
0.930, 89.124, 79.296, 108.620, -39.080, 6.206, 18.556, 6.966, 0.930, 87.099, 64.704, 51.378, 39.059, 6.206, 16.644, -17.861
0.940, 89.928, 80.377, 108.163, -45.750, 6.200, 19.357, 6.902, 0.940, 87.752, 65.223, 51.835, 45.748, 6.200, 17.294, -17.913
0.950, 90.743, 81.454, 107.638, -52.426, 6.194, 20.169, 6.832, 0.950, 88.409, 65.746, 52.360, 52.430, 6.194, 17.950, -17.969
0.960, 91.568, 82.524, 107.048, -59.087, 6.187, 20.991, 6.755, 0.960, 89.072, 66.276, 52.950, 59.058, 6.187, 18.609, -18.030
0.970, 92.404, 83.588, 106.391, -65.628, 6.181, 21.822, 6.673, 0.970, 89.740, 66.812, 53.607, 65.649, 6.181, 19.274, -18.097
0.980, 93.250, 84.645, 105.670, -72.109, 6.174, 22.664, 6.583, 0.980, 90.414, 67.355, 54.328, 72.088, 6.174, 19.944, -18.168
0.990, 94.107, 85.694, 104.886, -78.405, 6.167, 23.516, 6.486, 0.990, 91.093, 67.906, 55.112, 78.404, 6.167, 20.619, -18.244
1.000, 94.974, 86.734, 104.041, -84.525, 6.159, 24.377, 6.382, 1.000, 91.777, 68.466, 55.957, 84.515, 6.159, 21.298, -18.327
1.010, 95.852, 87.765, 103.137, -90.389, 6.152, 25.247, 6.271, 1.010, 92.468, 69.034, 56.861, 90.413, 6.152, 21.983, -18.414
1.020, 96.740, 88.787, 102.177, -96.026, 6.144, 26.127, 6.151, 1.020, 93.164, 69.612, 57.821, 96.002, 6.144, 22.673, -18.508
1.030, 97.638, 89.799, 101.164, -101.304, 6.136, 27.016, 6.023, 1.030, 93.866, 70.201, 58.834, 101.315, 6.136, 23.368, -18.609
1.040, 98.546, 90.800, 100.101, -106.255, 6.128, 27.913, 5.886, 1.040, 94.574, 70.800, 59.897, 106.258, 6.128, 24.068, -18.715
1.050, 99.464, 91.790, 98.993, -110.815, 6.120, 28.820, 5.741, 1.050, 95.288, 71.410, 61.005, 110.817, 6.120, 24.773, -18.828
1.060, 100.392, 92.768, 97.843, -114.956, 6.112, 29.734, 5.586, 1.060, 96.008, 72.031, 62.154, 114.954, 6.112, 25.483, -18.948
1.070, 101.329, 93.735, 96.657, -118.629, 6.103, 30.657, 5.422, 1.070, 96.735, 72.665, 63.341, 118.650, 6.103, 26.199, -19.075
1.080, 102.276, 94.689, 95.439, -121.861, 6.095, 31.588, 5.249, 1.080, 97.468, 73.310, 64.559, 121.838, 6.095, 26.919, -19.210
1.090, 103.232, 95.631, 94.193, -124.533, 6.086, 32.527, 5.065, 1.090, 98.208, 73.968, 65.805, 124.571, 6.086, 27.645, -19.352
1.100, 104.198, 96.560, 92.926, -126.744, 6.077, 33.473, 4.872, 1.100, 98.954, 74.639, 67.072, 126.737, 6.077, 28.376, -19.501
1.110, 105.172, 97.477, 91.642, -128.387, 6.068, 34.426, 4.668, 1.110, 99.707, 75.323, 68.356, 128.398, 6.068, 29.113, -19.659
1.120, 106.156, 98.380, 90.347, -129.495, 6.059, 35.386, 4.454, 1.120, 100.467, 76.019, 69.652, 129.513, 6.059, 29.855, -19.824
1.130, 107.149, 99.271, 89.046, -130.064, 6.050, 36.353, 4.229, 1.130, 101.235, 76.729, 70.952, 130.078, 6.050, 30.602, -19.998
1.140, 108.150, 100.148, 87.745, -130.112, 6.041, 37.326, 3.993, 1.140, 102.009, 77.451, 72.253, 130.089, 6.041, 31.355, -20.180
1.150, 109.161, 101.013, 86.450, -129.564, 6.032, 38.306, 3.746, 1.150, 102.791, 78.187, 73.549, 129.612, 6.032, 32.113, -20.371
1.160, 110.179, 101.864, 85.164, -128.561, 6.023, 39.291, 3.489, 1.160, 103.580, 78.935, 74.835, 128.567, 6.023, 32.877, -20.571
1.170, 111.206, 102.703, 83.894, -127.029, 6.013, 40.283, 3.219, 1.170, 104.377, 79.696, 76.105, 127.038, 6.013, 33.646, -20.780
1.180, 112.242, 103.530, 82.644, -125.011, 6.004, 41.279, 2.939, 1.180, 105.182, 80.470, 77.356, 125.035, 6.004, 34.421, -20.998
1.190, 113.285, 104.344, 81.418, -122.570, 5.995, 42.281, 2.647, 1.190, 105.995, 81.256, 78.581, 122.556, 5.995, 35.201, -21.225
1.200, 114.336, 105.146, 80.221, -119.654, 5.986, 43.287, 2.343, 1.200, 106.815, 82.053, 79.778, 119.695, 5.986, 35.986, -21.462
1.210, 115.396, 105.937, 79.057, -116.401, 5.976, 44.299, 2.028, 1.210, 107.644, 82.863, 80.942, 116.405, 5.976, 36.777, -21.709
1.220, 116.463, 106.716, 77.930, -112.771, 5.967, 45.315, 1.701, 1.220, 108.481, 83.683, 82.070, 112.781, 5.967, 37.574, -21.965
1.230, 117.538, 107.484, 76.841, -108.823, 5.958, 46.335, 1.362, 1.230, 109.326, 84.515, 83.159, 108.843, 5.958, 38.376, -22.232
1.240, 118.620, 108.242, 75.795, -104.611, 5.949, 47.359, 1.011, 1.240, 110.179, 85.357, 84.205, 104.621, 5.949, 39.183, -22.508
1.250, 119.710, 108.990, 74.794, -100.156, 5.940, 48.387, 0.649, 1.250, 111.041, 86.209, 85.206, 100.167, 5.940, 39.996, -22.795
1.260, 120.807, 109.729, 73.839, -95.506, 5.930, 49.418, 0.274, 1.260, 111.912, 87.071, 86.162, 95.518, 5.930, 40.815, -23.092
1.270, 121.912, 110.458, 72.932, -90.688, 5.921, 50.453, -0.112, 1.270, 112.792, 87.941, 87.069, 90.722, 5.921, 41.639, -23.400
1.280, 123.024, 111.179, 72.074, -85.808, 5.912, 51.491, -0.510, 1.280, 113.680, 88.821, 87.926, 85.765, 5.912, 42.468, -23.718
1.290, 124.143, 111.891, 71.266, -80.747, 5.903, 52.532, -0.920, 1.290, 114.577, 89.708, 88.735, 80.809, 5.903, 43.303, -24.047
1.300, 125.269, 112.596, 70.509, -75.740, 5.895, 53.576, -1.342, 1.300, 115.483, 90.603, 89.492, 75.732, 5.895, 44.143, -24.386
1.310, 126.402, 113.294, 69.802, -70.682, 5.886, 54.622, -1.776, 1.310, 116.398, 91.505, 90.199, 70.676, 5.886, 44.988, -24.737
1.320, 127.541, 113.986, 69.146, -65.626, 5.877, 55.671, -2.222, 1.320, 117.322, 92.414, 90.855, 65.659, 5.877, 45.839, -25.098
1.330, 128.688, 114.671, 68.539, -60.657, 5.869, 56.723, -2.679, 1.330, 118.255, 93.328, 91.462, 60.662, 5.869, 46.694, -25.470
1.340, 129.842, 115.351, 67.982, -55.755, 5.860, 57.777, -3.148, 1.340, 119.198, 94.248, 92.019, 55.751, 5.860, 47.555, -25.854
1.350, 131.002, 116.026, 67.472, -50.942, 5.852, 58.833, -3.629, 1.350, 120.150, 95.174, 92.529, 50.949, 5.852, 48.422, -26.248
1.360, 132.169, 116.696, 67.010, -46.253, 5.844, 59.891, -4.121, 1.360, 121.111, 96.104, 92.991, 46.265, 5.844, 49.293, -26.653
1.370, 133.342, 117.362, 66.593, -41.706, 5.835, 60.951, -4.625, 1.370, 122.081, 97.038, 93.409, 41.719, 5.835, 50.169, -27.070
1.380, 134.523, 118.024, 66.219, -37.317, 5.827, 62.013, -5.140, 1.380, 123.061, 97.975, 93.782, 37.325, 5.827, 51.051, -27.498
1.390, 135.710, 118.683, 65.888, -33.124, 5.819, 63.076, -5.667, 1.390, 124.050, 98.917, 94.113, 33.075, 5.819, 51.937, -27.937
1.400, 136.903, 119.339, 65.598, -29.018, 5.812, 64.141, -6.205, 1.400, 125.049, 99.861, 94.403, 29.079, 5.812, 52.829, -28.387
1.410, 138.103, 119.992, 65.346, -25.190, 5.804, 65.208, -6.755, 1.410, 126.057, 100.807, 94.655, 25.192, 5.804, 53.725, -28.848
1.420, 139.309, 120.644, 65.131, -21.527, 5.796, 66.277, -7.315, 1.420, 127.074, 101.756, 94.871, 21.518, 5.796, 54.626, -29.321
1.430, 140.522, 121.293, 64.950, -18.067, 5.789, 67.346, -7.887, 1.430, 128.101, 102.706, 95.051, 18.034, 5.789, 55.532, -29.805
1.440, 141.742, 121.941, 64.803, -14.751, 5.781, 68.418, -8.469, 1.440, 129.138, 103.658, 95.199, 14.792, 5.781, 56.442, -30.300
1.450, 142.968, 122.588, 64.686, -11.697, 5.774, 69.490, -9.063, 1.450, 130.184, 104.612, 95.316, 11.694, 5.774, 57.358, -30.807
1.460, 144.200, 123.234, 64.598, -8.814, 5.767, 70.564, -9.667, 1.460, 131.240, 105.566, 95.404, 8.813, 5.767, 58.278, -31.324
1.470, 145.439, 123.879, 64.536, -6.125, 5.760, 71.640, -10.282, 1.470, 132.305, 106.520, 95.465, 6.127, 5.760, 59.202, -31.853
1.480, 146.684, 124.524, 64.500, -3.626, 5.753, 72.716, -10.908, 1.480, 133.380, 107.475, 95.501, 3.633, 5.753, 60.132, -32.393
1.490, 147.936, 125.169, 64.487, -1.342, 5.747, 73.794, -11.544, 1.490, 134.464, 108.430, 95.514, 1.299, 5.747, 61.065, -32.944
1.500, 149.194, 125.814, 64.495, 0.831, 5.740, 74.873, -12.191, 1.500, 135.558, 109.385, 95.507, -0.793, 5.740, 62.004, -33.507
1.510, 150.458, 126.459, 64.523, 2.777, 5.734, 75.954, -12.848, 1.510, 136.661, 110.340, 95.479, -2.756, 5.734, 62.946, -34.080
1.520, 151.729, 127.105, 64.568, 4.513, 5.727, 77.036, -13.515, 1.520, 137.774, 111.295, 95.433, -4.586, 5.727, 63.894, -34.665
1.530, 153.007, 127.751, 64.630, 6.212, 5.721, 78.119, -14.193, 1.530, 138.897, 112.248, 95.372, -6.146, 5.721, 64.845, -35.260
1.540, 154.291, 128.398, 64.706, 7.642, 5.715, 79.203, -14.881, 1.540, 140.029, 113.201, 95.295, -7.651, 5.715, 65.801, -35.866
1.550, 155.581, 129.046, 64.796, 8.942, 5.709, 80.288, -15.578, 1.550, 141.170, 114.153, 95.205, -8.995, 5.709, 66.761, -36.484
1.560, 156.878, 129.695, 64.897, 10.173, 5.703, 81.375, -16.286, 1.560, 142.321, 115.104, 95.104, -10.135, 5.703, 67.726, -37.112
1.570, 158.182, 130.345, 65.009, 11.202, 5.697, 82.463, -17.004, 1.570, 143.482, 116.054, 94.992, -11.205, 5.697, 68.695, -37.751
1.580, 159.492, 130.997, 65.131, 12.128, 5.692, 83.553, -17.731, 1.580, 144.652, 117.003, 94.870, -12.130, 5.692, 69.668, -38.400
1.590, 160.808, 131.649, 65.260, 12.937, 5.686, 84.643, -18.468, 1.590, 145.831, 117.950, 94.741, -12.936, 5.686, 70.645, -39.061
1.600, 162.131, 132.303, 65.396, 13.609, 5.681, 85.736, -19.215, 1.600, 147.020, 118.896, 94.605, -13.655, 5.681, 71.626, -39.732
1.610, 163.461, 132.959, 65.539, 14.249, 5.676, 86.829, -19.971, 1.610, 148.219, 119.841, 94.463, -14.207, 5.676, 72.612, -40.414
1.620, 164.797, 133.616, 65.686, 14.726, 5.670, 87.924, -20.737, 1.620, 149.426, 120.784, 94.315, -14.719, 5.670, 73.602, -41.106
1.630, 166.140, 134.274, 65.837, 15.115, 5.665, 89.021, -21.512, 1.630, 150.644, 121.726, 94.164, -15.138, 5.665, 74.596, -41.808
1.640, 167.489, 134.934, 65.991, 15.435, 5.660, 90.118, -22.297, 1.640, 151.870, 122.666, 94.009, -15.460, 5.660, 75.594, -42.522
1.650, 168.845, 135.595, 66.149, 15.719, 5.656, 91.218, -23.090, 1.650, 153.106, 123.604, 93.853, -15.664, 5.656, 76.596, -43.245
1.660, 170.208, 136.258, 66.307, 15.826, 5.651, 92.319, -23.893, 1.660, 154.352, 124.541, 93.694, -15.889, 5.651, 77.603, -43.979
1.670, 171.577, 136.923, 66.467, 15.976, 5.646, 93.422, -24.705, 1.670, 155.607, 125.477, 93.534, -15.945, 5.646, 78.613, -44.723
1.680, 172.953, 137.589, 66.627, 16.007, 5.642, 94.526, -25.525, 1.680, 156.871, 126.410, 93.374, -15.989, 5.642, 79.628, -45.477
1.690, 174.335, 138.257, 66.786, 15.937, 5.637, 95.632, -26.355, 1.690, 158.144, 127.343, 93.214, -16.015, 5.637, 80.646, -46.241
1.700, 175.725, 138.927, 66.946, 15.940, 5.633, 96.739, -27.194, 1.700, 159.427, 128.273, 93.056, -15.871, 5.633, 81.669, -47.015
1.710, 177.121, 139.598, 67.103, 15.774, 5.629, 97.849, -28.041, 1.710, 160.719, 129.202, 92.898, -15.787, 5.629, 82.696, -47.799
1.720, 178.523, 140.270, 67.259, 15.605, 5.625, 98.960, -28.897, 1.720, 162.020, 130.130, 92.742, -15.618, 5.625, 83.727, -48.593
1.730, 179.933, 140.944, 67.413, 15.389, 5.621, 100.073, -29.761, 1.730, 163.331, 131.055, 92.587, -15.411, 5.621, 84.762, -49.397
1.740, 181.349, 141.620, 67.565, 15.163, 5.617, 101.189, -30.634, 1.740, 164.651, 131.980, 92.436, -15.138, 5.617, 85.801, -50.211
1.750, 182.772, 142.297, 67.713, 14.848, 5.613, 102.306, -31.516, 1.750, 165.980, 132.903, 92.287, -14.879, 5.613, 86.844, -51.034
1.760, 184.202, 142.976, 67.859, 14.555, 5.610, 103.425, -32.406, 1.760, 167.318, 133.824, 92.142, -14.534, 5.610, 87.892, -51.867
1.770, 185.638, 143.656, 68.001, 14.207, 5.606, 104.546, -33.304, 1.770, 168.665, 134.744, 92.000, -14.182, 5.606, 88.943, -52.709
1.780, 187.082, 144.337, 68.139, 13.777, 5.603, 105.669, -34.210, 1.780, 170.022, 135.663, 91.862, -13.850, 5.603, 89.999, -53.561
1.790, 188.532, 145.020, 68.273, 13.439, 5.599, 106.795, -35.125, 1.790, 171.388, 136.580, 91.728, -13.382, 5.599, 91.059, -54.423
1.800, 189.989, 145.704, 68.403, 12.968, 5.596, 107.922, -36.047, 1.800, 172.763, 137.496, 91.598, -12.990, 5.596, 92.123, -55.293
1.810, 191.453, 146.389, 68.528, 12.528, 5.593, 109.052, -36.978, 1.810, 174.147, 138.411, 91.473, -12.525, 5.593, 93.192, -56.173
1.820, 192.923, 147.076, 68.649, 12.048, 5.590, 110.185, -37.917, 1.820, 175.540, 139.324, 91.352, -12.055, 5.590, 94.264, -57.062
1.830, 194.401, 147.763, 68.764, 11.562, 5.586, 111.319, -38.863, 1.830, 176.942, 140.237, 91.237, -11.551, 5.586, 95.341, -57.961
1.840, 195.886, 148.452, 68.874, 11.024, 5.584, 112.457, -39.817, 1.840, 178.354, 141.148, 91.126, -11.058, 5.584, 96.423, -58.868
1.850, 197.377, 149.142, 68.979, 10.511, 5.581, 113.596, -40.779, 1.850, 179.774, 142.058, 91.021, -10.506, 5.581, 97.508, -59.784
1.860, 198.875, 149.833, 69.079, 9.978, 5.578, 114.738, -41.749, 1.860, 181.204, 142.967, 90.922, -9.938, 5.578, 98.598, -60.709
1.870, 200.381, 150.524, 69.173, 9.366, 5.575, 115.883, -42.726, 1.870, 182.643, 143.876, 90.827, -9.411, 5.575, 99.692, -61.643
1.880, 201.893, 151.217, 69.261, 8.807, 5.573, 117.031, -43.711, 1.880, 184.091, 144.783, 90.739, -8.800, 5.573, 100.791, -62.586
1.890, 203.412, 151.910, 69.343, 8.209, 5.570, 118.181, -44.703, 1.890, 185.548, 145.690, 90.658, -8.194, 5.570, 101.894, -63.538
1.900, 204.938, 152.605, 69.419, 7.576, 5.568, 119.334, -45.703, 1.900, 187.013, 146.595, 90.582, -7.589, 5.568, 103.002, -64.498
1.910, 206.471, 153.299, 69.488, 6.950, 5.565, 120.490, -46.710, 1.910, 188.488, 147.500, 90.512, -6.944, 5.565, 104.114, -65.467
1.920, 208.011, 153.995, 69.551, 6.287, 5.563, 121.649, -47.724, 1.920, 189.973, 148.405, 90.449, -6.302, 5.563, 105.231, -66.444
1.930, 209.558, 154.691, 69.608, 5.636, 5.561, 122.811, -48.745, 1.930, 191.466, 149.309, 90.393, -5.613, 5.561, 106.353, -67.430
1.940, 211.112, 155.388, 69.657, 4.919, 5.559, 123.976, -49.773, 1.940, 192.968, 150.212, 90.344, -4.951, 5.559, 107.479, -68.424
1.950, 212.672, 156.085, 69.699, 4.231, 5.557, 125.144, -50.809, 1.950, 194.479, 151.115, 90.301, -4.227, 5.557, 108.610, -69.426
1.960, 214.240, 156.782, 69.734, 3.515, 5.555, 126.315, -51.851, 1.960, 195.999, 152.018, 90.266, -3.489, 5.555, 109.745, -70.437
1.970, 215.815, 157.480, 69.762, 2.737, 5.553, 127.490, -52.900, 1.970, 197.528, 152.920, 90.239, -2.772, 5.553, 110.886, -71.456
1.980, 217.397, 158.177, 69.782, 2.001, 5.551, 128.668, -53.956, 1.980, 199.067, 153.823, 90.219, -1.971, 5.551, 112.031, -72.482
1.990, 218.986, 158.875, 69.793, 1.181, 5.550, 129.849, -55.018, 1.990, 200.614, 154.725, 90.207, -1.206, 5.550, 113.181, -73.517
2.000, 220.581, 159.523, 64.736, -505.703, 5.548, 131.033, -56.087, 2.000, 202.170, 155.577, 85.264, -494.290, 5.548, 114.336, -74.559
2.010, 222.182, 160.069, 54.628, -1010.870, 5.547, 132.220, -57.161, 2.010, 203.733, 156.331, 75.373, -989.125, 5.547, 115.495, -75.609
2.020, 223.787, 160.514, 44.538, -1008.978, 5.545, 133.408, -58.240, 2.020, 205.303, 156.986, 65.462, -991.031, 5.545, 116.658, -76.664
2.030, 225.395, 160.859, 34.466, -1007.162, 5.544, 134.598, -59.323, 2.030, 206.878, 157.541, 55.534, -992.838, 5.544, 117.823, -77.724
2.040, 227.006, 161.103, 24.412, -1005.430, 5.543, 135.788, -60.409, 2.040, 208.458, 157.997, 45.588, -994.567, 5.543, 118.990, -78.790
2.050, 228.619, 161.247, 14.374, -1003.778, 5.542, 136.977, -61.498, 2.050, 210.042, 158.353, 35.626, -996.229, 5.542, 120.158, -79.858
2.060, 230.232, 161.290, 4.352, -1002.180, 5.540, 138.166, -62.588, 2.060, 211.628, 158.610, 25.648, -997.815, 5.540, 121.327, -80.931
2.070, 231.844, 161.234, -5.654, -1000.655, 5.540, 139.353, -63.679, 2.070, 213.215, 158.766, 15.654, -999.358, 5.540, 122.496, -82.005
2.080, 233.455, 161.128, -10.612, -495.798, 5.539, 140.539, -64.770, 2.080, 214.804, 158.872, 10.612, -504.188, 5.539, 123.665, -83.081
2.090, 235.065, 161.022, -10.539, 7.346, 5.538, 141.722, -65.862, 2.090, 216.394, 158.978, 10.539, -7.366, 5.538, 124.833, -84.159
2.100, 236.675, 160.918, -10.477, 6.169, 5.537, 142.904, -66.954, 2.100, 217.985, 159.082, 10.477, -6.166, 5.537, 126.002, -85.238
2.110, 238.283, 160.813, -10.427, 4.989, 5.536, 144.085, -68.046, 2.110, 219.577, 159.187, 10.427, -4.980, 5.536, 127.170, -86.319
2.120, 239.890, 160.709, -10.389, 3.798, 5.536, 145.264, -69.138, 2.120, 221.169, 159.291, 10.389, -3.809, 5.536, 128.339, -87.402
2.130, 241.496, 160.606, -10.363, 2.622, 5.535, 146.442, -70.230, 2.130, 222.763, 159.394, 10.363, -2.623, 5.535, 129.508, -88.485
2.140, 243.101, 160.502, -10.349, 1.439, 5.535, 147.618, -71.322, 2.140, 224.358, 159.498, 10.349, -1.436, 5.535, 130.677, -89.570
2.150, 244.705, 160.399, -10.346, 0.241, 5.535, 148.793, -72.413, 2.150, 225.954, 159.601, 10.346, -0.249, 5.535, 131.846, -90.656
2.160, 246.308, 160.295, -10.356, -0.956, 5.534, 149.968, -73.504, 2.160, 227.551, 159.705, 10.356, 0.960, 5.534, 133.016, -91.743
2.170, 247.910, 160.192, -10.377, -2.177, 5.534, 151.141, -74.595, 2.170, 229.150, 159.808, 10.377, 2.172, 5.534, 134.187, -92.831
2.180, 249.511, 160.087, -10.412, -3.410, 5.534, 152.313, -75.685, 2.180, 230.749, 159.913, 10.412, 3.408, 5.534, 135.358, -93.920
2.190, 251.111, 159.983, -10.458, -4.664, 5.534, 153.485, -76.774, 2.190, 232.349, 160.017, 10.458, 4.664, 5.534, 136.530, -95.010
2.200, 252.709, 159.878, -10.518, -5.945, 5.534, 154.656, -77.863, 2.200, 233.950, 160.122, 10.518, 5.943, 5.534, 137.703, -96.100
2.210, 254.307, 159.772, -10.590, -7.255, 5.534, 155.826, -78.951, 2.210, 235.552, 160.228, 10.590, 7.253, 5.534, 138.876, -97.191
2.220, 255.904, 159.665, -10.676, -8.599, 5.535, 156.996, -80.037, 2.220, 237.156, 160.335, 10.676, 8.595, 5.535, 140.051, -98.282
2.230, 257.499, 159.557, -10.776, -9.976, 5.535, 158.165, -81.123, 2.230, 238.760, 160.443, 10.776, 9.980, 5.535, 141.227, -99.374
2.240, 259.094, 159.448, -10.890, -11.407, 5.536, 159.334, -82.207, 2.240, 240.366, 160.552, 10.890, 11.396, 5.536, 142.404, -100.466
2.250, 260.687, 159.338, -11.019, -12.868, 5.536, 160.503, -83.290, 2.250, 241.972, 160.662, 11.019, 12.878, 5.536, 143.582, -101.558
2.260, 262.279, 159.227, -11.163, -14.404, 5.537, 161.671, -84.372, 2.260, 243.580, 160.773, 11.163, 14.392, 5.537, 144.762, -102.650
2.270, 263.871, 159.113, -11.323, -15.977, 5.537, 162.840, -85.452, 2.270, 245.189, 160.887, 11.322, 15.987, 5.537, 145.943, -103.742
2.280, 265.460, 158.998, -11.499, -17.641, 5.538, 164.008, -86.531, 2.280, 246.799, 161.002, 11.499, 17.622, 5.538, 147.126, -104.834
2.290, 267.049, 158.881, -11.692, -19.347, 5.539, 165.176, -87.607, 2.290, 248.410, 161.119, 11.692, 19.358, 5.539, 148.311, -105.926
2.300, 268.637, 158.762, -11.904, -21.161, 5.540, 166.345, -88.682, 2.300, 250.022, 161.238, 11.904, 21.145, 5.540, 149.498, -107.018
2.310, 270.223, 158.641, -12.134, -23.037, 5.541, 167.514, -89.755, 2.310, 251.636, 161.359, 12.134, 23.045, 5.541, 150.687, -108.109
2.320, 271.809, 158.517, -12.385, -25.022, 5.542, 168.683, -90.825, 2.320, 253.251, 161.483, 12.384, 25.028, 5.542, 151.878, -109.199
2.330, 273.392, 158.391, -12.656, -27.127, 5.544, 169.852, -91.894, 2.330, 254.867, 161.609, 12.655, 27.099, 5.544, 153.071, -110.289
2.340, 274.975, 158.261, -12.949, -29.310, 5.545, 171.022, -92.959, 2.340, 256.484, 161.739, 12.949, 29.322, 5.545, 154.267, -111.378
2.350, 276.556, 158.128, -13.265, -31.654, 5.547, 172.193, -94.023, 2.350, 258.103, 161.872, 13.265, 31.635, 5.547, 155.465, -112.467
2.360, 278.136, 157.992, -13.607, -34.105, 5.548, 173.364, -95.083, 2.360, 259.723, 162.008, 13.606, 34.115, 5.548, 156.666, -113.554
2.370, 279.715, 157.853, -13.974, -36.727, 5.550, 174.536, -96.141, 2.370, 261.345, 162.147, 13.973, 36.726, 5.550, 157.869, -114.640
2.380, 281.292, 157.709, -14.369, -39.511, 5.552, 175.708, -97.195, 2.380, 262.967, 162.291, 14.368, 39.504, 5.552, 159.076, -115.726
2.390, 282.867, 157.561, -14.794, -42.483, 5.554, 176.882, -98.246, 2.390, 264.592, 162.439, 14.793, 42.454, 5.554, 160.286, -116.809
2.400, 284.442, 157.409, -15.250, -45.612, 5.556, 178.057, -99.294, 2.400, 266.218, 162.591, 15.249, 45.642, 5.556, 161.499, -117.892
2.410, 286.014, 157.251, -15.740, -49.027, 5.558, 179.232, -100.339, 2.410, 267.845, 162.749, 15.739, 48.976, 5.558, 162.716, -118.973
2.420, 287.585, 157.088, -16.266, -52.586, 5.560, 180.409, -101.379, 2.420, 269.474, 162.911, 16.266, 52.641, 5.560, 163.937, -120.052
2.430, 289.154, 156.920, -16.831, -56.523, 5.563, 181.587, -102.416, 2.430, 271.105, 163.080, 16.830, 56.445, 5.563, 165.161, -121.129
2.440, 290.722, 156.746, -17.437, -60.613, 5.565, 182.766, -103.448, 2.440, 272.738, 163.254, 17.437, 60.672, 5.565, 166.389, -122.205
2.450, 292.287, 156.565, -18.089, -65.140, 5.568, 183.947, -104.477, 2.450, 274.372, 163.435, 18.088, 65.084, 5.568, 167.622, -123.278
2.460, 293.851, 156.377, -18.788, -69.927, 5.571, 185.129, -105.500, 2.460, 276.008, 163.623, 18.787, 69.928, 5.571, 168.859, -124.349
2.470, 295.413, 156.182, -19.539, -75.131, 5.574, 186.313, -106.519, 2.470, 277.646, 163.818, 19.538, 75.112, 5.574, 170.100, -125.417
2.480, 296.973, 155.978, -20.347, -80.733, 5.577, 187.499, -107.533, 2.480, 279.287, 164.022, 20.345, 80.736, 5.577, 171.347, -126.483
2.490, 298.530, 155.766, -21.215, -86.803, 5.581, 188.686, -108.541, 2.490, 280.929, 164.234, 21.213, 86.812, 5.581, 172.599, -127.547
2.500, 300.086, 155.544, -22.149, -93.422, 5.584, 189.875, -109.544, 2.500, 282.574, 164.455, 22.147, 93.355, 5.584, 173.856, -128.607
2.510, 301.639, 155.313, -23.154, -100.526, 5.588, 191.066, -110.541, 2.510, 284.220, 164.687, 23.152, 100.541, 5.588, 175.119, -129.664
2.520, 303.190, 155.071, -24.237, -108.321, 5.592, 192.259, -111.531, 2.520, 285.870, 164.929, 24.235, 108.277, 5.592, 176.387, -130.718
2.530, 304.738, 154.817, -25.405, -116.748, 5.596, 193.454, -112.516, 2.530, 287.522, 165.183, 25.403, 116.763, 5.596, 177.662, -131.768
2.540, 306.283, 154.550, -26.665, -125.988, 5.601, 194.651, -113.493, 2.540, 289.176, 165.450, 26.662, 125.962, 5.601, 178.944, -132.815
2.550, 307.826, 154.270, -28.025, -136.063, 5.605, 195.850, -114.464, 2.550, 290.833, 165.730, 28.023, 136.025, 5.605, 180.232, -133.857
2.560, 309.366, 153.975, -29.496, -147.075, 5.610, 197.051, -115.427, 2.560, 292.494, 166.025, 29.493, 147.040, 5.610, 181.528, -134.895
2.570, 310.902, 153.664, -31.088, -159.139, 5.615, 198.255, -116.382, 2.570, 294.157, 166.336, 31.084, 159.106, 5.615, 182.831, -135.929
2.580, 312.436, 153.336, -32.811, -172.384, 5.620, 199.462, -117.328, 2.580, 295.824, 166.664, 32.807, 172.332, 5.620, 184.142, -136.958
2.590, 313.966, 152.989, -34.680, -186.890, 5.626, 200.670, -118.266, 2.590, 297.494, 167.011, 34.677, 186.919, 5.626, 185.462, -137.982
2.600, 315.492, 152.622, -36.710, -202.973, 5.632, 201.881, -119.195, 2.600, 299.168, 167.378, 36.705, 202.841, 5.632, 186.790, -139.000
2.610, 317.014, 152.233, -38.915, -220.542, 5.638, 203.095, -120.114, 2.610, 300.845, 167.767, 38.911, 220.560, 5.638, 188.127, -140.013
2.620, 318.532, 151.819, -41.316, -240.079, 5.645, 204.311, -121.022, 2.620, 302.527, 168.180, 41.310, 239.962, 5.645, 189.475, -141.019
2.630, 320.046, 151.380, -43.932, -261.561, 5.652, 205.530, -121.920, 2.630, 304.213, 168.619, 43.926, 261.536, 5.652, 190.832, -142.019
2.640, 321.555, 150.912, -46.786, -285.443, 5.659, 206.752, -122.807, 2.640, 305.904, 169.087, 46.779, 285.307, 5.659, 192.201, -143.013
2.650, 323.059, 150.413, -49.904, -311.792, 5.667, 207.976, -123.681, 2.650, 307.600, 169.586, 49.897, 311.800, 5.667, 193.581, -143.998
2.660, 324.558, 149.880, -53.316, -341.213, 5.675, 209.202, -124.542, 2.660, 309.301, 170.119, 53.307, 341.017, 5.675, 194.973, -144.976
2.670, 326.051, 149.310, -57.054, -373.745, 5.683, 210.431, -125.390, 2.670, 311.008, 170.689, 57.044, 373.678, 5.683, 196.378, -145.946
2.680, 327.538, 148.698, -61.154, -410.054, 5.693, 211.662, -126.224, 2.680, 312.721, 171.301, 61.143, 409.897, 5.693, 197.796, -146.906
2.690, 329.019, 148.041, -65.659, -450.455, 5.702, 212.896, -127.043, 2.690, 314.441, 171.957, 65.646, 450.288, 5.702, 199.229, -147.857
2.700, 330.492, 147.335, -70.614, -495.482, 5.712, 214.131, -127.845, 2.700, 316.167, 172.663, 70.599, 495.327, 5.712, 200.677, -148.797
2.710, 331.958, 146.575, -76.071, -545.738, 5.723, 215.369, -128.631, 2.710, 317.901, 173.424, 76.054, 545.532, 5.723, 202.141, -149.726
2.720, 333.415, 145.754, -82.089, -601.819, 5.735, 216.608, -129.398, 2.720, 319.644, 174.245, 82.070, 601.544, 5.735, 203.623, -150.644
2.730, 334.864, 144.866, -88.733, -664.356, 5.747, 217.849, -130.146, 2.730, 321.395, 175.132, 88.710, 664.083, 5.747, 205.123, -151.548
2.740, 336.303, 143.906, -96.074, -734.134, 5.760, 219.090, -130.873, 2.740, 323.156, 176.092, 96.048, 733.780, 5.760, 206.642, -152.438
2.750, 337.732, 142.864, -104.192, -811.826, 5.773, 220.332, -131.579, 2.750, 324.927, 177.134, 104.163, 811.461, 5.773, 208.182, -153.313
2.760, 339.149, 141.732, -113.175, -898.239, 5.788, 221.575, -132.262, 2.760, 326.710, 178.265, 113.141, 897.784, 5.788, 209.744, -154.172
2.770, 340.554, 140.501, -123.115, -994.061, 5.804, 222.816, -132.920, 2.770, 328.505, 179.496, 123.075, 993.444, 5.804, 211.330, -155.013
2.780, 341.946, 139.160, -134.113, -1099.757, 5.820, 224.056, -133.551, 2.780, 330.313, 180.837, 134.066, 1099.133, 5.820, 212.942, -155.833
2.790, 343.323, 137.697, -146.271, -1215.788, 5.838, 225.293, -134.155, 2.790, 332.136, 182.299, 146.217, 1215.013, 5.838, 214.580, -156.633
2.800, 344.684, 136.100, -159.691, -1342.003, 5.858, 226.528, -134.729, 2.800, 333.975, 183.895, 159.627, 1341.095, 5.858, 216.247, -157.408
2.810, 346.027, 134.355, -174.468, -1477.709, 5.878, 227.757, -135.271, 2.810, 335.832, 185.639, 174.393, 1476.596, 5.878, 217.946, -158.157
2.820, 347.352, 132.449, -190.679, -1621.119, 5.900, 228.980, -135.780, 2.820, 337.707, 187.545, 190.592, 1619.855, 5.900, 219.678, -158.877
2.830, 348.655, 130.365, -208.370, -1769.080, 5.924, 230.195, -136.253, 2.830, 339.604, 189.628, 208.268, 1767.564, 5.924, 221.445, -159.565
2.840, 349.936, 128.090, -227.532, -1916.219, 5.950, 231.399, -136.688, 2.840, 341.523, 191.902, 227.411, 1914.372, 5.950, 223.250, -160.216
2.850, 351.192, 125.609, -248.073, -2054.078, 5.977, 232.592, -137.083, 2.850, 343.466, 194.381, 247.932, 2052.061, 5.977, 225.095, -160.827
2.860, 352.421, 122.911, -269.777, -2170.418, 6.007, 233.769, -137.435, 2.860, 345.437, 197.077, 269.611, 2167.900, 6.007, 226.983, -161.393
2.870, 353.621, 119.989, -292.250, -2247.247, 6.039, 234.929, -137.744, 2.870, 347.437, 199.998, 292.056, 2244.497, 6.039, 228.916, -161.907
2.880, 354.790, 116.840, -314.854, -2260.397, 6.074, 236.067, -138.007, 2.880, 349.469, 203.144, 314.628, 2257.231, 6.074, 230.895, -162.364
2.890, 355.924, 113.474, -336.632, -2177.802, 6.111, 237.181, -138.222, 2.890, 351.534, 206.508, 336.372, 2174.361, 6.111, 232.923, -162.755
2.900, 357.023, 109.911, -356.230, -1959.814, 6.152, 238.268, -138.389, 2.900, 353.634, 210.067, 355.934, 1956.189, 6.152, 234.999, -163.073
2.910, 358.085, 106.193, -371.836, -1560.649, 6.195, 239.323, -138.506, 2.910, 355.772, 213.782, 371.504, 1557.015, 6.195, 237.124, -163.308
2.920, 359.109, 102.381, -381.167, -933.078, 6.241, 240.345, -138.573, 2.920, 357.948, 217.590, 380.802, 929.791, 6.241, 239.295, -163.451
2.930, 360.095, 98.566, -381.542, -37.511, 0.007, 241.330, -138.591, 2.930, 360.162, 221.402, 381.151, 34.942, 0.007, 241.509, -163.490
2.940, 361.043, 94.865, -370.100, 1144.158, 0.059, 242.278, -138.559, 2.940, 362.413, 225.099, 369.697, -1145.385, 0.059, 243.759, -163.415
2.950, 361.958, 91.423, -344.194, 2590.606, 0.115, 243.189, -138.480, 2.950, 364.698, 228.537, 343.798, -2589.903, 0.115, 246.036, -163.217
2.960, 362.842, 88.403, -301.954, 4224.011, 0.172, 244.064, -138.354, 2.960, 367.014, 231.552, 301.590, -4220.834, 0.172, 248.327, -162.887
2.970, 363.702, 85.974, -242.940, 5901.464, 0.232, 244.907, -138.182, 2.970, 369.354, 233.979, 242.635, -5895.489, 0.232, 250.620, -162.418
2.980, 364.544, 84.287, -168.693, 7424.670, 0.292, 245.721, -137.964, 2.980, 371.710, 235.664, 168.476, -7415.962, 0.292, 252.896, -161.808
2.990, 365.379, 83.458, -82.957, 8573.584, 0.354, 246.512, -137.699, 2.990, 374.075, 236.492, 82.848, -8562.719, 0.354, 255.139, -161.057
3.000, 366.214, 83.544, 8.636, 9159.270, 0.415, 247.287, -137.386, 3.000, 376.439, 236.406, -8.624, -9147.245, 0.415, 257.330, -160.170
3.010, 367.060, 84.538, 99.419, 9078.370, 0.476, 248.049, -137.021, 3.010, 378.793, 235.413, -99.289, -9066.522, 0.476, 259.454, -159.156
3.020, 367.923, 86.367, 182.878, 8345.875, 0.535, 248.805, -136.603, 3.020, 381.129, 233.586, -182.643, -8335.380, 0.535, 261.498, -158.025
3.030, 368.812, 88.905, 253.779, 7090.105, 0.592, 249.556, -136.128, 3.030, 383.440, 231.052, -253.463, -7081.984, 0.592, 263.451, -156.790
3.040, 369.732, 91.994, 308.907, 5512.829, 0.647, 250.305, -135.594, 3.040, 385.719, 227.966, -308.537, -5507.443, 0.647, 265.307, -155.467
3.050, 370.687, 95.466, 347.236, 3832.864, 0.698, 251.052, -134.999, 3.050, 387.964, 224.498, -346.840, -3830.248, 0.698, 267.063, -154.068
3.060, 371.679, 99.162, 369.606, 2236.967, 0.747, 251.795, -134.342, 3.060, 390.173, 220.806, -369.207, -2236.736, 0.747, 268.719, -152.607
3.070, 372.708, 102.943, 378.127, 852.114, 0.793, 252.534, -133.625, 3.070, 392.343, 217.029, -377.743, -853.594, 0.793, 270.276, -151.096
3.080, 373.775, 106.699, 375.536, -259.036, 0.836, 253.266, -132.849, 3.080, 394.476, 213.277, -375.180, 256.334, 0.836, 271.740, -149.544
3.090, 374.879, 110.346, 364.672, -1086.399, 0.876, 253.989, -132.015, 3.090, 396.572, 209.633, -364.349, 1083.033, 0.876, 273.114, -147.961
3.100, 376.017, 113.827, 348.125, -1654.724, 0.913, 254.701, -131.127, 3.100, 398.633, 206.155, -347.839, 1651.060, 0.913, 274.404, -146.353
3.110, 377.188, 117.107, 328.062, -2006.334, 0.947, 255.401, -130.188, 3.110, 400.662, 202.877, -327.810, 2002.853, 0.947, 275.616, -144.726
3.120, 378.390, 120.169, 306.175, -2188.716, 0.979, 256.086, -129.202, 3.120, 402.660, 199.817, -305.957, 2185.373, 0.979, 276.757, -143.085
3.130, 379.620, 123.006, 283.712, -2246.243, 1.009, 256.757, -128.170, 3.130, 404.630, 196.982, -283.525, 2243.138, 1.009, 277.830, -141.434
3.140, 380.876, 125.622, 261.547, -2216.577, 1.037, 257.411, -127.098, 3.140, 406.574, 194.368, -261.385, 2213.980, 1.037, 278.843, -139.775
3.150, 382.156, 128.024, 240.247, -2129.913, 1.062, 258.048, -125.987, 3.150, 408.494, 191.967, -240.111, 2127.446, 1.062, 279.798, -138.110
3.160, 383.458, 130.226, 220.163, -2008.487, 1.086, 258.669, -124.842, 3.160, 410.391, 189.767, -220.045, 2006.632, 1.086, 280.702, -136.441
3.170, 384.781, 132.241, 201.472, -1869.066, 1.109, 259.271, -123.665, 3.170, 412.269, 187.753, -201.373, 1867.133, 1.109, 281.558, -134.770
3.180, 386.122, 134.083, 184.248, -1722.377, 1.129, 259.857, -122.459, 3.180, 414.128, 185.911, -184.162, 1721.122, 1.129, 282.370, -133.097
3.190, 387.479, 135.768, 168.482, -1576.589, 1.149, 260.424, -121.226, 3.190, 415.970, 184.227, -168.410, 1575.217, 1.149, 283.140, -131.424
3.200, 388.852, 137.309, 154.123, -1435.940, 1.167, 260.975, -119.968, 3.200, 417.797, 182.686, -154.061, 1434.936, 1.167, 283.873, -129.751
3.210, 390.240, 138.720, 141.087, -1303.553, 1.184, 261.509, -118.688, 3.210, 419.610, 181.276, -141.034, 1302.649, 1.184, 284.571, -128.078
3.220, 391.640, 140.013, 129.280, -1180.720, 1.200, 262.027, -117.387, 3.220, 421.410, 179.984, -129.234, 1180.039, 1.200, 285.236, -126.405
3.230, 393.052, 141.199, 118.599, -1068.154, 1.215, 262.528, -116.067, 3.230, 423.198, 178.798, -118.559, 1067.453, 1.215, 285.871, -124.734
3.240, 394.475, 142.288, 108.942, -965.648, 1.230, 263.014, -114.729, 3.240, 424.975, 177.709, -108.908, 965.090, 1.230, 286.478, -123.063
3.250, 395.907, 143.290, 100.213, -872.869, 1.243, 263.484, -113.376, 3.250, 426.742, 176.707, -100.183, 872.486, 1.243, 287.058, -121.394
3.260, 397.350, 144.213, 92.320, -789.315, 1.256, 263.940, -112.007, 3.260, 428.500, 175.784, -92.294, 788.927, 1.256, 287.613, -119.726
3.270, 398.800, 145.065, 85.178, -714.204, 1.268, 264.381, -110.626, 3.270, 430.249, 174.933, -85.156, 713.818, 1.268, 288.145, -118.060
3.280, 400.259, 145.852, 78.711, -646.714, 1.279, 264.809, -109.231, 3.280, 431.990, 174.146, -78.691, 646.521, 1.279, 288.656, -116.395
3.290, 401.725, 146.581, 72.847, -586.356, 1.290, 265.223, -107.825, 3.290, 433.725, 173.418, -72.831, 586.015, 1.290, 289.146, -114.731
3.300, 403.197, 147.256, 67.526, -532.127, 1.300, 265.624, -106.408, 3.300, 435.452, 172.742, -67.511, 531.964, 1.300, 289.616, -113.069
3.310, 404.676, 147.883, 62.690, -483.629, 1.310, 266.012, -104.981, 3.310, 437.173, 172.116, -62.677, 483.412, 1.310, 290.068, -111.409
3.320, 406.161, 148.466, 58.289, -440.072, 1.319, 266.389, -103.545, 3.320, 438.888, 171.533, -58.277, 439.983, 1.319, 290.504, -109.749
3.330, 407.651, 149.009, 54.278, -401.084, 1.328, 266.754, -102.100, 3.330, 440.598, 170.990, -54.268, 400.930, 1.328, 290.922, -108.092
3.340, 409.146, 149.515, 50.618, -366.038, 1.336, 267.107, -100.648, 3.340, 442.303, 170.484, -50.609, 365.922, 1.336, 291.325, -106.435
3.350, 410.646, 149.988, 47.272, -334.547, 1.344, 267.450, -99.187, 3.350, 444.003, 170.012, -47.264, 334.457, 1.344, 291.714, -104.780
3.360, 412.150, 150.430, 44.210, -306.269, 1.352, 267.782, -97.720, 3.360, 445.699, 169.570, -44.203, 306.088, 1.352, 292.088, -103.126
3.370, 413.659, 150.844, 41.403, -280.639, 1.359, 268.104, -96.247, 3.370, 447.391, 169.156, -41.396, 280.713, 1.359, 292.449, -101.474
3.380, 415.171, 151.232, 38.826, -257.777, 1.366, 268.416, -94.767, 3.380, 449.078, 168.767, -38.821, 257.539, 1.366, 292.798, -99.822
3.390, 416.687, 151.597, 36.457, -236.864, 1.373, 268.719, -93.281, 3.390, 450.762, 168.403, -36.451, 236.908, 1.373, 293.134, -98.172
3.400, 418.206, 151.939, 34.276, -218.086, 1.380, 269.013, -91.791, 3.400, 452.443, 168.060, -34.271, 218.096, 1.380, 293.459, -96.523
3.410, 419.729, 152.262, 32.264, -201.178, 1.386, 269.297, -90.295, 3.410, 454.120, 167.738, -32.261, 200.952, 1.386, 293.772, -94.875
3.420, 421.254, 152.566, 30.409, -185.548, 1.392, 269.574, -88.795, 3.420, 455.795, 167.433, -30.404, 185.729, 1.392, 294.076, -93.229
3.430, 422.783, 152.853, 28.692, -171.736, 1.398, 269.841, -87.290, 3.430, 457.466, 167.147, -28.689, 171.481, 1.398, 294.368, -91.583
3.440, 424.314, 153.124, 27.103, -158.808, 1.403, 270.101, -85.781, 3.440, 459.135, 166.876, -27.100, 158.924, 1.403, 294.652, -89.939
3.450, 425.848, 153.380, 25.630, -147.332, 1.408, 270.353, -84.268, 3.450, 460.801, 166.619, -25.628, 147.159, 1.408, 294.925, -88.295
3.460, 427.384, 153.623, 24.264, -136.590, 1.413, 270.598, -82.751, 3.460, 462.465, 166.377, -24.261, 136.730, 1.413, 295.190, -86.652
3.470, 428.923, 153.853, 22.994, -127.035, 1.418, 270.835, -81.231, 3.470, 464.126, 166.147, -22.992, 126.925, 1.418, 295.447, -85.011
3.480, 430.464, 154.071, 21.813, -118.135, 1.423, 271.065, -79.707, 3.480, 465.786, 165.929, -21.810, 118.135, 1.423, 295.695, -83.370
3.490, 432.006, 154.278, 20.712, -110.041, 1.428, 271.289, -78.181, 3.490, 467.443, 165.722, -20.710, 110.021, 1.428, 295.935, -81.730
3.500, 433.551, 154.475, 19.686, -102.625, 1.432, 271.506, -76.651, 3.500, 469.098, 165.525, -19.684, 102.575, 1.432, 296.167, -80.092
3.510, 435.098, 154.662, 18.728, -95.770, 1.436, 271.716, -75.119, 3.510, 470.751, 165.337, -18.726, 95.787, 1.436, 296.392, -78.454
3.520, 436.646, 154.841, 17.833, -89.497, 1.441, 271.920, -73.584, 3.520, 472.403, 165.159, -17.831, 89.514, 1.441, 296.609, -76.816
3.530, 438.196, 155.011, 16.996, -83.752, 1.445, 272.118, -72.047, 3.530, 474.053, 164.989, -16.994, 83.708, 1.445, 296.820, -75.180
3.540, 439.748, 155.173, 16.211, -78.453, 1.449, 272.311, -70.507, 3.540, 475.701, 164.827, -16.210, 78.362, 1.449, 297.025, -73.545
3.550, 441.301, 155.327, 15.477, -73.450, 1.452, 272.497, -68.965, 3.550, 477.348, 164.672, -15.475, 73.548, 1.452, 297.222, -71.910
3.560, 442.856, 155.475, 14.787, -68.960, 1.456, 272.678, -67.421, 3.560, 478.993, 164.525, -14.785, 68.961, 1.456, 297.414, -70.276
3.570, 444.412, 155.617, 14.139, -64.843, 1.459, 272.854, -65.875, 3.570, 480.637, 164.383, -14.139, 64.680, 1.459, 297.599, -68.642
3.580, 445.970, 155.752, 13.531, -60.778, 1.463, 273.024, -64.327, 3.580, 482.279, 164.248, -13.529, 60.983, 1.463, 297.779, -67.010
3.590, 447.528, 155.882, 12.957, -57.357, 1.466, 273.190, -62.777, 3.590, 483.921, 164.118, -12.957, 57.190, 1.466, 297.953, -65.378
3.600, 449.088, 156.006, 12.418, -53.905, 1.469, 273.350, -61.225, 3.600, 485.561, 163.994, -12.417, 53.962, 1.469, 298.122, -63.747
3.610, 450.650, 156.125, 11.910, -50.832, 1.472, 273.506, -59.671, 3.610, 487.199, 163.875, -11.909, 50.821, 1.472, 298.285, -62.116
3.620, 452.212, 156.239, 11.431, -47.915, 1.475, 273.657, -58.116, 3.620, 488.837, 163.761, -11.429, 47.964, 1.475, 298.444, -60.486
3.630, 453.776, 156.349, 10.978, -45.299, 1.478, 273.803, -56.560, 3.630, 490.473, 163.651, -10.977, 45.199, 1.478, 298.597, -58.857
3.640, 455.340, 156.454, 10.550, -42.766, 1.481, 273.945, -55.002, 3.640, 492.109, 163.545, -10.550, 42.722, 1.481, 298.746, -57.228
3.650, 456.906, 156.556, 10.147, -40.334, 1.484, 274.083, -53.442, 3.650, 493.743, 163.444, -10.145, 40.484, 1.484, 298.890, -55.600
3.660, 458.472, 156.654, 9.764, -38.277, 1.487, 274.217, -51.881, 3.660, 495.377, 163.346, -9.764, 38.172, 1.487, 299.029, -53.972
3.670, 460.040, 156.748, 9.403, -36.137, 1.489, 274.346, -50.319, 3.670, 497.009, 163.252, -9.401, 36.237, 1.489, 299.164, -52.345
3.680, 461.608, 156.838, 9.059, -34.372, 1.492, 274.472, -48.756, 3.680, 498.641, 163.162, -9.059, 34.181, 1.492, 299.295, -50.719
3.690, 463.177, 156.926, 8.735, -32.419, 1.494, 274.594, -47.191, 3.690, 500.272, 163.074, -8.734, 32.569, 1.494, 299.421, -49.093
3.700, 464.747, 157.010, 8.426, -30.841, 1.497, 274.712, -45.626, 3.700, 501.902, 162.990, -8.426, 30.797, 1.497, 299.544, -47.468
3.710, 466.318, 157.091, 8.133, -29.282, 1.499, 274.826, -44.059, 3.710, 503.531, 162.909, -8.134, 29.216, 1.499, 299.662, -45.843
3.720, 467.890, 157.170, 7.856, -27.702, 1.501, 274.937, -42.491, 3.720, 505.159, 162.830, -7.855, 27.853, 1.501, 299.777, -44.219
3.730, 469.463, 157.246, 7.592, -26.477, 1.504, 275.045, -40.922, 3.730, 506.786, 162.754, -7.592, 26.305, 1.504, 299.888, -42.595
3.740, 471.036, 157.319, 7.341, -25.052, 1.506, 275.149, -39.353, 3.740, 508.413, 162.681, -7.341, 25.131, 1.506, 299.996, -40.972
3.750, 472.610, 157.390, 7.103, -23.859, 1.508, 275.249, -37.782, 3.750, 510.039, 162.610, -7.102, 23.874, 1.508, 300.100, -39.349
3.760, 474.184, 157.459, 6.875, -22.720, 1.510, 275.347, -36.210, 3.760, 511.665, 162.541, -6.875, 22.705, 1.510, 300.201, -37.727
3.770, 475.759, 157.525, 6.659, -21.627, 1.512, 275.441, -34.638, 3.770, 513.290, 162.475, -6.659, 21.624, 1.512, 300.298, -36.105
3.780, 477.335, 157.590, 6.453, -20.605, 1.514, 275.532, -33.065, 3.780, 514.914, 162.410, -6.453, 20.595, 1.514, 300.392, -34.484
3.790, 478.912, 157.652, 6.256, -19.662, 1.516, 275.621, -31.491, 3.790, 516.537, 162.347, -6.257, 19.600, 1.516, 300.483, -32.863
3.800, 480.489, 157.713, 6.070, -18.679, 1.517, 275.706, -29.916, 3.800, 518.160, 162.287, -6.069, 18.757, 1.517, 300.571, -31.242
3.810, 482.067, 157.772, 5.891, -17.838, 1.519, 275.789, -28.340, 3.810, 519.782, 162.228, -5.891, 17.868, 1.519, 300.656, -29.622
3.820, 483.645, 157.829, 5.720, -17.082, 1.521, 275.869, -26.764, 3.820, 521.404, 162.171, -5.721, 16.986, 1.521, 300.738, -28.003
3.830, 485.224, 157.885, 5.558, -16.215, 1.523, 275.946, -25.187, 3.830, 523.025, 162.115, -5.558, 16.307, 1.523, 300.817, -26.383
3.840, 486.803, 157.939, 5.402, -15.582, 1.524, 276.021, -23.609, 3.840, 524.646, 162.061, -5.403, 15.469, 1.524, 300.894, -24.765
3.850, 488.383, 157.991, 5.255, -14.784, 1.526, 276.093, -22.031, 3.850, 526.266, 162.009, -5.254, 14.877, 1.526, 300.968, -23.146
3.860, 489.964, 158.043, 5.113, -14.177, 1.528, 276.162, -20.452, 3.860, 527.885, 161.957, -5.112, 14.162, 1.528, 301.039, -21.528
3.870, 491.545, 158.092, 4.977, -13.546, 1.529, 276.229, -18.873, 3.870, 529.504, 161.908, -4.977, 13.540, 1.529, 301.108, -19.911
3.880, 493.126, 158.141, 4.848, -12.978, 1.531, 276.294, -17.293, 3.880, 531.123, 161.859, -4.848, 12.916, 1.531, 301.174, -18.293
3.890, 494.708, 158.188, 4.724, -12.347, 1.532, 276.356, -15.712, 3.890, 532.741, 161.812, -4.724, 12.415, 1.532, 301.238, -16.677
3.900, 496.290, 158.234, 4.606, -11.842, 1.533, 276.417, -14.131, 3.900, 534.359, 161.766, -4.605, 11.841, 1.533, 301.299, -15.060
3.910, 497.873, 158.279, 4.492, -11.330, 1.535, 276.475, -12.549, 3.910, 535.976, 161.721, -4.492, 11.325, 1.535, 301.358, -13.444
3.920, 499.456, 158.323, 4.384, -10.855, 1.536, 276.530, -10.967, 3.920, 537.593, 161.677, -4.384, 10.821, 1.536, 301.415, -11.828
3.930, 501.040, 158.366, 4.280, -10.356, 1.538, 276.584, -9.384, 3.930, 539.209, 161.634, -4.280, 10.388, 1.538, 301.470, -10.213
3.940, 502.624, 158.407, 4.181, -9.960, 1.539, 276.636, -7.801, 3.940, 540.825, 161.593, -4.181, 9.892, 1.539, 301.523, -8.598
3.950, 504.208, 158.448, 4.086, -9.442, 1.540, 276.686, -6.217, 3.950, 542.441, 161.552, -4.086, 9.561, 1.540, 301.574, -6.983
3.960, 505.793, 158.488, 3.995, -9.148, 1.541, 276.733, -4.633, 3.960, 544.056, 161.512, -3.995, 9.041, 1.541, 301.622, -5.369
3.970, 507.379, 158.527, 3.908, -8.665, 1.542, 276.779, -3.048, 3.970, 545.670, 161.473, -3.908, 8.747, 1.542, 301.669, -3.755
3.980, 508.964, 158.566, 3.824, -8.367, 1.544, 276.823, -1.463, 3.980, 547.285, 161.434, -3.825, 8.300, 1.544, 301.714, -2.141
3.990, 510.550, 158.603, 3.745, -7.966, 1.545, 276.865, 0.122, 3.990, 548.899, 161.397, -3.745, 7.989, 1.545, 301.757, -0.527
4.000, 512.137, 158.640, 3.669, -7.619, 1.546, 276.906, 1.708, 4.000, 550.512, 161.360, -3.668, 7.653, 1.546, 301.798, 1.086
4.010, 513.723, 158.676, 3.595, -7.353, 1.547, 276.945, 3.294, 4.010, 552.126, 161.324, -3.596, 7.262, 1.547, 301.838, 2.698
4.020, 515.311, 158.711, 3.526, -6.934, 1.548, 276.982, 4.881, 4.020, 553.738, 161.289, -3.525, 7.053, 1.548, 301.875, 4.311
4.030, 516.898, 158.746, 3.458, -6.747, 1.549, 277.017, 6.468, 4.030, 555.351, 161.254, -3.459, 6.633, 1.549, 301.912, 5.923
4.040, 518.486, 158.779, 3.395, -6.347, 1.550, 277.051, 8.055, 4.040, 556.963, 161.221, -3.394, 6.454, 1.550, 301.946, 7.535
4.050, 520.074, 158.813, 3.333, -6.175, 1.551, 277.084, 9.643, 4.050, 558.575, 161.187, -3.334, 6.063, 1.551, 301.979, 9.146
4.060, 521.662, 158.846, 3.275, -5.796, 1.552, 277.115, 11.231, 4.060, 560.187, 161.154, -3.275, 5.905, 1.552, 302.010, 10.758
4.070, 523.251, 158.878, 3.219, -5.642, 1.553, 277.144, 12.820, 4.070, 561.798, 161.122, -3.219, 5.538, 1.553, 302.040, 12.369
4.080, 524.840, 158.909, 3.166, -5.296, 1.554, 277.172, 14.409, 4.080, 563.409, 161.091, -3.165, 5.384, 1.554, 302.069, 13.979
4.090, 526.430, 158.941, 3.115, -5.122, 1.554, 277.199, 15.998, 4.090, 565.019, 161.059, -3.115, 5.072, 1.554, 302.096, 15.590
4.100, 528.019, 158.971, 3.066, -4.855, 1.555, 277.225, 17.587, 4.100, 566.630, 161.029, -3.066, 4.871, 1.555, 302.122, 17.200
4.110, 529.609, 159.001, 3.020, -4.636, 1.556, 277.249, 19.177, 4.110, 568.240, 160.999, -3.020, 4.637, 1.556, 302.146, 18.809
4.120, 531.200, 159.031, 2.975, -4.426, 1.557, 277.272, 20.767, 4.120, 569.849, 160.969, -2.975, 4.407, 1.557, 302.169, 20.419
4.130, 532.790, 159.060, 2.933, -4.187, 1.558, 277.293, 22.358, 4.130, 571.459, 160.939, -2.933, 4.220, 1.558, 302.191, 22.028
4.140, 534.381, 159.089, 2.893, -4.016, 1.558, 277.314, 23.949, 4.140, 573.068, 160.911, -2.893, 3.977, 1.558, 302.212, 23.637
4.150, 535.972, 159.118, 2.856, -3.781, 1.559, 277.333, 25.540, 4.150, 574.677, 160.882, -2.855, 3.811, 1.559, 302.231, 25.246
4.160, 537.564, 159.146, 2.819, -3.609, 1.560, 277.351, 27.131, 4.160, 576.285, 160.854, -2.819, 3.592, 1.560, 302.250, 26.854
4.170, 539.156, 159.174, 2.785, -3.402, 1.560, 277.368, 28.723, 4.170, 577.893, 160.826, -2.785, 3.418, 1.560, 302.267, 28.463
4.180, 540.748, 159.202, 2.753, -3.232, 1.561, 277.385, 30.315, 4.180, 579.501, 160.798, -2.753, 3.217, 1.561, 302.283, 30.070
4.190, 542.340, 159.229, 2.723, -3.046, 1.562, 277.400, 31.907, 4.190, 581.109, 160.771, -2.723, 3.041, 1.562, 302.299, 31.678
4.200, 543.932, 159.256, 2.694, -2.849, 1.562, 277.414, 33.499, 4.200, 582.717, 160.744, -2.694, 2.884, 1.562, 302.313, 33.285
4.210, 545.525, 159.282, 2.667, -2.709, 1.563, 277.427, 35.092, 4.210, 584.324, 160.718, -2.667, 2.677, 1.563, 302.326, 34.893
4.220, 547.118, 159.309, 2.642, -2.533, 1.563, 277.439, 36.685, 4.220, 585.931, 160.691, -2.642, 2.514, 1.563, 302.339, 36.499
4.230, 548.712, 159.335, 2.618, -2.336, 1.564, 277.451, 38.278, 4.230, 587.537, 160.665, -2.618, 2.377, 1.564, 302.350, 38.106
4.240, 550.305, 159.361, 2.596, -2.202, 1.564, 277.461, 39.872, 4.240, 589.144, 160.639, -2.596, 2.184, 1.564, 302.361, 39.712
4.250, 551.899, 159.387, 2.576, -2.028, 1.565, 277.471, 41.466, 4.250, 590.750, 160.613, -2.576, 2.036, 1.565, 302.371, 41.318
4.260, 553.493, 159.412, 2.557, -1.874, 1.565, 277.480, 43.060, 4.260, 592.356, 160.588, -2.557, 1.872, 1.565, 302.380, 42.924
4.270, 555.088, 159.438, 2.540, -1.716, 1.566, 277.489, 44.654, 4.270, 593.961, 160.562, -2.540, 1.717, 1.566, 302.388, 44.530
4.280, 556.682, 159.463, 2.524, -1.567, 1.566, 277.496, 46.249, 4.280, 595.567, 160.537, -2.525, 1.555, 1.566, 302.396, 46.135
4.290, 558.277, 159.488, 2.510, -1.408, 1.567, 277.503, 47.844, 4.290, 597.172, 160.512, -2.510, 1.408, 1.567, 302.403, 47.740
4.300, 559.872, 159.513, 2.498, -1.247, 1.567, 277.510, 49.439, 4.300, 598.777, 160.487, -2.498, 1.265, 1.567, 302.409, 49.345
4.310, 561.468, 159.538, 2.487, -1.117, 1.567, 277.515, 51.034, 4.310, 600.381, 160.462, -2.487, 1.093, 1.567, 302.415, 50.950
4.320, 563.063, 159.563, 2.477, -0.949, 1.568, 277.520, 52.630, 4.320, 601.986, 160.437, -2.477, 0.961, 1.568, 302.420, 52.554
4.330, 564.659, 159.587, 2.469, -0.804, 1.568, 277.525, 54.226, 4.330, 603.590, 160.413, -2.469, 0.807, 1.568, 302.425, 54.158
4.340, 566.255, 159.612, 2.463, -0.655, 1.568, 277.529, 55.822, 4.340, 605.194, 160.388, -2.463, 0.658, 1.568, 302.429, 55.762
4.350, 567.852, 159.637, 2.458, -0.513, 1.569, 277.533, 57.418, 4.350, 606.797, 160.363, -2.458, 0.501, 1.569, 302.433, 57.366
4.360, 569.448, 159.661, 2.454, -0.358, 1.569, 277.536, 59.015, 4.360, 608.401, 160.339, -2.454, 0.358, 1.569, 302.436, 58.969
4.370, 571.045, 159.686, 2.452, -0.204, 1.569, 277.539, 60.612, 4.370, 610.004, 160.314, -2.452, 0.212, 1.569, 302.438, 60.572
4.380, 572.642, 159.710, 2.451, -0.053, 1.569, 277.541, 62.209, 4.380, 611.607, 160.290, -2.451, 0.063, 1.569, 302.441, 62.175
4.390, 574.240, 159.735, 2.452, 0.076, 1.570, 277.543, 63.806, 4.390, 613.209, 160.265, -2.452, -0.111, 1.570, 302.443, 63.778
4.400, 575.837, 159.759, 2.455, 0.267, 1.570, 277.544, 65.404, 4.400, 614.812, 160.241, -2.455, -0.226, 1.570, 302.444, 65.380
4.410, 577.435, 159.784, 2.459, 0.383, 1.570, 277.546, 67.002, 4.410, 616.414, 160.216, -2.459, -0.417, 1.570, 302.446, 66.983
4.420, 579.033, 159.808, 2.464, 0.565, 1.570, 277.547, 68.600, 4.420, 618.016, 160.192, -2.464, -0.547, 1.570, 302.447, 68.584
4.430, 580.631, 159.833, 2.471, 0.713, 1.570, 277.548, 70.198, 4.430, 619.618, 160.167, -2.471, -0.714, 1.570, 302.448, 70.186
4.440, 582.230, 159.858, 2.480, 0.872, 1.570, 277.548, 71.797, 4.440, 621.219, 160.142, -2.480, -0.875, 1.570, 302.448, 71.788
4.450, 583.829, 159.883, 2.491, 1.036, 1.571, 277.549, 73.395, 4.450, 622.820, 160.117, -2.491, -1.037, 1.571, 302.449, 73.389
4.460, 585.428, 159.908, 2.503, 1.202, 1.571, 277.549, 74.994, 4.460, 624.421, 160.092, -2.503, -1.202, 1.571, 302.449, 74.990
4.470, 587.027, 159.933, 2.516, 1.371, 1.571, 277.550, 76.594, 4.470, 626.022, 160.067, -2.516, -1.371, 1.571, 302.450, 76.590
4.480, 588.627, 159.958, 2.532, 1.543, 1.571, 277.550, 78.193, 4.480, 627.622, 160.042, -2.532, -1.543, 1.571, 302.450, 78.191
4.490, 590.227, 159.984, 2.549, 1.720, 1.571, 277.550, 79.793, 4.490, 629.222, 160.016, -2.549, -1.720, 1.571, 302.450, 79.791
4.500, 591.827, 160.000, 1.569, -97.981, 1.571, 277.550, 81.393, 4.500, 630.822, 160.000, -1.569, 97.979, 1.571, 302.450, 81.391
4.510, 593.427, 159.999, -0.038, -160.748, 1.571, 277.550, 82.993, 4.510, 632.422, 160.001, 0.038, 160.750, 1.571, 302.450, 82.991
4.520, 595.027, 159.993, -0.657, -61.888, 1.571, 277.550, 84.593, 4.520, 634.022, 159.995, -0.543, -58.143, 1.571, 302.450, 84.591
4.530, 596.626, 159.930, -6.254, -559.663, 1.571, 277.551, 86.192, 4.530, 635.622, 159.934, -6.147, -560.368, 1.571, 302.451, 86.190
4.540, 598.224, 159.768, -16.250, -999.640, 1.571, 277.551, 87.790, 4.540, 637.219, 159.772, -16.150, -1000.360, 1.571, 302.451, 87.788
4.550, 599.819, 159.505, -26.247, -999.637, 1.571, 277.551, 89.385, 4.550, 638.814, 159.511, -26.154, -1000.363, 1.571, 302.451, 89.383
4.560, 601.410, 159.143, -36.243, -999.635, 1.571, 277.551, 90.977, 4.560, 640.406, 159.149, -36.158, -1000.365, 1.571, 302.451, 90.974
4.570, 602.997, 158.680, -46.239, -999.635, 1.571, 277.551, 92.563, 4.570, 641.993, 158.688, -46.161, -1000.365, 1.571, 302.451, 92.561
4.580, 604.578, 158.118, -56.236, -999.637, 1.571, 277.551, 94.145, 4.580, 643.574, 158.126, -56.165, -1000.363, 1.571, 302.451, 94.143
4.590, 606.153, 157.456, -66.232, -999.641, 1.571, 277.551, 95.719, 4.590, 645.149, 157.464, -66.168, -1000.359, 1.571, 302.451, 95.717
4.600, 607.720, 156.699, -75.628, -939.632, 1.571, 277.552, 97.286, 4.600, 646.716, 156.709, -75.572, -940.337, 1.571, 302.452, 97.284
4.610, 609.279, 155.899, -80.025, -439.656, 1.571, 277.552, 98.845, 4.610, 648.275, 155.909, -79.975, -440.313, 1.571, 302.452, 98.843
4.620, 610.830, 155.099, -80.022, 0.302, 1.571, 277.552, 100.396, 4.620, 649.826, 155.109, -79.978, -0.302, 1.571, 302.452, 100.395
4.630, 612.372, 154.299, -80.019, 0.288, 1.571, 277.552, 101.939, 4.630, 651.369, 154.309, -79.981, -0.288, 1.571, 302.452, 101.938
4.640, 613.907, 153.498, -80.016, 0.274, 1.571, 277.552, 103.474, 4.640, 652.904, 153.509, -79.984, -0.274, 1.571, 302.452, 103.473
4.650, 615.434, 152.698, -80.014, 0.261, 1.571, 277.552, 105.001, 4.650, 654.431, 152.710, -79.986, -0.261, 1.571, 302.452, 105.000
4.660, 616.953, 151.898, -80.011, 0.248, 1.571, 277.552, 106.520, 4.660, 655.950, 151.910, -79.989, -0.248, 1.571, 302.452, 106.519
4.670, 618.464, 151.098, -80.009, 0.235, 1.571, 277.552, 108.031, 4.670, 657.462, 151.110, -79.991, -0.235, 1.571, 302.452, 108.030
4.680, 619.967, 150.298, -80.007, 0.223, 1.571, 277.552, 109.534, 4.680, 658.965, 150.310, -79.993, -0.223, 1.571, 302.452, 109.533
4.690, 621.462, 149.498, -80.005, 0.211, 1.571, 277.552, 111.029, 4.690, 660.460, 149.510, -79.995, -0.211, 1.571, 302.452, 111.028
4.700, 622.949, 148.698, -80.003, 0.200, 1.571, 277.552, 112.516, 4.700, 661.947, 148.710, -79.997, -0.200, 1.571, 302.452, 112.515
4.710, 624.428, 147.898, -80.001, 0.189, 1.571, 277.552, 113.995, 4.710, 663.426, 147.910, -79.999, -0.189, 1.571, 302.452, 113.994
4.720, 625.899, 147.098, -79.999, 0.178, 1.571, 277.552, 115.466, 4.720, 664.897, 147.110, -80.001, -0.178, 1.571, 302.452, 115.466
4.730, 627.362, 146.298, -79.997, 0.168, 1.571, 277.552, 116.929, 4.730, 666.360, 146.310, -80.003, -0.168, 1.571, 302.452, 116.929
4.740, 628.817, 145.498, -79.996, 0.158, 1.571, 277.552, 118.384, 4.740, 667.815, 145.510, -80.004, -0.158, 1.571, 302.452, 118.384
4.750, 630.264, 144.698, -79.994, 0.148, 1.571, 277.552, 119.831, 4.750, 669.262, 144.710, -80.006, -0.148, 1.571, 302.452, 119.831
4.760, 631.703, 143.898, -79.993, 0.138, 1.571, 277.552, 121.270, 4.760, 670.701, 143.910, -80.007, -0.138, 1.571, 302.452, 121.270
4.770, 633.134, 143.098, -79.992, 0.129, 1.571, 277.552, 122.701, 4.770, 672.133, 143.110, -80.008, -0.129, 1.571, 302.452, 122.701
4.780, 634.557, 142.298, -79.990, 0.120, 1.571, 277.552, 124.124, 4.780, 673.556, 142.310, -80.010, -0.120, 1.571, 302.452, 124.124
4.790, 635.972, 141.498, -79.989, 0.112, 1.571, 277.552, 125.539, 4.790, 674.971, 141.509, -80.011, -0.112, 1.571, 302.452, 125.539
4.800, 637.379, 140.699, -79.988, 0.104, 1.571, 277.552, 126.946, 4.800, 676.378, 140.709, -80.012, -0.104, 1.571, 302.452, 126.946
4.810, 638.778, 139.899, -79.987, 0.096, 1.571, 277.552, 128.345, 4.810, 677.777, 139.909, -80.013, -0.096, 1.571, 302.452, 128.345
4.820, 640.169, 139.099, -79.986, 0.088, 1.571, 277.552, 129.736, 4.820, 679.168, 139.109, -80.014, -0.088, 1.571, 302.452, 129.736
4.830, 641.552, 138.299, -79.986, 0.081, 1.571, 277.552, 131.119, 4.830, 680.551, 138.309, -80.014, -0.081, 1.571, 302.452, 131.120
4.840, 642.927, 137.499, -79.985, 0.074, 1.571, 277.552, 132.494, 4.840, 681.926, 137.509, -80.015, -0.074, 1.571, 302.452, 132.495
4.850, 644.294, 136.699, -79.984, 0.067, 1.571, 277.552, 133.861, 4.850, 683.293, 136.709, -80.016, -0.067, 1.571, 302.452, 133.862
4.860, 645.653, 135.899, -79.984, 0.060, 1.571, 277.552, 135.220, 4.860, 684.652, 135.908, -80.016, -0.060, 1.571, 302.452, 135.221
4.870, 647.004, 135.100, -79.983, 0.054, 1.571, 277.552, 136.571, 4.870, 686.003, 135.108, -80.017, -0.054, 1.571, 302.452, 136.572
4.880, 648.347, 134.300, -79.982, 0.048, 1.571, 277.552, 137.914, 4.880, 687.346, 134.308, -80.018, -0.048, 1.571, 302.452, 137.915
4.890, 649.682, 133.500, -79.982, 0.042, 1.571, 277.552, 139.249, 4.890, 688.682, 133.508, -80.018, -0.042, 1.571, 302.452, 139.250
4.900, 651.009, 132.700, -79.982, 0.037, 1.571, 277.552, 140.576, 4.900, 690.009, 132.708, -80.018, -0.037, 1.571, 302.452, 140.577
4.910, 652.328, 131.900, -79.981, 0.031, 1.571, 277.552, 141.895, 4.910, 691.328, 131.908, -80.019, -0.031, 1.571, 302.452, 141.896
4.920, 653.639, 131.101, -79.981, 0.026, 1.571, 277.552, 143.206, 4.920, 692.639, 131.107, -80.019, -0.026, 1.571, 302.452, 143.207
4.930, 654.942, 130.301, -79.981, 0.021, 1.571, 277.552, 144.509, 4.930, 693.942, 130.307, -80.019, -0.021, 1.571, 302.452, 144.510
4.940, 656.237, 129.501, -79.981, 0.017, 1.571, 277.552, 145.804, 4.940, 695.237, 129.507, -80.019, -0.017, 1.571, 302.452, 145.805
4.950, 657.524, 128.701, -79.981, 0.012, 1.571, 277.551, 147.091, 4.950, 696.524, 128.707, -80.019, -0.012, 1.571, 302.451, 147.092
4.960, 658.803, 127.901, -79.981, 0.008, 1.571, 277.551, 148.370, 4.960, 697.803, 127.907, -80.019, -0.008, 1.571, 302.451, 148.372
4.970, 660.074, 127.102, -79.980, 0.004, 1.571, 277.551, 149.641, 4.970, 699.074, 127.106, -80.020, -0.004, 1.571, 302.451, 149.643
4.980, 661.337, 126.302, -79.980, 0.000, 1.571, 277.551, 150.904, 4.980, 700.337, 126.306, -80.020, -0.000, 1.571, 302.451, 150.906
4.990, 662.592, 125.502, -79.981, -0.004, 1.571, 277.551, 152.159, 4.990, 701.592, 125.506, -80.019, 0.004, 1.571, 302.451, 152.161
5.000, 663.839, 124.702, -79.981, -0.007, 1.571, 277.551, 153.406, 5.000, 702.839, 124.706, -80.019, 0.007, 1.571, 302.451, 153.408
5.010, 665.078, 123.902, -79.981, -0.010, 1.571, 277.551, 154.645, 5.010, 704.078, 123.906, -80.019, 0.010, 1.571, 302.451, 154.647
5.020, 666.309, 123.103, -79.981, -0.014, 1.571, 277.551, 155.876, 5.020, 705.309, 123.105, -80.019, 0.014, 1.571, 302.451, 155.878
5.030, 667.532, 122.303, -79.981, -0.017, 1.571, 277.551, 157.099, 5.030, 706.532, 122.305, -80.019, 0.017, 1.571, 302.451, 157.101
5.040, 668.747, 121.503, -79.981, -0.019, 1.571, 277.551, 158.314, 5.040, 707.748, 121.505, -80.019, 0.019, 1.571, 302.451, 158.316
5.050, 669.954, 120.703, -79.981, -0.022, 1.571, 277.550, 159.521, 5.050, 708.955, 120.705, -80.019, 0.022, 1.571, 302.450, 159.523
5.060, 671.153, 119.903, -79.982, -0.024, 1.571, 277.550, 160.720, 5.060, 710.154, 119.905, -80.018, 0.024, 1.571, 302.450, 160.722
5.070, 672.344, 119.103, -79.982, -0.027, 1.571, 277.550, 161.911, 5.070, 711.345, 119.105, -80.018, 0.027, 1.571, 302.450, 161.913
5.080, 673.527, 118.304, -79.982, -0.029, 1.571, 277.550, 163.094, 5.080, 712.528, 118.304, -80.018, 0.029, 1.571, 302.450, 163.096
5.090, 674.703, 117.504, -79.983, -0.031, 1.571, 277.550, 164.269, 5.090, 713.703, 117.504, -80.017, 0.031, 1.571, 302.450, 164.271
5.100, 675.870, 116.704, -79.983, -0.033, 1.571, 277.550, 165.436, 5.100, 714.870, 116.704, -80.017, 0.033, 1.571, 302.450, 165.438
5.110, 677.029, 115.904, -79.983, -0.035, 1.571, 277.550, 166.595, 5.110, 716.029, 115.904, -80.017, 0.035, 1.571, 302.450, 166.597
5.120, 678.180, 115.104, -79.984, -0.036, 1.571, 277.550, 167.746, 5.120, 717.180, 115.104, -80.016, 0.036, 1.571, 302.450, 167.748
5.130, 679.323, 114.304, -79.984, -0.038, 1.571, 277.550, 168.889, 5.130, 718.323, 114.304, -80.016, 0.038, 1.571, 302.450, 168.891
5.140, 680.458, 113.505, -79.984, -0.039, 1.571, 277.550, 170.024, 5.140, 719.458, 113.503, -80.016, 0.039, 1.571, 302.450, 170.026
5.150, 681.585, 112.705, -79.985, -0.040, 1.571, 277.549, 171.151, 5.150, 720.585, 112.703, -80.015, 0.040, 1.571, 302.449, 171.153
5.160, 682.704, 111.905, -79.985, -0.041, 1.571, 277.549, 172.270, 5.160, 721.704, 111.903, -80.015, 0.041, 1.571, 302.449, 172.272
5.170, 683.815, 111.105, -79.986, -0.043, 1.571, 277.549, 173.382, 5.170, 722.815, 111.103, -80.014, 0.043, 1.571, 302.449, 173.384
5.180, 684.918, 110.305, -79.986, -0.043, 1.571, 277.549, 174.485, 5.180, 723.918, 110.303, -80.014, 0.043, 1.571, 302.449, 174.487
5.190, 686.013, 109.505, -79.986, -0.044, 1.571, 277.549, 175.580, 5.190, 725.013, 109.503, -80.014, 0.044, 1.571, 302.449, 175.582
5.200, 687.100, 108.705, -79.987, -0.045, 1.571, 277.549, 176.667, 5.200, 726.100, 108.702, -80.013, 0.045, 1.571, 302.449, 176.669
5.210, 688.179, 107.906, -79.987, -0.046, 1.571, 277.549, 177.746, 5.210, 727.179, 107.902, -80.013, 0.046, 1.571, 302.449, 177.748
5.220, 689.250, 107.106, -79.988, -0.046, 1.571, 277.549, 178.817, 5.220, 728.250, 107.102, -80.012, 0.046, 1.571, 302.449, 178.819
5.230, 690.313, 106.306, -79.988, -0.047, 1.571, 277.549, 179.880, 5.230, 729.313, 106.302, -80.012, 0.047, 1.571, 302.449, 179.882
5.240, 691.368, 105.506, -79.989, -0.047, 1.571, 277.549, 180.935, 5.240, 730.368, 105.502, -80.011, 0.047, 1.571, 302.449, 180.937
5.250, 692.415, 104.706, -79.989, -0.047, 1.571, 277.549, 181.982, 5.250, 731.415, 104.702, -80.011, 0.047, 1.571, 302.449, 181.984
5.260, 693.454, 103.906, -79.990, -0.047, 1.571, 277.549, 183.021, 5.260, 732.454, 103.902, -80.010, 0.047, 1.571, 302.449, 183.023
5.270, 694.485, 103.106, -79.990, -0.047, 1.571, 277.549, 184.052, 5.270, 733.485, 103.102, -80.010, 0.047, 1.571, 302.449, 184.054
5.280, 695.509, 102.306, -79.991, -0.047, 1.571, 277.548, 185.075, 5.280, 734.508, 102.302, -80.009, 0.047, 1.571, 302.448, 185.077
5.290, 696.524, 101.506, -79.991, -0.047, 1.571, 277.548, 186.090, 5.290, 735.523, 101.502, -80.009, 0.047, 1.571, 302.448, 186.092
5.300, 697.531, 100.707, -79.992, -0.047, 1.571, 277.548, 187.097, 5.300, 736.530, 100.701, -80.008, 0.047, 1.571, 302.448, 187.099
5.310, 698.530, 99.907, -79.992, -0.047, 1.571, 277.548, 188.096, 5.310, 737.529, 99.901, -80.008, 0.047, 1.571, 302.448, 188.098
5.320, 699.521, 99.107, -79.993, -0.047, 1.571, 277.548, 189.087, 5.320, 738.520, 99.101, -80.007, 0.047, 1.571, 302.448, 189.089
5.330, 700.504, 98.307, -79.993, -0.047, 1.571, 277.548, 190.070, 5.330, 739.503, 98.301, -80.007, 0.047, 1.571, 302.448, 190.072
5.340, 701.479, 97.507, -79.993, -0.046, 1.571, 277.548, 191.046, 5.340, 740.478, 97.501, -80.007, 0.046, 1.571, 302.448, 191.047
5.350, 702.446, 96.707, -79.994, -0.046, 1.571, 277.548, 192.013, 5.350, 741.445, 96.701, -80.006, 0.046, 1.571, 302.448, 192.014
5.360, 703.405, 95.907, -79.994, -0.045, 1.571, 277.548, 192.972, 5.360, 742.404, 95.901, -80.006, 0.045, 1.571, 302.448, 192.973
5.370, 704.356, 95.107, -79.995, -0.045, 1.571, 277.548, 193.923, 5.370, 743.355, 95.101, -80.005, 0.045, 1.571, 302.448, 193.924
5.380, 705.299, 94.307, -79.995, -0.044, 1.571, 277.548, 194.866, 5.380, 744.298, 94.301, -80.005, 0.044, 1.571, 302.448, 194.867
5.390, 706.234, 93.507, -79.996, -0.044, 1.571, 277.548, 195.801, 5.390, 745.233, 93.501, -80.004, 0.044, 1.571, 302.448, 195.802
5.400, 707.161, 92.707, -79.996, -0.043, 1.571, 277.548, 196.728, 5.400, 746.160, 92.701, -80.004, 0.043, 1.571, 302.448, 196.729
5.410, 708.080, 91.907, -79.997, -0.042, 1.571, 277.548, 197.647, 5.410, 747.079, 91.901, -80.003, 0.042, 1.571, 302.448, 197.648
5.420, 708.991, 91.107, -79.997, -0.041, 1.571, 277.548, 198.558, 5.420, 747.990, 91.101, -80.003, 0.041, 1.571, 302.448, 198.559
5.430, 709.895, 90.307, -79.997, -0.041, 1.571, 277.548, 199.461, 5.430, 748.893, 90.301, -80.003, 0.041, 1.571, 302.448, 199.462
5.440, 710.790, 89.507, -79.998, -0.040, 1.571, 277.548, 200.356, 5.440, 749.788, 89.501, -80.002, 0.040, 1.571, 302.448, 200.357
5.450, 711.677, 88.707, -79.998, -0.039, 1.571, 277.548, 201.243, 5.450, 750.675, 88.701, -80.002, 0.039, 1.571, 302.448, 201.244
5.460, 712.556, 87.907, -79.999, -0.038, 1.571, 277.548, 202.122, 5.460, 751.554, 87.901, -80.001, 0.038, 1.571, 302.448, 202.123
5.470, 713.427, 87.107, -79.999, -0.037, 1.571, 277.548, 202.993, 5.470, 752.425, 87.101, -80.001, 0.037, 1.571, 302.448, 202.994
5.480, 714.290, 86.307, -79.999, -0.036, 1.571, 277.548, 203.857, 5.480, 753.288, 86.301, -80.001, 0.036, 1.571, 302.448, 203.857
5.490, 715.145, 85.507, -80.000, -0.036, 1.571, 277.548, 204.712, 5.490, 754.143, 85.501, -80.000, 0.036, 1.571, 302.448, 204.712
5.500, 715.992, 84.707, -80.000, -0.035, 1.571, 277.548, 205.559, 5.500, 754.990, 84.701, -80.000, 0.035, 1.571, 302.448, 205.559
5.510, 716.831, 83.907, -80.000, -0.034, 1.571, 277.548, 206.398, 5.510, 755.829, 83.901, -80.000, 0.034, 1.571, 302.448, 206.398
5.520, 717.662, 83.107, -80.001, -0.033, 1.571, 277.548, 207.229, 5.520, 756.660, 83.101, -79.999, 0.033, 1.571, 302.448, 207.229
5.530, 718.485, 82.307, -80.001, -0.032, 1.571, 277.548, 208.052, 5.530, 757.483, 82.301, -79.999, 0.032, 1.571, 302.448, 208.052
5.540, 719.300, 81.507, -80.001, -0.031, 1.571, 277.548, 208.867, 5.540, 758.299, 81.501, -79.999, 0.031, 1.571, 302.448, 208.867
5.550, 720.107, 80.707, -80.002, -0.030, 1.571, 277.548, 209.674, 5.550, 759.106, 80.701, -79.998, 0.030, 1.571, 302.448, 209.674
5.560, 720.907, 79.907, -80.002, -0.029, 1.571, 277.548, 210.473, 5.560, 759.905, 79.901, -79.998, 0.029, 1.571, 302.448, 210.473
5.570, 721.698, 79.107, -80.002, -0.027, 1.571, 277.548, 211.264, 5.570, 760.696, 79.101, -79.998, 0.028, 1.571, 302.448, 211.264
5.580, 722.481, 78.307, -80.002, -0.026, 1.571, 277.548, 212.047, 5.580, 761.479, 78.301, -79.998, 0.026, 1.571, 302.448, 212.047
5.590, 723.256, 77.507, -80.003, -0.025, 1.571, 277.548, 212.822, 5.590, 762.254, 77.501, -79.997, 0.025, 1.571, 302.448, 212.822
5.600, 724.023, 76.707, -80.003, -0.024, 1.571, 277.548, 213.589, 5.600, 763.021, 76.701, -79.997, 0.024, 1.571, 302.448, 213.589
5.610, 724.782, 75.907, -80.003, -0.023, 1.571, 277.548, 214.348, 5.610, 763.780, 75.901, -79.997, 0.023, 1.571, 302.448, 214.348
5.620, 725.533, 75.107, -80.003, -0.022, 1.571, 277.548, 215.100, 5.620, 764.531, 75.101, -79.997, 0.022, 1.571, 302.448, 215.099
5.630, 726.276, 74.307, -80.004, -0.021, 1.571, 277.548, 215.843, 5.630, 765.274, 74.301, -79.996, 0.021, 1.571, 302.448, 215.842
5.640, 727.011, 73.507, -80.004, -0.020, 1.571, 277.548, 216.578, 5.640, 766.009, 73.501, -79.996, 0.020, 1.571, 302.448, 216.577
5.650, 727.738, 72.707, -80.004, -0.019, 1.571, 277.548, 217.305, 5.650, 766.736, 72.701, -79.996, 0.019, 1.571, 302.448, 217.304
5.660, 728.457, 71.907, -80.004, -0.018, 1.571, 277.548, 218.024, 5.660, 767.455, 71.901, -79.996, 0.018, 1.571, 302.448, 218.023
5.670, 729.168, 71.107, -80.004, -0.017, 1.571, 277.548, 218.735, 5.670, 768.166, 71.101, -79.996, 0.017, 1.571, 302.448, 218.734
5.680, 729.871, 70.307, -80.004, -0.016, 1.571, 277.548, 219.438, 5.680, 768.869, 70.301, -79.996, 0.016, 1.571, 302.448, 219.437
5.690, 730.566, 69.507, -80.005, -0.015, 1.571, 277.548, 220.133, 5.690, 769.564, 69.501, -79.995, 0.015, 1.571, 302.448, 220.132
5.700, 731.253, 68.707, -80.005, -0.014, 1.571, 277.548, 220.820, 5.700, 770.251, 68.701, -79.995, 0.014, 1.571, 302.448, 220.819
5.710, 731.933, 67.907, -80.005, -0.013, 1.571, 277.548, 221.499, 5.710, 770.930, 67.901, -79.995, 0.013, 1.571, 302.448, 221.498
5.720, 732.604, 67.107, -80.005, -0.012, 1.571, 277.548, 222.170, 5.720, 771.601, 67.101, -79.995, 0.012, 1.571, 302.448, 222.169
5.730, 733.267, 66.307, -80.005, -0.011, 1.571, 277.548, 222.833, 5.730, 772.264, 66.301, -79.995, 0.011, 1.571, 302.448, 222.832
5.740, 733.922, 65.506, -80.005, -0.010, 1.571, 277.548, 223.488, 5.740, 772.919, 65.501, -79.995, 0.010, 1.571, 302.448, 223.487
5.750, 734.569, 64.706, -80.005, -0.009, 1.571, 277.548, 224.135, 5.750, 773.566, 64.702, -79.995, 0.009, 1.571, 302.448, 224.134
5.760, 735.208, 63.906, -80.005, -0.008, 1.571, 277.548, 224.774, 5.760, 774.205, 63.902, -79.995, 0.008, 1.571, 302.448, 224.773
5.770, 735.839, 63.106, -80.005, -0.007, 1.571, 277.548, 225.406, 5.770, 774.836, 63.102, -79.995, 0.007, 1.571, 302.448, 225.404
5.780, 736.462, 62.306, -80.005, -0.006, 1.571, 277.548, 226.029, 5.780, 775.459, 62.302, -79.995, 0.006, 1.571, 302.448, 226.027
5.790, 737.077, 61.506, -80.006, -0.005, 1.571, 277.548, 226.644, 5.790, 776.074, 61.502, -79.994, 0.005, 1.571, 302.448, 226.642
5.800, 737.684, 60.706, -80.006, -0.004, 1.571, 277.548, 227.251, 5.800, 776.681, 60.702, -79.994, 0.004, 1.571, 302.448, 227.249
5.810, 738.283, 59.906, -80.006, -0.004, 1.571, 277.548, 227.850, 5.810, 777.280, 59.902, -79.994, 0.004, 1.571, 302.448, 227.848
5.820, 738.874, 59.106, -80.006, -0.003, 1.571, 277.548, 228.441, 5.820, 777.871, 59.102, -79.994, 0.003, 1.571, 302.448, 228.439
5.830, 739.457, 58.306, -80.006, -0.002, 1.571, 277.548, 229.024, 5.830, 778.454, 58.302, -79.994, 0.002, 1.571, 302.448, 229.022
5.840, 740.032, 57.506, -80.006, -0.001, 1.571, 277.548, 229.599, 5.840, 779.029, 57.502, -79.994, 0.001, 1.571, 302.448, 229.597
5.850, 740.599, 56.706, -80.006, -0.000, 1.571, 277.548, 230.166, 5.850, 779.596, 56.702, -79.994, 0.000, 1.571, 302.448, 230.164
5.860, 741.158, 55.906, -80.006, 0.000, 1.571, 277.548, 230.725, 5.860, 780.155, 55.902, -79.994, -0.000, 1.571, 302.448, 230.723
5.870, 741.710, 55.106, -80.006, 0.001, 1.571, 277.548, 231.276, 5.870, 780.706, 55.102, -79.994, -0.001, 1.571, 302.448, 231.274
5.880, 742.253, 54.306, -80.006, 0.002, 1.571, 277.548, 231.819, 5.880, 781.249, 54.302, -79.994, -0.002, 1.571, 302.448, 231.817
5.890, 742.788, 53.506, -80.006, 0.003, 1.571, 277.548, 232.354, 5.890, 781.784, 53.502, -79.994, -0.003, 1.571, 302.448, 232.352
5.900, 743.315, 52.706, -80.006, 0.003, 1.571, 277.548, 232.881, 5.900, 782.311, 52.702, -79.994, -0.003, 1.571, 302.448, 232.880
5.910, 743.834, 51.906, -80.006, 0.004, 1.571, 277.549, 233.400, 5.910, 782.830, 51.902, -79.994, -0.004, 1.571, 302.449, 233.399
5.920, 744.345, 51.105, -80.006, 0.005, 1.571, 277.549, 233.911, 5.920, 783.341, 51.102, -79.994, -0.005, 1.571, 302.449, 233.910
5.930, 744.848, 50.305, -80.005, 0.005, 1.571, 277.549, 234.414, 5.930, 783.844, 50.303, -79.995, -0.005, 1.571, 302.449, 234.413
5.940, 745.343, 49.505, -80.005, 0.006, 1.571, 277.549, 234.910, 5.940, 784.339, 49.503, -79.995, -0.006, 1.571, 302.449, 234.908
5.950, 745.830, 48.705, -80.005, 0.006, 1.571, 277.549, 235.397, 5.950, 784.826, 48.703, -79.995, -0.006, 1.571, 302.449, 235.395
5.960, 746.309, 47.905, -80.005, 0.007, 1.571, 277.549, 235.876, 5.960, 785.305, 47.903, -79.995, -0.007, 1.571, 302.449, 235.874
5.970, 746.780, 47.105, -80.005, 0.007, 1.571, 277.549, 236.347, 5.970, 785.776, 47.103, -79.995, -0.007, 1.571, 302.449, 236.345
5.980, 747.243, 46.305, -80.005, 0.008, 1.571, 277.549, 236.810, 5.980, 786.239, 46.303, -79.995, -0.008, 1.571, 302.449, 236.808
5.990, 747.698, 45.505, -80.005, 0.008, 1.571, 277.549, 237.265, 5.990, 786.694, 45.503, -79.995, -0.008, 1.571, 302.449, 237.263
6.000, 748.145, 44.705, -80.005, 0.009, 1.571, 277.549, 237.712, 6.000, 787.141, 44.703, -79.995, -0.009, 1.571, 302.449, 237.710
6.010, 748.584, 43.905, -80.005, 0.009, 1.571, 277.549, 238.151, 6.010, 787.580, 43.903, -79.995, -0.009, 1.571, 302.449, 238.149
6.020, 749.015, 43.105, -80.005, 0.009, 1.571, 277.549, 238.582, 6.020, 788.011, 43.103, -79.995, -0.009, 1.571, 302.449, 238.580
6.030, 749.438, 42.305, -80.005, 0.010, 1.571, 277.549, 239.005, 6.030, 788.434, 42.303, -79.995, -0.010, 1.571, 302.449, 239.003
6.040, 749.853, 41.505, -80.005, 0.010, 1.571, 277.549, 239.420, 6.040, 788.849, 41.503, -79.995, -0.010, 1.571, 302.449, 239.418
6.050, 750.260, 40.705, -80.004, 0.010, 1.571, 277.549, 239.827, 6.050, 789.256, 40.703, -79.996, -0.010, 1.571, 302.449, 239.825
6.060, 750.660, 39.905, -80.004, 0.011, 1.571, 277.549, 240.226, 6.060, 789.655, 39.903, -79.996, -0.011, 1.571, 302.449, 240.224
6.070, 751.051, 39.105, -80.004, 0.011, 1.571, 277.549, 240.617, 6.070, 790.046, 39.103, -79.996, -0.011, 1.571, 302.449, 240.615
6.080, 751.434, 38.305, -80.004, 0.011, 1.571, 277.549, 241.000, 6.080, 790.430, 38.303, -79.996, -0.011, 1.571, 302.449, 240.998
6.090, 751.809, 37.505, -80.004, 0.011, 1.571, 277.549, 241.375, 6.090, 790.805, 37.503, -79.996, -0.011, 1.571, 302.449, 241.373
6.100, 752.176, 36.705, -80.004, 0.012, 1.571, 277.549, 241.742, 6.100, 791.172, 36.703, -79.996, -0.012, 1.571, 302.449, 241.740
6.110, 752.535, 35.905, -80.004, 0.012, 1.571, 277.549, 242.101, 6.110, 791.531, 35.903, -79.996, -0.012, 1.571, 302.449, 242.099
6.120, 752.886, 35.105, -80.004, 0.012, 1.571, 277.549, 242.452, 6.120, 791.882, 35.103, -79.996, -0.012, 1.571, 302.449, 242.450
6.130, 753.229, 34.305, -80.004, 0.012, 1.571, 277.549, 242.795, 6.130, 792.225, 34.303, -79.996, -0.012, 1.571, 302.449, 242.793
6.140, 753.564, 33.504, -80.003, 0.012, 1.571, 277.549, 243.131, 6.140, 792.560, 33.503, -79.997, -0.012, 1.571, 302.449, 243.128
6.150, 753.891, 32.704, -80.003, 0.012, 1.571, 277.549, 243.458, 6.150, 792.887, 32.703, -79.997, -0.012, 1.571, 302.449, 243.455
6.160, 754.210, 31.904, -80.003, 0.012, 1.571, 277.549, 243.777, 6.160, 793.206, 31.904, -79.997, -0.012, 1.571, 302.449, 243.774
6.170, 754.521, 31.104, -80.003, 0.012, 1.571, 277.549, 244.088, 6.170, 793.517, 31.104, -79.997, -0.012, 1.571, 302.449, 244.085
6.180, 754.824, 30.304, -80.003, 0.012, 1.571, 277.549, 244.391, 6.180, 793.820, 30.304, -79.997, -0.012, 1.571, 302.449, 244.388
6.190, 755.119, 29.504, -80.003, 0.012, 1.571, 277.549, 244.686, 6.190, 794.115, 29.504, -79.997, -0.012, 1.571, 302.449, 244.683
6.200, 755.406, 28.704, -80.003, 0.012, 1.571, 277.550, 244.973, 6.200, 794.402, 28.704, -79.997, -0.012, 1.571, 302.450, 244.970
6.210, 755.685, 27.904, -80.003, 0.012, 1.571, 277.550, 245.252, 6.210, 794.681, 27.904, -79.997, -0.012, 1.571, 302.450, 245.249
6.220, 755.956, 27.104, -80.002, 0.012, 1.571, 277.550, 245.523, 6.220, 794.952, 27.104, -79.998, -0.012, 1.571, 302.450, 245.521
6.230, 756.219, 26.304, -80.002, 0.012, 1.571, 277.550, 245.786, 6.230, 795.215, 26.304, -79.998, -0.012, 1.571, 302.450, 245.784
6.240, 756.474, 25.504, -80.002, 0.012, 1.571, 277.550, 246.041, 6.240, 795.470, 25.504, -79.998, -0.012, 1.571, 302.450, 246.039
6.250, 756.721, 24.704, -80.002, 0.012, 1.571, 277.550, 246.288, 6.250, 795.717, 24.704, -79.998, -0.012, 1.571, 302.450, 246.286
6.260, 756.960, 23.904, -80.002, 0.012, 1.571, 277.550, 246.527, 6.260, 795.956, 23.904, -79.998, -0.012, 1.571, 302.450, 246.525
6.270, 757.191, 23.104, -80.002, 0.011, 1.571, 277.550, 246.758, 6.270, 796.187, 23.104, -79.998, -0.011, 1.571, 302.450, 246.756
6.280, 757.415, 22.304, -80.002, 0.011, 1.571, 277.550, 246.981, 6.280, 796.410, 22.304, -79.998, -0.011, 1.571, 302.450, 246.979
6.290, 757.630, 21.504, -80.002, 0.011, 1.571, 277.550, 247.196, 6.290, 796.625, 21.504, -79.998, -0.011, 1.571, 302.450, 247.194
6.300, 757.837, 20.704, -80.002, 0.011, 1.571, 277.550, 247.403, 6.300, 796.832, 20.704, -79.998, -0.011, 1.571, 302.450, 247.401
6.310, 758.036, 19.904, -80.001, 0.010, 1.571, 277.550, 247.602, 6.310, 797.031, 19.904, -79.999, -0.010, 1.571, 302.450, 247.600
6.320, 758.227, 19.104, -80.001, 0.010, 1.571, 277.550, 247.793, 6.320, 797.222, 19.104, -79.999, -0.010, 1.571, 302.450, 247.791
6.330, 758.410, 18.304, -80.001, 0.010, 1.571, 277.550, 247.976, 6.330, 797.405, 18.304, -79.999, -0.010, 1.571, 302.450, 247.974
6.340, 758.585, 17.504, -80.001, 0.010, 1.571, 277.550, 248.151, 6.340, 797.580, 17.504, -79.999, -0.010, 1.571, 302.450, 248.149
6.350, 758.752, 16.704, -80.001, 0.009, 1.571, 277.550, 248.318, 6.350, 797.748, 16.704, -79.999, -0.009, 1.571, 302.450, 248.316
6.360, 758.911, 15.904, -80.001, 0.009, 1.571, 277.550, 248.477, 6.360, 797.907, 15.904, -79.999, -0.009, 1.571, 302.450, 248.475
6.370, 759.062, 15.104, -80.001, 0.009, 1.571, 277.550, 248.628, 6.370, 798.058, 15.104, -79.999, -0.009, 1.571, 302.450, 248.626
6.380, 759.205, 14.304, -80.001, 0.008, 1.571, 277.550, 248.772, 6.380, 798.201, 14.304, -79.999, -0.008, 1.571, 302.450, 248.769
6.390, 759.340, 13.504, -80.001, 0.008, 1.571, 277.550, 248.907, 6.390, 798.336, 13.504, -79.999, -0.008, 1.571, 302.450, 248.904
6.400, 759.467, 12.704, -80.001, 0.008, 1.571, 277.550, 249.034, 6.400, 798.463, 12.704, -79.999, -0.008, 1.571, 302.450, 249.031
6.410, 759.586, 11.904, -80.001, 0.007, 1.571, 277.550, 249.153, 6.410, 798.582, 11.904, -79.999, -0.007, 1.571, 302.450, 249.150
6.420, 759.697, 11.104, -80.000, 0.007, 1.571, 277.550, 249.264, 6.420, 798.693, 11.104, -80.000, -0.007, 1.571, 302.450, 249.261
6.430, 759.800, 10.304, -80.000, 0.006, 1.571, 277.550, 249.367, 6.430, 798.796, 10.304, -80.000, -0.006, 1.571, 302.450, 249.364
6.440, 759.895, 9.504, -80.000, 0.006, 1.571, 277.550, 249.462, 6.440, 798.891, 9.504, -80.000, -0.006, 1.571, 302.450, 249.459
6.450, 759.982, 8.704, -80.000, 0.005, 1.571, 277.550, 249.549, 6.450, 798.978, 8.704, -80.000, -0.005, 1.571, 302.450, 249.546
6.460, 760.061, 7.904, -80.000, 0.005, 1.571, 277.550, 249.628, 6.460, 799.057, 7.904, -80.000, -0.005, 1.571, 302.450, 249.625
6.470, 760.132, 7.104, -80.000, 0.005, 1.571, 277.550, 249.699, 6.470, 799.128, 7.104, -80.000, -0.005, 1.571, 302.450, 249.696
6.480, 760.195, 6.304, -80.000, 0.004, 1.571, 277.550, 249.762, 6.480, 799.191, 6.304, -80.000, -0.004, 1.571, 302.450, 249.760
6.490, 760.250, 5.504, -80.000, 0.004, 1.571, 277.550, 249.817, 6.490, 799.246, 5.504, -80.000, -0.004, 1.571, 302.450, 249.815
6.500, 760.297, 4.704, -80.000, 0.003, 1.571, 277.550, 249.864, 6.500, 799.293, 4.704, -80.000, -0.003, 1.571, 302.450, 249.862
6.510, 760.336, 3.904, -80.000, 0.003, 1.571, 277.550, 249.903, 6.510, 799.332, 3.904, -80.000, -0.003, 1.571, 302.450, 249.901
6.520, 760.368, 3.110, -79.400, 60.018, 1.571, 277.550, 249.934, 6.520, 799.363, 3.110, -79.400, 60.013, 1.571, 302.450, 249.932
6.530, 760.391, 2.372, -73.800, 560.018, 1.571, 277.550, 249.958, 6.530, 799.387, 2.372, -73.800, 560.014, 1.571, 302.450, 249.955
6.540, 760.409, 1.734, -63.800, 1000.001, 1.571, 277.550, 249.975, 6.540, 799.404, 1.734, -63.800, 999.999, 1.571, 302.450, 249.973
6.550, 760.421, 1.196, -53.800, 1000.001, 1.571, 277.550, 249.987, 6.550, 799.416, 1.196, -53.800, 999.999, 1.571, 302.450, 249.985
6.560, 760.428, 0.758, -43.800, 1000.000, 1.571, 277.550, 249.995, 6.560, 799.424, 0.758, -43.800, 1000.000, 1.571, 302.450, 249.992
6.570, 760.432, 0.420, -33.800, 1000.000, 1.571, 277.550, 249.999, 6.570, 799.428, 0.420, -33.800, 1000.000, 1.571, 302.450, 249.997
6.580, 760.434, 0.182, -23.800, 1000.000, 1.571, 277.550, 250.001, 6.580, 799.430, 0.182, -23.800, 1000.000, 1.571, 302.450, 249.998
6.590, 760.435, 0.044, -13.800, 1000.000, 1.571, 277.550, 250.001, 6.590, 799.430, 0.044, -13.800, 1000.000, 1.571, 302.450, 249.999
6.600, 760.435, 0.000, -4.400, 939.984, 1.571, 277.550, 250.001, 6.600, 799.430, 0.000, -4.400, 939.984, 1.571, 302.450, 249.999
