0.000, 0.000, 0.060, 5.970, 597.015, 1.571, -12.450, 0.001, 0.000, 0.000, 0.060, 5.970, 597.015, 1.571, 12.450, -0.001
0.010, 0.001, 0.119, 5.970, -0.000, 1.571, -12.450, 0.003, 0.010, 0.001, 0.119, 5.970, 0.000, 1.571, 12.450, 0.000
0.020, 0.004, 0.269, 14.925, 895.522, 1.571, -12.450, 0.005, 0.020, 0.004, 0.269, 14.925, 895.523, 1.571, 12.450, 0.003
0.030, 0.009, 0.478, 20.896, 597.014, 1.571, -12.450, 0.010, 0.030, 0.009, 0.478, 20.896, 597.016, 1.571, 12.450, 0.008
0.040, 0.016, 0.746, 26.866, 597.012, 1.571, -12.450, 0.018, 0.040, 0.016, 0.746, 26.866, 597.018, 1.571, 12.450, 0.015
0.050, 0.027, 1.075, 32.836, 597.009, 1.571, -12.450, 0.028, 0.050, 0.027, 1.075, 32.836, 597.021, 1.571, 12.450, 0.026
0.060, 0.042, 1.463, 38.806, 597.005, 1.571, -12.450, 0.043, 0.060, 0.042, 1.463, 38.806, 597.025, 1.571, 12.450, 0.041
0.070, 0.061, 1.910, 44.776, 596.999, 1.571, -12.450, 0.062, 0.070, 0.061, 1.910, 44.776, 597.031, 1.571, 12.450, 0.060
0.080, 0.085, 2.418, 50.746, 596.991, 1.571, -12.450, 0.086, 0.080, 0.085, 2.418, 50.747, 597.039, 1.571, 12.450, 0.084
0.090, 0.115, 2.985, 56.715, 596.981, 1.571, -12.450, 0.116, 0.090, 0.115, 2.985, 56.717, 597.049, 1.571, 12.450, 0.114
0.100, 0.151, 3.582, 59.700, 298.465, 1.571, -12.450, 0.152, 0.100, 0.151, 3.582, 59.703, 298.550, 1.571, 12.450, 0.150
0.110, 0.193, 4.179, 59.700, -0.049, 1.571, -12.450, 0.194, 0.110, 0.193, 4.179, 59.703, 0.049, 1.571, 12.450, 0.191
0.120, 0.240, 4.776, 59.699, -0.057, 1.571, -12.450, 0.241, 0.120, 0.240, 4.776, 59.704, 0.057, 1.571, 12.450, 0.239
0.130, 0.294, 5.373, 59.698, -0.064, 1.571, -12.450, 0.295, 0.130, 0.294, 5.373, 59.705, 0.064, 1.571, 12.450, 0.293
0.140, 0.354, 5.970, 59.698, -0.070, 1.571, -12.450, 0.355, 0.140, 0.354, 5.970, 59.705, 0.070, 1.571, 12.450, 0.353
0.150, 0.419, 6.567, 59.697, -0.077, 1.571, -12.450, 0.421, 0.150, 0.419, 6.567, 59.706, 0.077, 1.571, 12.450, 0.418
0.160, 0.491, 7.164, 59.696, -0.082, 1.571, -12.450, 0.492, 0.160, 0.491, 7.164, 59.707, 0.082, 1.571, 12.450, 0.490
0.170, 0.569, 7.761, 59.695, -0.088, 1.571, -12.450, 0.570, 0.170, 0.569, 7.762, 59.708, 0.088, 1.571, 12.450, 0.567
0.180, 0.652, 8.358, 59.694, -0.092, 1.571, -12.450, 0.653, 0.180, 0.652, 8.359, 59.709, 0.092, 1.571, 12.450, 0.651
0.190, 0.742, 8.955, 59.693, -0.096, 1.571, -12.450, 0.743, 0.190, 0.742, 8.956, 59.710, 0.096, 1.571, 12.450, 0.741
0.200, 0.837, 9.552, 59.692, -0.100, 1.571, -12.450, 0.838, 0.200, 0.837, 9.553, 59.711, 0.100, 1.571, 12.450, 0.836
0.210, 0.939, 10.149, 59.691, -0.102, 1.571, -12.450, 0.940, 0.210, 0.939, 10.150, 59.712, 0.102, 1.571, 12.450, 0.938
0.220, 1.046, 10.745, 59.690, -0.104, 1.571, -12.450, 1.047, 0.220, 1.046, 10.747, 59.713, 0.104, 1.571, 12.450, 1.045
0.230, 1.160, 11.342, 59.689, -0.106, 1.571, -12.450, 1.161, 0.230, 1.160, 11.344, 59.714, 0.106, 1.571, 12.450, 1.159
0.240, 1.279, 11.939, 59.688, -0.106, 1.571, -12.450, 1.280, 0.240, 1.279, 11.941, 59.715, 0.106, 1.571, 12.450, 1.278
0.250, 1.404, 12.536, 59.687, -0.106, 1.571, -12.450, 1.406, 0.250, 1.405, 12.538, 59.716, 0.106, 1.571, 12.450, 1.403
0.260, 1.536, 13.133, 59.686, -0.105, 1.571, -12.450, 1.537, 0.260, 1.536, 13.136, 59.717, 0.105, 1.571, 12.450, 1.535
0.270, 1.673, 13.730, 59.685, -0.103, 1.571, -12.450, 1.674, 0.270, 1.673, 13.733, 59.718, 0.103, 1.571, 12.450, 1.672
0.280, 1.816, 14.327, 59.684, -0.100, 1.571, -12.450, 1.818, 0.280, 1.817, 14.330, 59.719, 0.100, 1.571, 12.450, 1.815
0.290, 1.966, 14.924, 59.683, -0.096, 1.571, -12.450, 1.967, 0.290, 1.966, 14.927, 59.720, 0.096, 1.571, 12.450, 1.965
0.300, 2.121, 15.520, 59.682, -0.091, 1.571, -12.450, 2.122, 0.300, 2.121, 15.524, 59.721, 0.091, 1.571, 12.450, 2.120
0.310, 2.282, 16.117, 59.681, -0.086, 1.571, -12.450, 2.283, 0.310, 2.282, 16.122, 59.722, 0.086, 1.571, 12.450, 2.281
0.320, 2.449, 16.714, 59.681, -0.079, 1.571, -12.450, 2.450, 0.320, 2.449, 16.719, 59.722, 0.079, 1.571, 12.450, 2.448
0.330, 2.622, 17.311, 59.680, -0.072, 1.571, -12.450, 2.623, 0.330, 2.623, 17.316, 59.723, 0.072, 1.571, 12.450, 2.621
0.340, 2.801, 17.908, 59.679, -0.064, 1.571, -12.450, 2.802, 0.340, 2.802, 17.913, 59.724, 0.064, 1.571, 12.450, 2.801
0.350, 2.986, 18.504, 59.679, -0.055, 1.571, -12.450, 2.987, 0.350, 2.987, 18.511, 59.724, 0.055, 1.571, 12.450, 2.986
0.360, 3.177, 19.101, 59.678, -0.045, 1.571, -12.450, 3.178, 0.360, 3.178, 19.108, 59.725, 0.045, 1.571, 12.450, 3.177
0.370, 3.374, 19.698, 59.678, -0.034, 1.571, -12.450, 3.375, 0.370, 3.375, 19.705, 59.725, 0.034, 1.571, 12.450, 3.374
0.380, 3.577, 20.295, 59.678, -0.022, 1.571, -12.450, 3.578, 0.380, 3.578, 20.302, 59.725, 0.022, 1.571, 12.450, 3.577
0.390, 3.786, 20.891, 59.678, -0.009, 1.571, -12.450, 3.787, 0.390, 3.787, 20.900, 59.725, 0.009, 1.571, 12.450, 3.786
0.400, 4.001, 21.488, 59.678, 0.004, 1.571, -12.450, 4.002, 0.400, 4.002, 21.497, 59.725, -0.004, 1.571, 12.450, 4.001
0.410, 4.222, 22.085, 59.678, 0.018, 1.571, -12.450, 4.223, 0.410, 4.223, 22.094, 59.725, -0.018, 1.571, 12.450, 4.222
0.420, 4.449, 22.682, 59.678, 0.033, 1.571, -12.450, 4.450, 0.420, 4.450, 22.691, 59.725, -0.033, 1.571, 12.450, 4.449
0.430, 4.681, 23.279, 59.679, 0.049, 1.571, -12.450, 4.683, 0.430, 4.683, 23.289, 59.724, -0.049, 1.571, 12.450, 4.682
0.440, 4.920, 23.875, 59.679, 0.065, 1.571, -12.450, 4.921, 0.440, 4.922, 23.886, 59.724, -0.065, 1.571, 12.450, 4.920
0.450, 5.165, 24.472, 59.680, 0.082, 1.571, -12.450, 5.166, 0.450, 5.166, 24.483, 59.723, -0.082, 1.571, 12.450, 5.165
0.460, 5.416, 25.069, 59.681, 0.099, 1.571, -12.450, 5.417, 0.460, 5.417, 25.080, 59.722, -0.099, 1.571, 12.450, 5.416
0.470, 5.672, 25.666, 59.682, 0.117, 1.571, -12.450, 5.673, 0.470, 5.674, 25.677, 59.721, -0.117, 1.571, 12.450, 5.673
0.480, 5.935, 26.263, 59.684, 0.135, 1.571, -12.450, 5.936, 0.480, 5.937, 26.275, 59.719, -0.135, 1.571, 12.450, 5.936
0.490, 6.204, 26.859, 59.685, 0.154, 1.571, -12.450, 6.205, 0.490, 6.205, 26.872, 59.718, -0.154, 1.571, 12.450, 6.204
0.500, 6.478, 27.456, 59.687, 0.172, 1.571, -12.450, 6.479, 0.500, 6.480, 27.469, 59.716, -0.172, 1.571, 12.450, 6.479
0.510, 6.759, 28.053, 59.689, 0.191, 1.571, -12.450, 6.760, 0.510, 6.761, 28.066, 59.714, -0.191, 1.571, 12.450, 6.760
0.520, 7.045, 28.650, 59.691, 0.210, 1.571, -12.450, 7.046, 0.520, 7.047, 28.663, 59.712, -0.210, 1.571, 12.450, 7.046
0.530, 7.338, 29.247, 59.693, 0.229, 1.571, -12.450, 7.339, 0.530, 7.340, 29.260, 59.710, -0.229, 1.571, 12.450, 7.339
0.540, 7.636, 29.844, 59.696, 0.248, 1.571, -12.450, 7.637, 0.540, 7.639, 29.857, 59.707, -0.248, 1.571, 12.450, 7.637
0.550, 7.940, 30.441, 59.698, 0.266, 1.571, -12.450, 7.942, 0.550, 7.943, 30.455, 59.705, -0.266, 1.571, 12.450, 7.942
0.560, 8.251, 31.038, 59.701, 0.284, 1.571, -12.450, 8.252, 0.560, 8.254, 31.052, 59.702, -0.284, 1.571, 12.450, 8.252
0.570, 8.567, 31.635, 59.704, 0.301, 1.571, -12.450, 8.568, 0.570, 8.570, 31.649, 59.699, -0.301, 1.571, 12.450, 8.569
0.580, 8.889, 32.232, 59.707, 0.318, 1.571, -12.450, 8.891, 0.580, 8.893, 32.245, 59.696, -0.318, 1.571, 12.450, 8.891
0.590, 9.218, 32.829, 59.711, 0.334, 1.571, -12.450, 9.219, 0.590, 9.221, 32.842, 59.692, -0.334, 1.571, 12.450, 9.220
0.600, 9.552, 33.426, 59.714, 0.349, 1.571, -12.450, 9.553, 0.600, 9.555, 33.439, 59.689, -0.349, 1.571, 12.450, 9.554
0.610, 9.892, 34.024, 59.718, 0.362, 1.571, -12.450, 9.893, 0.610, 9.896, 34.036, 59.685, -0.362, 1.571, 12.450, 9.895
0.620, 10.238, 34.621, 59.721, 0.375, 1.571, -12.450, 10.240, 0.620, 10.242, 34.633, 59.682, -0.375, 1.571, 12.450, 10.241
0.630, 10.591, 35.218, 59.725, 0.386, 1.571, -12.450, 10.592, 0.630, 10.594, 35.230, 59.678, -0.386, 1.571, 12.450, 10.593
0.640, 10.949, 35.815, 59.729, 0.395, 1.571, -12.450, 10.950, 0.640, 10.953, 35.826, 59.674, -0.395, 1.571, 12.450, 10.951
0.650, 11.313, 36.413, 59.733, 0.402, 1.571, -12.450, 11.314, 0.650, 11.317, 36.423, 59.670, -0.402, 1.571, 12.450, 11.316
0.660, 11.683, 37.010, 59.737, 0.408, 1.571, -12.450, 11.684, 0.660, 11.687, 37.020, 59.666, -0.408, 1.571, 12.450, 11.686
0.670, 12.059, 37.607, 59.741, 0.411, 1.571, -12.450, 12.060, 0.670, 12.063, 37.616, 59.662, -0.411, 1.571, 12.450, 12.062
0.680, 12.441, 38.205, 59.746, 0.411, 1.571, -12.450, 12.442, 0.680, 12.445, 38.213, 59.657, -0.411, 1.571, 12.450, 12.444
0.690, 12.829, 38.802, 59.750, 0.409, 1.571, -12.450, 12.830, 0.690, 12.833, 38.810, 59.653, -0.409, 1.571, 12.450, 12.832
0.700, 13.223, 39.400, 59.754, 0.404, 1.571, -12.450, 13.224, 0.700, 13.228, 39.406, 59.649, -0.404, 1.571, 12.450, 13.226
0.710, 13.623, 39.998, 59.758, 0.396, 1.571, -12.450, 13.624, 0.710, 13.628, 40.002, 59.645, -0.396, 1.571, 12.450, 13.626
0.720, 14.029, 40.595, 59.762, 0.384, 1.571, -12.450, 14.030, 0.720, 14.034, 40.599, 59.641, -0.384, 1.571, 12.450, 14.032
0.730, 14.441, 41.193, 59.765, 0.368, 1.571, -12.450, 14.442, 0.730, 14.446, 41.195, 59.638, -0.368, 1.571, 12.450, 14.444
0.740, 14.859, 41.790, 59.769, 0.349, 1.571, -12.450, 14.860, 0.740, 14.863, 41.792, 59.634, -0.349, 1.571, 12.450, 14.862
0.750, 15.283, 42.388, 59.772, 0.325, 1.571, -12.450, 15.284, 0.750, 15.287, 42.388, 59.631, -0.325, 1.571, 12.450, 15.286
0.760, 15.713, 42.986, 59.775, 0.297, 1.571, -12.450, 15.714, 0.760, 15.717, 42.984, 59.628, -0.297, 1.571, 12.450, 15.716
0.770, 16.149, 43.584, 59.778, 0.264, 1.571, -12.450, 16.150, 0.770, 16.153, 43.580, 59.625, -0.264, 1.571, 12.450, 16.152
0.780, 16.590, 44.182, 59.780, 0.225, 1.571, -12.450, 16.592, 0.780, 16.595, 44.177, 59.623, -0.225, 1.571, 12.450, 16.594
0.790, 17.038, 44.779, 59.782, 0.182, 1.571, -12.450, 17.039, 0.790, 17.042, 44.773, 59.621, -0.182, 1.571, 12.450, 17.041
0.800, 17.492, 45.377, 59.783, 0.132, 1.571, -12.450, 17.493, 0.800, 17.496, 45.369, 59.620, -0.132, 1.571, 12.450, 17.495
0.810, 17.952, 45.975, 59.784, 0.076, 1.571, -12.450, 17.953, 0.810, 17.956, 45.965, 59.619, -0.076, 1.571, 12.450, 17.955
0.820, 18.417, 46.573, 59.784, 0.014, 1.571, -12.450, 18.419, 0.820, 18.421, 46.562, 59.619, -0.014, 1.571, 12.450, 18.420
0.830, 18.889, 47.171, 59.783, -0.056, 1.571, -12.450, 18.890, 0.830, 18.893, 47.158, 59.620, 0.056, 1.571, 12.450, 18.892
0.840, 19.367, 47.768, 59.782, -0.132, 1.571, -12.450, 19.368, 0.840, 19.371, 47.754, 59.621, 0.132, 1.571, 12.450, 19.369
0.850, 19.850, 48.366, 59.780, -0.216, 1.571, -12.450, 19.852, 0.850, 19.854, 48.350, 59.623, 0.216, 1.571, 12.450, 19.853
0.860, 20.340, 48.964, 59.777, -0.309, 1.571, -12.450, 20.341, 0.860, 20.344, 48.946, 59.626, 0.309, 1.571, 12.450, 20.342
0.870, 20.836, 49.562, 59.773, -0.409, 1.571, -12.450, 20.837, 0.870, 20.839, 49.543, 59.630, 0.409, 1.571, 12.450, 20.838
0.880, 21.337, 50.159, 59.767, -0.519, 1.571, -12.450, 21.338, 0.880, 21.340, 50.139, 59.636, 0.519, 1.571, 12.450, 21.339
0.890, 21.845, 50.757, 59.761, -0.638, 1.571, -12.450, 21.846, 0.890, 21.848, 50.735, 59.642, 0.638, 1.571, 12.450, 21.846
0.900, 22.358, 51.355, 59.753, -0.767, 1.571, -12.450, 22.360, 0.900, 22.361, 51.332, 59.650, 0.767, 1.571, 12.450, 22.360
0.910, 22.878, 51.952, 59.744, -0.906, 1.571, -12.450, 22.879, 0.910, 22.880, 51.929, 59.659, 0.906, 1.571, 12.450, 22.879
0.920, 23.403, 52.549, 59.734, -1.055, 1.571, -12.450, 23.405, 0.920, 23.406, 52.525, 59.669, 1.055, 1.571, 12.450, 23.404
0.930, 23.935, 53.147, 59.722, -1.216, 1.571, -12.450, 23.936, 0.930, 23.937, 53.122, 59.681, 1.216, 1.571, 12.450, 23.936
0.940, 24.472, 53.744, 59.708, -1.389, 1.571, -12.450, 24.474, 0.940, 24.474, 53.719, 59.695, 1.389, 1.571, 12.450, 24.473
0.950, 25.016, 54.341, 59.692, -1.573, 1.571, -12.450, 25.017, 0.950, 25.017, 54.316, 59.711, 1.573, 1.571, 12.450, 25.016
0.960, 25.565, 54.937, 59.674, -1.771, 1.571, -12.450, 25.566, 0.960, 25.566, 54.913, 59.729, 1.771, 1.571, 12.450, 25.565
0.970, 26.120, 55.534, 59.654, -1.981, 1.571, -12.450, 26.122, 0.970, 26.121, 55.511, 59.749, 1.981, 1.571, 12.450, 26.120
0.980, 26.682, 56.130, 59.632, -2.206, 1.571, -12.450, 26.683, 0.980, 26.682, 56.109, 59.771, 2.206, 1.571, 12.450, 26.681
0.990, 27.249, 56.726, 59.608, -2.444, 1.571, -12.450, 27.250, 0.990, 27.250, 56.707, 59.795, 2.444, 1.571, 12.450, 27.248
1.000, 27.822, 57.322, 59.581, -2.698, 1.571, -12.450, 27.823, 1.000, 27.823, 57.305, 59.822, 2.698, 1.571, 12.450, 27.821
1.010, 28.401, 57.918, 59.551, -2.967, 1.571, -12.450, 28.403, 1.010, 28.402, 57.903, 59.852, 2.967, 1.571, 12.450, 28.400
1.020, 28.987, 58.513, 59.519, -3.252, 1.571, -12.450, 28.988, 1.020, 28.987, 58.502, 59.884, 3.252, 1.571, 12.450, 28.985
1.030, 29.578, 59.108, 59.483, -3.554, 1.571, -12.450, 29.579, 1.030, 29.578, 59.101, 59.920, 3.554, 1.571, 12.450, 29.576
1.040, 30.175, 59.706, 59.821, 33.783, 1.571, -12.450, 30.176, 1.040, 30.175, 59.697, 59.582, -33.783, 1.571, 12.450, 30.173
1.050, 30.778, 60.367, 66.098, 627.721, 1.571, -12.450, 30.780, 1.050, 30.777, 60.230, 53.305, -627.721, 1.571, 12.450, 30.776
1.060, 31.389, 61.051, 68.468, 236.977, 1.571, -12.450, 31.390, 1.060, 31.384, 60.740, 50.935, -236.978, 1.571, 12.450, 31.383
1.070, 32.006, 61.738, 68.638, 17.031, 1.570, -12.450, 32.007, 1.070, 31.997, 61.247, 50.765, -17.032, 1.570, 12.450, 31.996
1.080, 32.630, 62.426, 68.819, 18.037, 1.570, -12.449, 32.632, 1.080, 32.614, 61.753, 50.584, -18.035, 1.570, 12.451, 32.613
1.090, 33.262, 63.116, 69.010, 19.106, 1.570, -12.449, 33.263, 1.090, 33.237, 62.257, 50.393, -19.109, 1.570, 12.451, 33.236
1.100, 33.900, 63.808, 69.212, 20.252, 1.569, -12.448, 33.901, 1.100, 33.864, 62.759, 50.191, -20.250, 1.569, 12.452, 33.863
1.110, 34.545, 64.503, 69.427, 21.469, 1.569, -12.447, 34.546, 1.110, 34.497, 63.259, 49.976, -21.474, 1.569, 12.453, 34.496
1.120, 35.197, 65.199, 69.655, 22.777, 1.568, -12.445, 35.198, 1.120, 35.135, 63.756, 49.748, -22.772, 1.568, 12.455, 35.133
1.130, 35.856, 65.898, 69.896, 24.163, 1.568, -12.443, 35.857, 1.130, 35.777, 64.251, 49.507, -24.168, 1.568, 12.457, 35.776
1.140, 36.522, 66.600, 70.153, 25.653, 1.567, -12.441, 36.523, 1.140, 36.425, 64.744, 49.250, -25.649, 1.567, 12.459, 36.423
1.150, 37.195, 67.304, 70.425, 27.233, 1.566, -12.438, 37.196, 1.150, 37.077, 65.233, 48.978, -27.243, 1.566, 12.462, 37.076
1.160, 37.875, 68.011, 70.715, 28.940, 1.565, -12.434, 37.876, 1.160, 37.734, 65.720, 48.688, -28.931, 1.565, 12.465, 37.733
1.170, 38.562, 68.721, 71.022, 30.746, 1.564, -12.430, 38.563, 1.170, 38.396, 66.204, 48.381, -30.753, 1.564, 12.469, 38.395
1.180, 39.256, 69.435, 71.349, 32.690, 1.563, -12.425, 39.258, 1.180, 39.063, 66.685, 48.054, -32.693, 1.563, 12.474, 39.062
1.190, 39.958, 70.152, 71.697, 34.770, 1.562, -12.419, 39.959, 1.190, 39.735, 67.162, 47.706, -34.773, 1.562, 12.480, 39.733
1.200, 40.667, 70.872, 72.067, 37.004, 1.560, -12.412, 40.668, 1.200, 40.411, 67.635, 47.336, -36.997, 1.560, 12.487, 40.410
1.210, 41.383, 71.597, 72.461, 39.385, 1.559, -12.404, 41.384, 1.210, 41.092, 68.105, 46.942, -39.397, 1.559, 12.494, 41.091
1.220, 42.106, 72.326, 72.880, 41.962, 1.558, -12.395, 42.107, 1.220, 41.778, 68.570, 46.523, -41.955, 1.558, 12.503, 41.776
1.230, 42.836, 73.059, 73.327, 44.710, 1.556, -12.385, 42.837, 1.230, 42.468, 69.031, 46.075, -44.721, 1.556, 12.512, 42.467
1.240, 43.574, 73.797, 73.804, 47.686, 1.554, -12.373, 43.575, 1.240, 43.163, 69.486, 45.599, -47.679, 1.554, 12.523, 43.161
1.250, 44.320, 74.540, 74.313, 50.871, 1.552, -12.360, 44.321, 1.250, 43.862, 69.937, 45.090, -50.881, 1.552, 12.536, 43.861
1.260, 45.073, 75.289, 74.856, 54.314, 1.550, -12.345, 45.073, 1.260, 44.566, 70.383, 44.547, -54.320, 1.550, 12.549, 44.564
1.270, 45.833, 76.043, 75.436, 58.037, 1.548, -12.329, 45.834, 1.270, 45.274, 70.823, 43.966, -58.023, 1.548, 12.565, 45.272
1.280, 46.601, 76.804, 76.057, 62.029, 1.546, -12.311, 46.601, 1.280, 45.987, 71.256, 43.346, -62.048, 1.546, 12.581, 45.985
1.290, 47.377, 77.571, 76.720, 66.373, 1.544, -12.291, 47.377, 1.290, 46.704, 71.683, 42.682, -66.374, 1.544, 12.600, 46.701
1.300, 48.160, 78.345, 77.431, 71.063, 1.541, -12.269, 48.160, 1.300, 47.425, 72.103, 41.971, -71.068, 1.541, 12.620, 47.422
1.310, 48.952, 79.127, 78.193, 76.149, 1.538, -12.244, 48.951, 1.310, 48.150, 72.515, 41.210, -76.152, 1.538, 12.643, 48.147
1.320, 49.751, 79.917, 79.009, 81.668, 1.536, -12.217, 49.750, 1.320, 48.879, 72.919, 40.393, -81.669, 1.536, 12.667, 48.876
1.330, 50.558, 80.716, 79.886, 87.657, 1.533, -12.188, 50.556, 1.330, 49.612, 73.314, 39.517, -87.667, 1.533, 12.694, 49.608
1.340, 51.373, 81.493, 77.688, -219.742, 1.530, -12.155, 51.370, 1.340, 50.349, 73.671, 35.744, -377.291, 1.530, 12.723, 50.344
1.350, 52.195, 82.217, 72.386, -530.266, 1.526, -12.120, 52.192, 1.350, 51.088, 73.962, 29.106, -663.763, 1.526, 12.755, 51.083
1.360, 53.024, 82.888, 67.097, -528.904, 1.523, -12.082, 53.020, 1.360, 51.830, 74.187, 22.455, -665.125, 1.523, 12.789, 51.824
1.370, 53.859, 83.506, 61.822, -527.512, 1.519, -12.040, 53.854, 1.370, 52.574, 74.345, 15.789, -666.527, 1.519, 12.827, 52.567
1.380, 54.700, 84.072, 56.561, -526.105, 1.515, -11.995, 54.693, 1.380, 53.318, 74.436, 9.110, -667.944, 1.515, 12.866, 53.310
1.390, 55.546, 84.585, 51.314, -524.688, 1.511, -11.946, 55.538, 1.390, 54.063, 74.460, 2.417, -669.338, 1.511, 12.909, 54.054
1.400, 56.396, 85.046, 46.080, -523.330, 1.507, -11.894, 56.387, 1.400, 54.807, 74.417, -4.291, -670.722, 1.507, 12.955, 54.796
1.410, 57.251, 85.454, 40.860, -522.005, 1.502, -11.837, 57.239, 1.410, 55.550, 74.307, -11.011, -672.015, 1.502, 13.004, 55.538
1.420, 58.109, 85.811, 35.652, -520.808, 1.498, -11.777, 58.095, 1.420, 56.291, 74.129, -17.743, -673.236, 1.498, 13.057, 56.277
1.430, 58.970, 86.115, 30.455, -519.743, 1.493, -11.712, 58.954, 1.430, 57.030, 73.885, -24.486, -674.309, 1.493, 13.112, 57.014
1.440, 59.834, 86.400, 28.496, -195.906, 1.488, -11.642, 59.815, 1.440, 57.766, 73.600, -28.497, -401.101, 1.488, 13.172, 57.748
1.450, 60.701, 86.698, 29.829, 133.344, 1.482, -11.568, 60.679, 1.450, 58.499, 73.301, -29.831, -133.379, 1.482, 13.234, 58.478
1.460, 61.571, 87.011, 31.265, 143.577, 1.477, -11.489, 61.546, 1.460, 59.229, 72.989, -31.267, -143.575, 1.477, 13.301, 59.205
1.470, 62.444, 87.339, 32.811, 154.609, 1.471, -11.404, 62.415, 1.470, 59.956, 72.661, -32.813, -154.621, 1.471, 13.371, 59.928
1.480, 63.321, 87.684, 34.476, 166.537, 1.465, -11.314, 63.287, 1.480, 60.679, 72.316, -34.479, -166.584, 1.465, 13.446, 60.647
1.490, 64.202, 88.047, 36.271, 179.499, 1.458, -11.218, 64.162, 1.490, 61.398, 71.953, -36.274, -179.506, 1.458, 13.524, 61.362
1.500, 65.086, 88.429, 38.207, 193.517, 1.451, -11.115, 65.041, 1.500, 62.114, 71.571, -38.209, -193.544, 1.451, 13.607, 62.073
1.510, 65.974, 88.832, 40.294, 208.734, 1.444, -11.006, 65.922, 1.510, 62.826, 71.168, -40.297, -208.765, 1.444, 13.695, 62.780
1.520, 66.867, 89.257, 42.546, 225.251, 1.437, -10.890, 66.807, 1.520, 63.533, 70.742, -42.550, -225.288, 1.437, 13.786, 63.481
1.530, 67.764, 89.707, 44.978, 243.198, 1.429, -10.767, 67.696, 1.530, 64.236, 70.293, -44.982, -243.223, 1.429, 13.883, 64.177
1.540, 68.666, 90.183, 47.605, 262.683, 1.421, -10.636, 68.588, 1.540, 64.934, 69.817, -47.609, -262.711, 1.421, 13.985, 64.868
1.550, 69.573, 90.687, 50.443, 283.820, 1.412, -10.497, 69.484, 1.550, 65.627, 69.312, -50.448, -283.903, 1.412, 14.091, 65.553
1.560, 70.485, 91.223, 53.512, 306.848, 1.403, -10.349, 70.384, 1.560, 66.315, 68.777, -53.517, -306.863, 1.403, 14.203, 66.232
1.570, 71.403, 91.791, 56.830, 331.768, 1.394, -10.191, 71.289, 1.570, 66.997, 68.209, -56.835, -331.847, 1.394, 14.319, 66.904
1.580, 72.327, 92.395, 60.418, 358.845, 1.384, -10.024, 72.197, 1.580, 67.673, 67.604, -60.424, -358.910, 1.384, 14.442, 67.568
1.590, 73.257, 93.038, 64.300, 388.170, 1.373, -9.846, 73.110, 1.590, 68.343, 66.961, -64.307, -388.233, 1.373, 14.570, 68.226
1.600, 74.194, 93.723, 68.498, 419.854, 1.362, -9.658, 74.028, 1.600, 69.006, 66.276, -68.506, -419.964, 1.362, 14.703, 68.875
1.610, 75.139, 94.453, 73.039, 454.099, 1.351, -9.457, 74.951, 1.610, 69.661, 65.546, -73.048, -454.157, 1.351, 14.843, 69.515
1.620, 76.091, 95.233, 77.948, 490.845, 1.338, -9.243, 75.879, 1.620, 70.309, 64.766, -77.958, -490.995, 1.338, 14.988, 70.147
1.630, 77.052, 96.065, 83.251, 530.302, 1.326, -9.016, 76.813, 1.630, 70.948, 63.933, -83.262, -530.391, 1.326, 15.139, 70.768
1.640, 78.021, 96.955, 88.973, 572.260, 1.312, -8.774, 77.752, 1.640, 71.579, 63.044, -88.986, -572.432, 1.312, 15.296, 71.378
1.650, 79.000, 97.907, 95.141, 616.731, 1.298, -8.517, 78.696, 1.650, 72.199, 62.092, -95.155, -616.880, 1.298, 15.459, 71.977
1.660, 79.990, 98.924, 101.774, 663.342, 1.282, -8.243, 79.647, 1.660, 72.810, 61.074, -101.790, -663.528, 1.282, 15.629, 72.564
1.670, 80.990, 100.013, 108.891, 711.668, 1.266, -7.951, 80.603, 1.670, 73.410, 59.985, -108.909, -711.884, 1.266, 15.804, 73.138
1.680, 82.002, 101.178, 116.501, 760.982, 1.249, -7.639, 81.566, 1.680, 73.998, 58.820, -116.521, -761.232, 1.249, 15.985, 73.698
1.690, 83.026, 102.424, 124.603, 810.262, 1.231, -7.307, 82.535, 1.690, 74.574, 57.574, -124.626, -810.501, 1.231, 16.172, 74.242
1.700, 84.063, 103.756, 133.182, 857.916, 1.212, -6.952, 83.510, 1.700, 75.136, 56.242, -133.209, -858.261, 1.212, 16.364, 74.771
1.710, 85.115, 105.178, 142.203, 902.054, 1.192, -6.573, 84.491, 1.710, 75.685, 54.819, -142.233, -902.387, 1.192, 16.561, 75.282
1.720, 86.182, 106.694, 151.601, 939.829, 1.171, -6.168, 85.478, 1.720, 76.218, 53.303, -151.635, -940.215, 1.171, 16.764, 75.775
1.730, 87.265, 108.307, 161.278, 967.723, 1.148, -5.735, 86.471, 1.730, 76.735, 51.690, -161.316, -968.150, 1.148, 16.970, 76.249
1.740, 88.365, 110.018, 171.090, 981.153, 1.124, -5.271, 87.468, 1.740, 77.234, 49.978, -171.133, -981.652, 1.124, 17.181, 76.702
1.750, 89.484, 111.826, 180.835, 974.512, 1.098, -4.775, 88.471, 1.750, 77.716, 48.170, -180.883, -975.015, 1.098, 17.395, 77.134
1.760, 90.621, 113.729, 190.244, 940.851, 1.071, -4.243, 89.476, 1.760, 78.179, 46.267, -190.297, -941.405, 1.071, 17.611, 77.543
1.770, 91.778, 115.718, 198.965, 872.179, 1.042, -3.674, 90.484, 1.770, 78.621, 44.276, -199.025, -872.767, 1.042, 17.829, 77.929
1.780, 92.956, 117.784, 206.561, 759.520, 1.012, -3.065, 91.492, 1.780, 79.044, 42.210, -206.626, -760.100, 1.012, 18.047, 78.290
1.790, 94.155, 119.909, 212.494, 593.373, 0.980, -2.413, 92.498, 1.790, 79.444, 40.084, -212.565, -593.938, 0.980, 18.265, 78.626
1.800, 95.376, 122.070, 216.140, 364.615, 0.946, -1.716, 93.500, 1.800, 79.824, 37.922, -216.217, -365.152, 0.946, 18.481, 78.938
1.810, 96.618, 124.238, 216.798, 65.803, 0.911, -0.972, 94.495, 1.810, 80.181, 35.753, -216.879, -66.230, 0.911, 18.695, 79.224
1.820, 97.882, 126.375, 213.726, -307.220, 0.873, -0.179, 95.479, 1.820, 80.517, 33.615, -213.810, 306.950, 0.873, 18.906, 79.486
1.830, 99.166, 128.437, 206.195, -753.131, 0.834, 0.665, 96.447, 1.830, 80.833, 31.553, -206.279, 753.048, 0.834, 19.113, 79.724
1.840, 100.470, 130.373, 193.566, -1262.917, 0.794, 1.560, 97.395, 1.840, 81.129, 29.616, -193.648, 1263.089, 0.794, 19.317, 79.939
1.850, 101.791, 132.127, 175.384, -1818.150, 0.752, 2.506, 98.318, 1.850, 81.408, 27.861, -175.462, 1818.644, 0.752, 19.516, 80.134
1.860, 103.128, 133.642, 151.482, -2390.265, 0.709, 3.501, 99.210, 1.860, 81.671, 26.346, -151.551, 2391.118, 0.709, 19.712, 80.310
1.870, 104.476, 134.862, 122.066, -2941.607, 0.665, 4.544, 100.065, 1.870, 81.922, 25.125, -122.123, 2942.792, 0.665, 19.906, 80.469
1.880, 105.834, 135.740, 87.780, -3428.592, 0.620, 5.631, 100.878, 1.880, 82.165, 24.247, -87.821, 3430.119, 0.620, 20.101, 80.614
1.890, 107.196, 136.237, 49.706, -3807.338, 0.575, 6.757, 101.645, 1.890, 82.402, 23.749, -49.730, 3809.122, 0.575, 20.297, 80.748
1.900, 108.559, 136.330, 9.304, -4040.264, 0.530, 7.918, 102.360, 1.900, 82.639, 23.656, -9.308, 4042.211, 0.530, 20.498, 80.872
1.910, 109.919, 136.013, -31.724, -4102.792, 0.485, 9.106, 103.021, 1.910, 82.879, 23.974, 31.740, 4104.777, 0.485, 20.708, 80.988
1.920, 111.272, 135.297, -71.604, -3987.987, 0.440, 10.317, 103.624, 1.920, 83.125, 24.690, 71.639, 3989.887, 0.440, 20.929, 81.099
1.930, 112.615, 134.210, -108.684, -3707.971, 0.397, 11.544, 104.169, 1.930, 83.383, 25.777, 108.735, 3709.664, 0.397, 21.164, 81.203
1.940, 113.942, 132.794, -141.599, -3291.530, 0.354, 12.779, 104.656, 1.940, 83.655, 27.194, 141.664, 3292.930, 0.354, 21.417, 81.303
1.950, 115.253, 131.100, -169.387, -2778.775, 0.313, 14.018, 105.086, 1.950, 83.944, 28.889, 169.463, 2779.830, 0.313, 21.690, 81.397
1.960, 116.545, 129.185, -191.530, -2214.301, 0.274, 15.254, 105.459, 1.960, 84.252, 30.805, 191.613, 2214.989, 0.274, 21.985, 81.486
1.970, 117.816, 127.106, -207.936, -1640.610, 0.236, 16.484, 105.780, 1.970, 84.581, 32.885, 208.022, 1640.960, 0.236, 22.304, 81.569
1.980, 119.066, 124.917, -218.869, -1093.245, 0.200, 17.704, 106.050, 1.980, 84.932, 35.074, 218.955, 1093.293, 0.200, 22.646, 81.645
1.990, 120.292, 122.668, -224.849, -598.081, 0.166, 18.910, 106.272, 1.990, 85.305, 37.324, 224.934, 597.886, 0.166, 23.013, 81.713
2.000, 121.496, 120.403, -226.558, -170.842, 0.133, 20.101, 106.451, 2.000, 85.701, 39.590, 226.639, 170.472, 0.133, 23.405, 81.771
2.010, 122.678, 118.155, -224.740, 181.792, 0.102, 21.274, 106.590, 2.010, 86.119, 41.838, 224.816, -182.298, 0.102, 23.820, 81.820
2.020, 123.837, 115.954, -220.137, 460.287, 0.074, 22.430, 106.692, 2.020, 86.560, 44.040, 220.207, -460.869, 0.074, 24.259, 81.859
2.030, 124.976, 113.820, -213.437, 669.977, 0.046, 23.566, 106.760, 2.030, 87.021, 46.175, 213.501, -670.583, 0.046, 24.720, 81.886
2.040, 126.093, 111.767, -205.247, 819.033, 0.021, 24.683, 106.797, 2.040, 87.504, 48.228, 205.305, -819.651, 0.021, 25.202, 81.903
2.050, 127.191, 109.806, -196.078, 916.900, 6.280, 25.781, 106.807, 2.050, 88.006, 50.190, 196.130, -917.502, 6.280, 25.704, 81.907
2.060, 128.271, 107.943, -186.347, 973.085, 6.258, 26.860, 106.791, 2.060, 88.526, 52.054, 186.393, -973.643, 6.258, 26.224, 81.899
2.070, 129.332, 106.179, -176.383, 996.408, 6.237, 27.921, 106.753, 2.070, 89.064, 53.818, 176.424, -996.936, 6.237, 26.762, 81.880
2.080, 130.378, 104.515, -166.436, 994.692, 6.217, 28.965, 106.694, 2.080, 89.619, 55.483, 166.472, -995.168, 6.217, 27.316, 81.848
2.090, 131.407, 102.948, -156.691, 974.512, 6.198, 29.991, 106.616, 2.090, 90.190, 57.050, 156.723, -974.940, 6.198, 27.885, 81.805
2.100, 132.422, 101.475, -147.278, 941.268, 6.181, 31.002, 106.521, 2.100, 90.775, 58.523, 147.306, -941.650, 6.181, 28.467, 81.751
2.110, 133.423, 100.092, -138.286, 899.253, 6.165, 31.996, 106.412, 2.110, 91.374, 59.906, 138.310, -899.601, 6.165, 29.063, 81.685
2.120, 134.411, 98.795, -129.767, 851.824, 6.150, 32.977, 106.288, 2.120, 91.986, 61.204, 129.789, -852.127, 6.150, 29.670, 81.608
2.130, 135.387, 97.577, -121.752, 801.510, 6.136, 33.943, 106.151, 2.130, 92.610, 62.422, 121.771, -801.769, 6.136, 30.288, 81.521
2.140, 136.351, 96.435, -114.251, 750.182, 6.123, 34.896, 106.003, 2.140, 93.246, 63.564, 114.267, -750.416, 6.123, 30.916, 81.423
2.150, 137.304, 95.362, -107.258, 699.213, 6.110, 35.836, 105.845, 2.150, 93.892, 64.637, 107.273, -699.421, 6.110, 31.554, 81.316
2.160, 138.248, 94.354, -100.763, 649.557, 6.099, 36.765, 105.677, 2.160, 94.549, 65.645, 100.776, -649.733, 6.099, 32.200, 81.199
2.170, 139.182, 93.407, -94.744, 601.840, 6.088, 37.682, 105.501, 2.170, 95.214, 66.592, 94.756, -602.000, 6.088, 32.854, 81.074
2.180, 140.107, 92.515, -89.180, 556.479, 6.078, 38.589, 105.317, 2.180, 95.889, 67.484, 89.190, -556.612, 6.078, 33.515, 80.940
2.190, 141.024, 91.675, -84.043, 513.687, 6.069, 39.485, 105.126, 2.190, 96.573, 68.325, 84.052, -513.804, 6.069, 34.183, 80.797
2.200, 141.933, 90.882, -79.307, 473.561, 6.060, 40.372, 104.929, 2.200, 97.264, 69.118, 79.315, -473.676, 6.060, 34.858, 80.647
2.210, 142.834, 90.132, -74.946, 436.132, 6.052, 41.250, 104.725, 2.210, 97.962, 69.867, 74.953, -436.216, 6.052, 35.539, 80.489
2.220, 143.728, 89.423, -70.933, 401.311, 6.044, 42.120, 104.517, 2.220, 98.668, 70.577, 70.939, -401.391, 6.044, 36.225, 80.325
2.230, 144.616, 88.750, -67.243, 369.017, 6.037, 42.982, 104.304, 2.230, 99.381, 71.249, 67.248, -369.089, 6.037, 36.917, 80.154
2.240, 145.497, 88.112, -63.851, 339.123, 6.031, 43.835, 104.086, 2.240, 100.100, 71.888, 63.856, -339.184, 6.031, 37.613, 79.976
2.250, 146.372, 87.504, -60.737, 311.479, 6.025, 44.682, 103.865, 2.250, 100.825, 72.495, 60.741, -311.541, 6.025, 38.315, 79.793
2.260, 147.241, 86.926, -57.877, 285.956, 6.019, 45.522, 103.640, 2.260, 101.555, 73.074, 57.881, -285.996, 6.019, 39.021, 79.604
2.270, 148.105, 86.373, -55.253, 262.376, 6.014, 46.355, 103.413, 2.270, 102.292, 73.627, 55.256, -262.423, 6.014, 39.731, 79.410
2.280, 148.963, 85.845, -52.847, 240.615, 6.009, 47.182, 103.182, 2.280, 103.033, 74.155, 52.850, -240.654, 6.009, 40.445, 79.211
2.290, 149.817, 85.338, -50.642, 220.525, 6.005, 48.003, 102.950, 2.290, 103.780, 74.662, 50.644, -220.554, 6.005, 41.163, 79.008
2.300, 150.665, 84.852, -48.622, 201.959, 6.001, 48.818, 102.715, 2.300, 104.531, 75.148, 48.624, -201.998, 6.001, 41.886, 78.800
2.310, 151.509, 84.384, -46.774, 184.818, 5.998, 49.628, 102.479, 2.310, 105.287, 75.616, 46.776, -184.837, 5.998, 42.611, 78.588
2.320, 152.349, 83.933, -45.085, 168.954, 5.994, 50.433, 102.241, 2.320, 106.048, 76.066, 45.086, -168.982, 5.994, 43.341, 78.372
2.330, 153.184, 83.498, -43.542, 154.282, 5.992, 51.233, 102.002, 2.330, 106.813, 76.502, 43.543, -154.301, 5.992, 44.074, 78.153
2.340, 154.014, 83.077, -42.135, 140.686, 5.989, 52.029, 101.762, 2.340, 107.582, 76.923, 42.136, -140.712, 5.989, 44.810, 77.931
2.350, 154.841, 82.668, -40.854, 128.093, 5.987, 52.820, 101.522, 2.350, 108.356, 77.332, 40.855, -128.106, 5.987, 45.550, 77.706
2.360, 155.664, 82.271, -39.690, 116.401, 5.985, 53.606, 101.281, 2.360, 109.133, 77.729, 39.691, -116.418, 5.985, 46.294, 77.479
2.370, 156.483, 81.885, -38.634, 105.547, 5.984, 54.389, 101.040, 2.370, 109.914, 78.115, 38.635, -105.563, 5.984, 47.040, 77.249
2.380, 157.298, 81.508, -37.680, 95.463, 5.982, 55.168, 100.798, 2.380, 110.699, 78.492, 37.680, -95.476, 5.982, 47.790, 77.017
2.390, 158.109, 81.140, -36.819, 86.084, 5.981, 55.942, 100.558, 2.390, 111.488, 78.860, 36.819, -86.098, 5.981, 48.543, 76.783
2.400, 158.917, 80.779, -36.045, 77.362, 5.981, 56.714, 100.317, 2.400, 112.280, 79.221, 36.046, -77.373, 5.981, 49.299, 76.547
2.410, 159.721, 80.426, -35.353, 69.245, 5.980, 57.481, 100.078, 2.410, 113.075, 79.574, 35.353, -69.258, 5.980, 50.059, 76.310
2.420, 160.522, 80.079, -34.736, 61.696, 5.980, 58.246, 99.839, 2.420, 113.875, 79.921, 34.736, -61.706, 5.980, 50.822, 76.071
2.430, 161.319, 79.737, -34.189, 54.676, 5.981, 59.007, 99.601, 2.430, 114.677, 80.263, 34.189, -54.687, 5.981, 51.588, 75.832
2.440, 162.113, 79.400, -33.708, 48.157, 5.981, 59.765, 99.365, 2.440, 115.483, 80.600, 33.707, -48.167, 5.981, 52.357, 75.592
2.450, 162.904, 79.067, -33.286, 42.114, 5.982, 60.520, 99.130, 2.450, 116.293, 80.933, 33.286, -42.123, 5.982, 53.130, 75.352
2.460, 163.691, 78.738, -32.921, 36.526, 5.983, 61.272, 98.897, 2.460, 117.105, 81.262, 32.921, -36.535, 5.983, 53.906, 75.111
2.470, 164.475, 78.411, -32.607, 31.380, 5.984, 62.021, 98.665, 2.470, 117.921, 81.589, 32.607, -31.389, 5.984, 54.686, 74.870
2.480, 165.256, 78.088, -32.341, 26.664, 5.986, 62.767, 98.436, 2.480, 118.740, 81.912, 32.340, -26.673, 5.986, 55.469, 74.629
2.490, 166.034, 77.767, -32.117, 22.374, 5.987, 63.511, 98.208, 2.490, 119.563, 82.233, 32.116, -22.384, 5.987, 56.255, 74.389
2.500, 166.808, 77.448, -31.932, 18.514, 5.990, 64.252, 97.983, 2.500, 120.388, 82.552, 31.931, -18.519, 5.990, 57.045, 74.149
2.510, 167.580, 77.130, -31.781, 15.079, 5.992, 64.991, 97.761, 2.510, 121.217, 82.870, 31.780, -15.092, 5.992, 57.839, 73.910
2.520, 168.348, 76.813, -31.660, 12.093, 5.994, 65.727, 97.541, 2.520, 122.049, 83.187, 31.659, -12.096, 5.994, 58.636, 73.672
2.530, 169.113, 76.498, -31.565, 9.555, 5.997, 66.460, 97.325, 2.530, 122.884, 83.502, 31.564, -9.568, 5.997, 59.436, 73.436
2.540, 169.875, 76.183, -31.490, 7.502, 6.000, 67.192, 97.111, 2.540, 123.722, 83.817, 31.489, -7.509, 6.000, 60.241, 73.200
2.550, 170.633, 75.868, -31.430, 5.949, 6.004, 67.920, 96.900, 2.550, 124.563, 84.132, 31.429, -5.957, 6.004, 61.049, 72.967
2.560, 171.389, 75.555, -31.381, 4.931, 6.007, 68.647, 96.693, 2.560, 125.408, 84.445, 31.380, -4.942, 6.007, 61.861, 72.735
2.570, 172.141, 75.241, -31.336, 4.491, 6.011, 69.371, 96.489, 2.570, 126.255, 84.759, 31.335, -4.495, 6.011, 62.677, 72.506
2.580, 172.891, 74.928, -31.289, 4.660, 6.015, 70.093, 96.289, 2.580, 127.106, 85.072, 31.288, -4.675, 6.015, 63.497, 72.279
2.590, 173.637, 74.616, -31.234, 5.507, 6.019, 70.813, 96.093, 2.590, 127.960, 85.384, 31.233, -5.511, 6.019, 64.321, 72.054
2.600, 174.380, 74.304, -31.163, 7.071, 6.024, 71.531, 95.901, 2.600, 128.817, 85.696, 31.162, -7.080, 6.024, 65.149, 71.833
2.610, 175.120, 73.994, -31.069, 9.425, 6.029, 72.247, 95.713, 2.610, 129.677, 86.006, 31.068, -9.433, 6.029, 65.981, 71.614
2.620, 175.857, 73.684, -30.943, 12.636, 6.034, 72.960, 95.529, 2.620, 130.540, 86.316, 30.941, -12.643, 6.034, 66.816, 71.399
2.630, 176.590, 73.376, -30.775, 16.778, 6.039, 73.672, 95.350, 2.630, 131.406, 86.623, 30.773, -16.788, 6.039, 67.657, 71.188
2.640, 177.321, 73.071, -30.556, 21.940, 6.045, 74.381, 95.176, 2.640, 132.276, 86.929, 30.554, -21.941, 6.045, 68.501, 70.980
2.650, 178.049, 72.768, -30.274, 28.198, 6.051, 75.089, 95.006, 2.650, 133.148, 87.232, 30.272, -28.203, 6.051, 69.349, 70.777
2.660, 178.773, 72.469, -29.917, 35.648, 6.057, 75.795, 94.841, 2.660, 134.023, 87.531, 29.915, -35.662, 6.057, 70.201, 70.577
2.670, 179.495, 72.174, -29.473, 44.401, 6.063, 76.498, 94.681, 2.670, 134.901, 87.826, 29.471, -44.395, 6.063, 71.058, 70.383
2.680, 180.214, 71.885, -28.928, 54.527, 6.069, 77.200, 94.526, 2.680, 135.783, 88.115, 28.926, -54.537, 6.069, 71.918, 70.193
2.690, 180.930, 71.602, -28.266, 66.152, 6.076, 77.901, 94.377, 2.690, 136.667, 88.397, 28.264, -66.153, 6.076, 72.783, 70.008
2.700, 181.643, 71.328, -27.473, 79.361, 6.083, 78.599, 94.232, 2.700, 137.553, 88.672, 27.471, -79.361, 6.083, 73.651, 69.829
2.710, 182.354, 71.062, -26.530, 94.252, 6.090, 79.296, 94.094, 2.710, 138.443, 88.937, 26.528, -94.251, 6.090, 74.523, 69.655
2.720, 183.062, 70.808, -25.421, 110.913, 6.098, 79.992, 93.961, 2.720, 139.335, 89.192, 25.419, -110.913, 6.098, 75.399, 69.488
2.730, 183.768, 70.567, -24.127, 129.430, 6.105, 80.686, 93.833, 2.730, 140.229, 89.433, 24.125, -129.415, 6.105, 76.279, 69.326
2.740, 184.471, 70.340, -22.628, 149.847, 6.113, 81.378, 93.711, 2.740, 141.125, 89.659, 22.627, -149.849, 6.113, 77.162, 69.171
2.750, 185.172, 70.131, -20.906, 172.238, 6.121, 82.070, 93.595, 2.750, 142.024, 89.868, 20.904, -172.226, 6.121, 78.048, 69.022
2.760, 185.872, 69.942, -18.940, 196.609, 6.129, 82.761, 93.485, 2.760, 142.925, 90.058, 18.938, -196.593, 6.129, 78.938, 68.880
2.770, 186.570, 69.775, -16.710, 222.956, 6.137, 83.451, 93.381, 2.770, 143.827, 90.225, 16.709, -222.942, 6.137, 79.830, 68.745
2.780, 187.266, 69.633, -14.198, 251.248, 6.146, 84.140, 93.282, 2.780, 144.731, 90.367, 14.197, -251.227, 6.146, 80.724, 68.618
2.790, 187.961, 69.519, -11.384, 281.401, 6.154, 84.829, 93.190, 2.790, 145.635, 90.480, 11.383, -281.377, 6.154, 81.621, 68.497
2.800, 188.655, 69.437, -8.251, 313.296, 6.162, 85.518, 93.103, 2.800, 146.541, 90.563, 8.250, -313.269, 6.162, 82.520, 68.384
2.810, 189.349, 69.389, -4.783, 346.762, 6.171, 86.207, 93.023, 2.810, 147.447, 90.611, 4.783, -346.734, 6.171, 83.420, 68.279
2.820, 190.043, 69.379, -0.967, 381.582, 6.180, 86.897, 92.948, 2.820, 148.353, 90.620, 0.967, -381.541, 6.180, 84.320, 68.182
2.830, 190.737, 69.411, 3.207, 417.463, 6.188, 87.588, 92.879, 2.830, 149.259, 90.588, -3.207, -417.430, 6.188, 85.222, 68.092
2.840, 191.432, 69.489, 7.748, 454.087, 6.196, 88.280, 92.816, 2.840, 150.164, 90.511, -7.747, -454.042, 6.196, 86.123, 68.009
2.850, 192.128, 69.615, 12.658, 491.042, 6.205, 88.973, 92.759, 2.850, 151.068, 90.384, -12.657, -491.002, 6.205, 87.024, 67.935
2.860, 192.826, 69.795, 17.937, 527.891, 6.213, 89.669, 92.707, 2.860, 151.970, 90.205, -17.936, -527.846, 6.213, 87.924, 67.868
2.870, 193.526, 70.030, 23.579, 564.124, 6.221, 90.368, 92.660, 2.870, 152.870, 89.969, -23.577, -564.074, 6.221, 88.821, 67.809
2.880, 194.230, 70.326, 29.570, 599.182, 6.229, 91.070, 92.619, 2.880, 153.767, 89.674, -29.568, -599.141, 6.229, 89.716, 67.756
2.890, 194.937, 70.685, 35.895, 632.482, 6.236, 91.776, 92.584, 2.890, 154.660, 89.315, -35.892, -632.435, 6.236, 90.608, 67.711
2.900, 195.648, 71.110, 42.529, 663.380, 6.243, 92.487, 92.553, 2.900, 155.549, 88.889, -42.526, -663.341, 6.243, 91.497, 67.673
2.910, 196.364, 71.605, 49.441, 691.222, 6.250, 93.202, 92.527, 2.910, 156.433, 88.395, -49.438, -691.190, 6.250, 92.380, 67.640
2.920, 197.085, 72.171, 56.595, 715.331, 6.256, 93.924, 92.505, 2.920, 157.311, 87.829, -56.591, -715.302, 6.256, 93.258, 67.614
2.930, 197.814, 72.810, 63.945, 735.009, 6.262, 94.652, 92.488, 2.930, 158.183, 87.190, -63.941, -734.992, 6.262, 94.129, 67.594
2.940, 198.549, 73.525, 71.440, 749.564, 6.267, 95.387, 92.475, 2.940, 159.048, 86.475, -71.436, -749.556, 6.267, 94.994, 67.578
2.950, 199.292, 74.315, 79.023, 758.292, 6.272, 96.130, 92.465, 2.950, 159.904, 85.685, -79.019, -758.299, 6.272, 95.851, 67.566
2.960, 200.044, 75.181, 86.628, 760.500, 6.276, 96.882, 92.458, 2.960, 160.753, 84.819, -86.624, -760.523, 6.276, 96.699, 67.558
2.970, 200.805, 76.123, 94.183, 755.496, 6.279, 97.643, 92.453, 2.970, 161.591, 83.877, -94.180, -755.535, 6.279, 97.538, 67.554
2.980, 201.576, 77.139, 101.609, 742.594, 6.281, 98.414, 92.451, 2.980, 162.420, 82.861, -101.606, -742.651, 6.281, 98.366, 67.551
2.990, 202.359, 78.227, 108.820, 721.117, 6.283, 99.196, 92.450, 2.990, 163.238, 81.773, -108.818, -721.195, 6.283, 99.184, 67.550
3.000, 203.152, 79.384, 115.724, 690.404, 6.283, 99.990, 92.450, 3.000, 164.044, 80.616, -115.723, -690.502, 6.283, 99.990, 67.550
3.010, 203.952, 80.000, 61.549, -5417.569, 0.000, 100.790, 92.450, 3.010, 164.844, 80.000, -61.548, 5417.468, 0.000, 100.790, 67.550
3.020, 204.752, 80.000, 0.009, -6153.953, 0.000, 101.590, 92.450, 3.020, 165.644, 80.000, -0.009, 6153.935, 0.000, 101.590, 67.550
3.030, 205.552, 80.000, -0.000, -0.908, 0.000, 102.390, 92.450, 3.030, 166.444, 80.000, -0.000, 0.908, 0.000, 102.390, 67.550
3.040, 206.352, 79.985, -1.456, -145.616, 0.000, 103.190, 92.450, 3.040, 167.244, 79.985, -1.456, -145.616, 0.000, 103.190, 67.550
3.050, 207.152, 79.926, -5.897, -444.123, 0.000, 103.989, 92.450, 3.050, 168.043, 79.926, -5.897, -444.123, 0.000, 103.989, 67.550
3.060, 207.950, 79.808, -11.868, -597.015, 0.000, 104.787, 92.450, 3.060, 168.841, 79.808, -11.868, -597.015, 0.000, 104.787, 67.550
3.070, 208.746, 79.629, -17.838, -597.015, 0.000, 105.584, 92.450, 3.070, 169.637, 79.629, -17.838, -597.015, 0.000, 105.584, 67.550
3.080, 209.540, 79.391, -23.808, -597.015, 0.000, 106.378, 92.450, 3.080, 170.431, 79.391, -23.808, -597.015, 0.000, 106.378, 67.550
3.090, 210.331, 79.094, -29.778, -597.015, 0.000, 107.169, 92.450, 3.090, 171.222, 79.094, -29.778, -597.015, 0.000, 107.169, 67.550
3.100, 211.118, 78.736, -35.748, -597.015, 0.000, 107.956, 92.450, 3.100, 172.010, 78.736, -35.748, -597.015, 0.000, 107.956, 67.550
3.110, 211.901, 78.319, -41.718, -597.015, 0.000, 108.739, 92.450, 3.110, 172.793, 78.319, -41.718, -597.015, 0.000, 108.739, 67.550
3.120, 212.680, 77.842, -47.688, -597.015, 0.000, 109.518, 92.450, 3.120, 173.571, 77.842, -47.688, -597.015, 0.000, 109.518, 67.550
3.130, 213.453, 77.305, -53.659, -597.015, 0.000, 110.291, 92.450, 3.130, 174.344, 77.305, -53.659, -597.015, 0.000, 110.291, 67.550
3.140, 214.220, 76.724, -58.173, -451.399, 0.000, 111.058, 92.450, 3.140, 175.112, 76.724, -58.173, -451.399, 0.000, 111.058, 67.550
3.150, 214.981, 76.127, -59.701, -152.892, 0.000, 111.819, 92.450, 3.150, 175.873, 76.127, -59.701, -152.892, 0.000, 111.819, 67.550
3.160, 215.737, 75.530, -59.701, -0.000, 0.000, 112.574, 92.450, 3.160, 176.628, 75.530, -59.701, -0.000, 0.000, 112.574, 67.550
3.170, 216.486, 74.933, -59.701, 0.000, 0.000, 113.324, 92.450, 3.170, 177.377, 74.933, -59.701, 0.000, 0.000, 113.324, 67.550
3.180, 217.229, 74.336, -59.701, -0.000, 0.000, 114.067, 92.450, 3.180, 178.121, 74.336, -59.701, -0.000, 0.000, 114.067, 67.550
3.190, 217.967, 73.739, -59.701, 0.000, 0.000, 114.804, 92.450, 3.190, 178.858, 73.739, -59.701, 0.000, 0.000, 114.804, 67.550
3.200, 218.698, 73.142, -59.701, 0.000, 0.000, 115.536, 92.450, 3.200, 179.590, 73.142, -59.701, 0.000, 0.000, 115.536, 67.550
3.210, 219.424, 72.545, -59.701, -0.000, 0.000, 116.261, 92.450, 3.210, 180.315, 72.545, -59.701, -0.000, 0.000, 116.261, 67.550
3.220, 220.143, 71.948, -59.701, 0.000, 0.000, 116.981, 92.450, 3.220, 181.034, 71.948, -59.701, 0.000, 0.000, 116.981, 67.550
3.230, 220.857, 71.351, -59.701, 0.000, 0.000, 117.694, 92.450, 3.230, 181.748, 71.351, -59.701, 0.000, 0.000, 117.694, 67.550
3.240, 221.564, 70.754, -59.701, -0.000, 0.000, 118.402, 92.450, 3.240, 182.456, 70.754, -59.701, -0.000, 0.000, 118.402, 67.550
3.250, 222.266, 70.157, -59.701, 0.000, 0.000, 119.103, 92.450, 3.250, 183.157, 70.157, -59.701, 0.000, 0.000, 119.103, 67.550
3.260, 222.961, 69.560, -59.701, -0.000, 0.000, 119.799, 92.450, 3.260, 183.853, 69.560, -59.701, -0.000, 0.000, 119.799, 67.550
3.270, 223.651, 68.962, -59.701, 0.000, 0.000, 120.489, 92.450, 3.270, 184.542, 68.962, -59.701, 0.000, 0.000, 120.489, 67.550
3.280, 224.335, 68.365, -59.701, -0.000, 0.000, 121.172, 92.450, 3.280, 185.226, 68.365, -59.701, -0.000, 0.000, 121.172, 67.550
3.290, 225.012, 67.768, -59.701, 0.000, 0.000, 121.850, 92.450, 3.290, 185.904, 67.768, -59.701, 0.000, 0.000, 121.850, 67.550
3.300, 225.684, 67.171, -59.701, 0.000, 0.000, 122.522, 92.450, 3.300, 186.575, 67.171, -59.701, 0.000, 0.000, 122.522, 67.550
3.310, 226.350, 66.574, -59.701, 0.000, 0.000, 123.187, 92.450, 3.310, 187.241, 66.574, -59.701, 0.000, 0.000, 123.187, 67.550
3.320, 227.009, 65.977, -59.701, -0.000, 0.000, 123.847, 92.450, 3.320, 187.901, 65.977, -59.701, -0.000, 0.000, 123.847, 67.550
3.330, 227.663, 65.380, -59.701, 0.000, 0.000, 124.501, 92.450, 3.330, 188.555, 65.380, -59.701, 0.000, 0.000, 124.501, 67.550
3.340, 228.311, 64.783, -59.701, -0.000, 0.000, 125.149, 92.450, 3.340, 189.203, 64.783, -59.701, -0.000, 0.000, 125.149, 67.550
3.350, 228.953, 64.186, -59.701, -0.000, 0.000, 125.791, 92.450, 3.350, 189.844, 64.186, -59.701, -0.000, 0.000, 125.791, 67.550
3.360, 229.589, 63.589, -59.701, 0.000, 0.000, 126.427, 92.450, 3.360, 190.480, 63.589, -59.701, 0.000, 0.000, 126.427, 67.550
3.370, 230.219, 62.992, -59.701, -0.000, 0.000, 127.057, 92.450, 3.370, 191.110, 62.992, -59.701, -0.000, 0.000, 127.057, 67.550
3.380, 230.843, 62.395, -59.701, 0.000, 0.000, 127.680, 92.450, 3.380, 191.734, 62.395, -59.701, 0.000, 0.000, 127.680, 67.550
3.390, 231.461, 61.798, -59.701, -0.000, 0.000, 128.298, 92.450, 3.390, 192.352, 61.798, -59.701, -0.000, 0.000, 128.298, 67.550
3.400, 232.073, 61.201, -59.701, 0.000, 0.000, 128.910, 92.450, 3.400, 192.964, 61.201, -59.701, 0.000, 0.000, 128.910, 67.550
3.410, 232.679, 60.604, -59.701, -0.000, 0.000, 129.517, 92.450, 3.410, 193.570, 60.604, -59.701, -0.000, 0.000, 129.517, 67.550
3.420, 233.279, 60.007, -59.701, 0.000, 0.000, 130.117, 92.450, 3.420, 194.170, 60.007, -59.701, 0.000, 0.000, 130.117, 67.550
3.430, 233.873, 59.410, -59.701, 0.000, 0.000, 130.711, 92.450, 3.430, 194.764, 59.410, -59.701, 0.000, 0.000, 130.711, 67.550
3.440, 234.461, 58.813, -59.701, -0.000, 0.000, 131.299, 92.450, 3.440, 195.353, 58.813, -59.701, -0.000, 0.000, 131.299, 67.550
3.450, 235.043, 58.216, -59.701, -0.000, 0.000, 131.881, 92.450, 3.450, 195.935, 58.216, -59.701, -0.000, 0.000, 131.881, 67.550
3.460, 235.619, 57.619, -59.701, 0.000, 0.000, 132.457, 92.450, 3.460, 196.511, 57.619, -59.701, 0.000, 0.000, 132.457, 67.550
3.470, 236.190, 57.022, -59.701, 0.000, 0.000, 133.027, 92.450, 3.470, 197.081, 57.022, -59.701, 0.000, 0.000, 133.027, 67.550
3.480, 236.754, 56.425, -59.701, 0.000, 0.000, 133.592, 92.450, 3.480, 197.645, 56.425, -59.701, 0.000, 0.000, 133.592, 67.550
3.490, 237.312, 55.828, -59.701, -0.000, 0.000, 134.150, 92.450, 3.490, 198.204, 55.828, -59.701, -0.000, 0.000, 134.150, 67.550
3.500, 237.865, 55.231, -59.701, 0.000, 0.000, 134.702, 92.450, 3.500, 198.756, 55.231, -59.701, 0.000, 0.000, 134.702, 67.550
3.510, 238.411, 54.634, -59.701, -0.000, 0.000, 135.249, 92.450, 3.510, 199.302, 54.634, -59.701, -0.000, 0.000, 135.249, 67.550
3.520, 238.951, 54.037, -59.701, 0.000, 0.000, 135.789, 92.450, 3.520, 199.843, 54.037, -59.701, 0.000, 0.000, 135.789, 67.550
3.530, 239.486, 53.440, -59.701, 0.000, 0.000, 136.323, 92.450, 3.530, 200.377, 53.440, -59.701, 0.000, 0.000, 136.323, 67.550
3.540, 240.014, 52.843, -59.701, -0.000, 0.000, 136.852, 92.450, 3.540, 200.905, 52.843, -59.701, -0.000, 0.000, 136.852, 67.550
3.550, 240.537, 52.246, -59.701, -0.000, 0.000, 137.374, 92.450, 3.550, 201.428, 52.246, -59.701, -0.000, 0.000, 137.374, 67.550
3.560, 241.053, 51.649, -59.701, 0.000, 0.000, 137.891, 92.450, 3.560, 201.944, 51.649, -59.701, 0.000, 0.000, 137.891, 67.550
3.570, 241.564, 51.052, -59.701, -0.000, 0.000, 138.401, 92.450, 3.570, 202.455, 51.052, -59.701, -0.000, 0.000, 138.401, 67.550
3.580, 242.068, 50.455, -59.701, 0.000, 0.000, 138.906, 92.450, 3.580, 202.959, 50.455, -59.701, 0.000, 0.000, 138.906, 67.550
3.590, 242.567, 49.858, -59.701, -0.000, 0.000, 139.404, 92.450, 3.590, 203.458, 49.858, -59.701, -0.000, 0.000, 139.404, 67.550
3.600, 243.059, 49.261, -59.701, 0.000, 0.000, 139.897, 92.450, 3.600, 203.951, 49.261, -59.701, 0.000, 0.000, 139.897, 67.550
3.610, 243.546, 48.664, -59.701, -0.000, 0.000, 140.384, 92.450, 3.610, 204.437, 48.664, -59.701, -0.000, 0.000, 140.384, 67.550
3.620, 244.027, 48.067, -59.701, -0.000, 0.000, 140.864, 92.450, 3.620, 204.918, 48.067, -59.701, -0.000, 0.000, 140.864, 67.550
3.630, 244.501, 47.470, -59.701, 0.000, 0.000, 141.339, 92.450, 3.630, 205.393, 47.470, -59.701, 0.000, 0.000, 141.339, 67.550
3.640, 244.970, 46.873, -59.701, 0.000, 0.000, 141.808, 92.450, 3.640, 205.861, 46.873, -59.701, 0.000, 0.000, 141.808, 67.550
3.650, 245.433, 46.276, -59.701, 0.000, 0.000, 142.271, 92.450, 3.650, 206.324, 46.276, -59.701, 0.000, 0.000, 142.271, 67.550
3.660, 245.890, 45.679, -59.701, 0.000, 0.000, 142.727, 92.450, 3.660, 206.781, 45.679, -59.701, 0.000, 0.000, 142.727, 67.550
3.670, 246.340, 45.082, -59.701, -0.000, 0.000, 143.178, 92.450, 3.670, 207.232, 45.082, -59.701, -0.000, 0.000, 143.178, 67.550
3.680, 246.785, 44.485, -59.701, 0.000, 0.000, 143.623, 92.450, 3.680, 207.677, 44.485, -59.701, 0.000, 0.000, 143.623, 67.550
3.690, 247.224, 43.888, -59.701, -0.000, 0.000, 144.062, 92.450, 3.690, 208.116, 43.888, -59.701, -0.000, 0.000, 144.062, 67.550
3.700, 247.657, 43.291, -59.701, 0.000, 0.000, 144.495, 92.450, 3.700, 208.548, 43.291, -59.701, 0.000, 0.000, 144.495, 67.550
3.710, 248.084, 42.694, -59.701, 0.000, 0.000, 144.922, 92.450, 3.710, 208.975, 42.694, -59.701, 0.000, 0.000, 144.922, 67.550
3.720, 248.505, 42.097, -59.701, -0.000, 0.000, 145.343, 92.450, 3.720, 209.396, 42.097, -59.701, -0.000, 0.000, 145.343, 67.550
3.730, 248.920, 41.500, -59.701, -0.000, 0.000, 145.758, 92.450, 3.730, 209.811, 41.500, -59.701, -0.000, 0.000, 145.758, 67.550
3.740, 249.329, 40.903, -59.701, 0.000, 0.000, 146.167, 92.450, 3.740, 210.220, 40.903, -59.701, 0.000, 0.000, 146.167, 67.550
3.750, 249.732, 40.306, -59.701, 0.000, 0.000, 146.570, 92.450, 3.750, 210.623, 40.306, -59.701, 0.000, 0.000, 146.570, 67.550
3.760, 250.129, 39.709, -59.701, -0.000, 0.000, 146.967, 92.450, 3.760, 211.021, 39.709, -59.701, -0.000, 0.000, 146.967, 67.550
3.770, 250.520, 39.112, -59.701, 0.000, 0.000, 147.358, 92.450, 3.770, 211.412, 39.112, -59.701, 0.000, 0.000, 147.358, 67.550
3.780, 250.905, 38.515, -59.701, -0.000, 0.000, 147.743, 92.450, 3.780, 211.797, 38.515, -59.701, -0.000, 0.000, 147.743, 67.550
3.790, 251.285, 37.918, -59.701, 0.000, 0.000, 148.122, 92.450, 3.790, 212.176, 37.918, -59.701, 0.000, 0.000, 148.122, 67.550
3.800, 251.658, 37.321, -59.701, -0.000, 0.000, 148.495, 92.450, 3.800, 212.549, 37.321, -59.701, -0.000, 0.000, 148.495, 67.550
3.810, 252.025, 36.724, -59.701, 0.000, 0.000, 148.863, 92.450, 3.810, 212.916, 36.724, -59.701, 0.000, 0.000, 148.863, 67.550
3.820, 252.386, 36.127, -59.701, -0.000, 0.000, 149.224, 92.450, 3.820, 213.278, 36.127, -59.701, -0.000, 0.000, 149.224, 67.550
3.830, 252.742, 35.530, -59.701, -0.000, 0.000, 149.579, 92.450, 3.830, 213.633, 35.530, -59.701, -0.000, 0.000, 149.579, 67.550
3.840, 253.091, 34.933, -59.701, 0.000, 0.000, 149.929, 92.450, 3.840, 213.982, 34.933, -59.701, 0.000, 0.000, 149.929, 67.550
3.850, 253.434, 34.336, -59.701, 0.000, 0.000, 150.272, 92.450, 3.850, 214.326, 34.336, -59.701, 0.000, 0.000, 150.272, 67.550
3.860, 253.772, 33.739, -59.701, -0.000, 0.000, 150.609, 92.450, 3.860, 214.663, 33.739, -59.701, -0.000, 0.000, 150.609, 67.550
3.870, 254.103, 33.142, -59.701, 0.000, 0.000, 150.941, 92.450, 3.870, 214.994, 33.142, -59.701, 0.000, 0.000, 150.941, 67.550
3.880, 254.428, 32.545, -59.701, -0.000, 0.000, 151.266, 92.450, 3.880, 215.320, 32.545, -59.701, -0.000, 0.000, 151.266, 67.550
3.890, 254.748, 31.948, -59.701, 0.000, 0.000, 151.586, 92.450, 3.890, 215.639, 31.948, -59.701, 0.000, 0.000, 151.586, 67.550
3.900, 255.061, 31.351, -59.701, -0.000, 0.000, 151.899, 92.450, 3.900, 215.953, 31.351, -59.701, -0.000, 0.000, 151.899, 67.550
3.910, 255.369, 30.754, -59.701, 0.000, 0.000, 152.207, 92.450, 3.910, 216.260, 30.754, -59.701, 0.000, 0.000, 152.207, 67.550
3.920, 255.671, 30.157, -59.701, 0.000, 0.000, 152.508, 92.450, 3.920, 216.562, 30.157, -59.701, 0.000, 0.000, 152.508, 67.550
3.930, 255.966, 29.560, -59.701, -0.000, 0.000, 152.804, 92.450, 3.930, 216.858, 29.560, -59.701, -0.000, 0.000, 152.804, 67.550
3.940, 256.256, 28.962, -59.701, 0.000, 0.000, 153.094, 92.450, 3.940, 217.147, 28.962, -59.701, 0.000, 0.000, 153.094, 67.550
3.950, 256.539, 28.365, -59.701, -0.000, 0.000, 153.377, 92.450, 3.950, 217.431, 28.365, -59.701, -0.000, 0.000, 153.377, 67.550
3.960, 256.817, 27.768, -59.701, 0.000, 0.000, 153.655, 92.450, 3.960, 217.709, 27.768, -59.701, 0.000, 0.000, 153.655, 67.550
3.970, 257.089, 27.171, -59.701, 0.000, 0.000, 153.927, 92.450, 3.970, 217.980, 27.171, -59.701, 0.000, 0.000, 153.927, 67.550
3.980, 257.355, 26.574, -59.701, -0.000, 0.000, 154.192, 92.450, 3.980, 218.246, 26.574, -59.701, -0.000, 0.000, 154.192, 67.550
3.990, 257.614, 25.977, -59.701, 0.000, 0.000, 154.452, 92.450, 3.990, 218.506, 25.977, -59.701, 0.000, 0.000, 154.452, 67.550
4.000, 257.868, 25.380, -59.701, -0.000, 0.000, 154.706, 92.450, 4.000, 218.760, 25.380, -59.701, -0.000, 0.000, 154.706, 67.550
4.010, 258.116, 24.783, -59.701, -0.000, 0.000, 154.954, 92.450, 4.010, 219.007, 24.783, -59.701, -0.000, 0.000, 154.954, 67.550
4.020, 258.358, 24.186, -59.701, 0.000, 0.000, 155.196, 92.450, 4.020, 219.249, 24.186, -59.701, 0.000, 0.000, 155.196, 67.550
4.030, 258.594, 23.589, -59.701, -0.000, 0.000, 155.431, 92.450, 4.030, 219.485, 23.589, -59.701, -0.000, 0.000, 155.431, 67.550
4.040, 258.824, 22.992, -59.701, 0.000, 0.000, 155.661, 92.450, 4.040, 219.715, 22.992, -59.701, 0.000, 0.000, 155.661, 67.550
4.050, 259.048, 22.395, -59.701, 0.000, 0.000, 155.885, 92.450, 4.050, 219.939, 22.395, -59.701, 0.000, 0.000, 155.885, 67.550
4.060, 259.266, 21.798, -59.701, -0.000, 0.000, 156.103, 92.450, 4.060, 220.157, 21.798, -59.701, -0.000, 0.000, 156.103, 67.550
4.070, 259.478, 21.201, -59.701, 0.000, 0.000, 156.315, 92.450, 4.070, 220.369, 21.201, -59.701, 0.000, 0.000, 156.315, 67.550
4.080, 259.684, 20.604, -59.701, -0.000, 0.000, 156.521, 92.450, 4.080, 220.575, 20.604, -59.701, -0.000, 0.000, 156.521, 67.550
4.090, 259.884, 20.007, -59.701, 0.000, 0.000, 156.721, 92.450, 4.090, 220.775, 20.007, -59.701, 0.000, 0.000, 156.721, 67.550
4.100, 260.078, 19.410, -59.701, 0.000, 0.000, 156.916, 92.450, 4.100, 220.969, 19.410, -59.701, 0.000, 0.000, 156.916, 67.550
4.110, 260.266, 18.813, -59.701, -0.000, 0.000, 157.104, 92.450, 4.110, 221.157, 18.813, -59.701, -0.000, 0.000, 157.104, 67.550
4.120, 260.448, 18.216, -59.701, 0.000, 0.000, 157.286, 92.450, 4.120, 221.340, 18.216, -59.701, 0.000, 0.000, 157.286, 67.550
4.130, 260.624, 17.619, -59.701, 0.000, 0.000, 157.462, 92.450, 4.130, 221.516, 17.619, -59.701, 0.000, 0.000, 157.462, 67.550
4.140, 260.795, 17.022, -59.701, 0.000, 0.000, 157.632, 92.450, 4.140, 221.686, 17.022, -59.701, 0.000, 0.000, 157.632, 67.550
4.150, 260.959, 16.425, -59.701, 0.000, 0.000, 157.797, 92.450, 4.150, 221.850, 16.425, -59.701, 0.000, 0.000, 157.797, 67.550
4.160, 261.117, 15.828, -59.701, 0.000, 0.000, 157.955, 92.450, 4.160, 222.008, 15.828, -59.701, 0.000, 0.000, 157.955, 67.550
4.170, 261.269, 15.231, -59.701, -0.000, 0.000, 158.107, 92.450, 4.170, 222.161, 15.231, -59.701, -0.000, 0.000, 158.107, 67.550
4.180, 261.416, 14.634, -59.701, 0.000, 0.000, 158.253, 92.450, 4.180, 222.307, 14.634, -59.701, 0.000, 0.000, 158.253, 67.550
4.190, 261.556, 14.037, -59.701, -0.000, 0.000, 158.394, 92.450, 4.190, 222.448, 14.037, -59.701, -0.000, 0.000, 158.394, 67.550
4.200, 261.690, 13.440, -59.701, 0.000, 0.000, 158.528, 92.450, 4.200, 222.582, 13.440, -59.701, 0.000, 0.000, 158.528, 67.550
4.210, 261.819, 12.843, -59.701, -0.000, 0.000, 158.657, 92.450, 4.210, 222.710, 12.843, -59.701, -0.000, 0.000, 158.657, 67.550
4.220, 261.941, 12.246, -59.701, 0.000, 0.000, 158.779, 92.450, 4.220, 222.833, 12.246, -59.701, 0.000, 0.000, 158.779, 67.550
4.230, 262.058, 11.649, -59.701, -0.000, 0.000, 158.896, 92.450, 4.230, 222.949, 11.649, -59.701, -0.000, 0.000, 158.896, 67.550
4.240, 262.168, 11.052, -59.701, -0.000, 0.000, 159.006, 92.450, 4.240, 223.060, 11.052, -59.701, -0.000, 0.000, 159.006, 67.550
4.250, 262.273, 10.455, -59.701, 0.000, 0.000, 159.111, 92.450, 4.250, 223.164, 10.455, -59.701, 0.000, 0.000, 159.111, 67.550
4.260, 262.372, 9.858, -59.701, -0.000, 0.000, 159.209, 92.450, 4.260, 223.263, 9.858, -59.701, -0.000, 0.000, 159.209, 67.550
4.270, 262.464, 9.261, -59.701, -0.000, 0.000, 159.302, 92.450, 4.270, 223.356, 9.261, -59.701, -0.000, 0.000, 159.302, 67.550
4.280, 262.551, 8.664, -59.701, 0.000, 0.000, 159.389, 92.450, 4.280, 223.442, 8.664, -59.701, 0.000, 0.000, 159.389, 67.550
4.290, 262.631, 8.067, -59.701, -0.000, 0.000, 159.469, 92.450, 4.290, 223.523, 8.067, -59.701, -0.000, 0.000, 159.469, 67.550
4.300, 262.706, 7.470, -59.701, 0.000, 0.000, 159.544, 92.450, 4.300, 223.598, 7.470, -59.701, 0.000, 0.000, 159.544, 67.550
4.310, 262.775, 6.873, -59.701, -0.000, 0.000, 159.613, 92.450, 4.310, 223.666, 6.873, -59.701, -0.000, 0.000, 159.613, 67.550
4.320, 262.838, 6.276, -59.701, 0.000, 0.000, 159.675, 92.450, 4.320, 223.729, 6.276, -59.701, 0.000, 0.000, 159.675, 67.550
4.330, 262.894, 5.679, -59.701, 0.000, 0.000, 159.732, 92.450, 4.330, 223.786, 5.679, -59.701, 0.000, 0.000, 159.732, 67.550
4.340, 262.945, 5.082, -59.701, -0.000, 0.000, 159.783, 92.450, 4.340, 223.837, 5.082, -59.701, -0.000, 0.000, 159.783, 67.550
4.350, 262.990, 4.485, -59.701, 0.000, 0.000, 159.828, 92.450, 4.350, 223.882, 4.485, -59.701, 0.000, 0.000, 159.828, 67.550
4.360, 263.029, 3.888, -59.701, 0.000, 0.000, 159.867, 92.450, 4.360, 223.920, 3.888, -59.701, 0.000, 0.000, 159.867, 67.550
4.370, 263.062, 3.291, -59.701, 0.000, 0.000, 159.900, 92.450, 4.370, 223.953, 3.291, -59.701, 0.000, 0.000, 159.900, 67.550
4.380, 263.089, 2.708, -58.245, 145.616, 0.000, 159.927, 92.450, 4.380, 223.980, 2.708, -58.245, 145.616, 0.000, 159.927, 67.550
4.390, 263.111, 2.170, -53.804, 444.123, 0.000, 159.948, 92.450, 4.390, 224.002, 2.170, -53.804, 444.123, 0.000, 159.948, 67.550
4.400, 263.128, 1.692, -47.834, 597.015, 0.000, 159.965, 92.450, 4.400, 224.019, 1.692, -47.834, 597.015, 0.000, 159.965, 67.550
4.410, 263.140, 1.273, -41.864, 597.015, 0.000, 159.978, 92.450, 4.410, 224.032, 1.273, -41.864, 597.015, 0.000, 159.978, 67.550
4.420, 263.149, 0.914, -35.894, 597.015, 0.000, 159.987, 92.450, 4.420, 224.041, 0.914, -35.894, 597.015, 0.000, 159.987, 67.550
4.430, 263.156, 0.615, -29.924, 597.015, 0.000, 159.993, 92.450, 4.430, 224.047, 0.615, -29.924, 597.015, 0.000, 159.993, 67.550
4.440, 263.159, 0.376, -23.953, 597.015, 0.000, 159.997, 92.450, 4.440, 224.051, 0.376, -23.953, 597.015, 0.000, 159.997, 67.550
4.450, 263.161, 0.196, -17.983, 597.015, 0.000, 159.999, 92.450, 4.450, 224.053, 0.196, -17.983, 597.015, 0.000, 159.999, 67.550
4.460, 263.162, 0.076, -12.013, 597.015, 0.000, 160.000, 92.450, 4.460, 224.054, 0.076, -12.013, 597.015, 0.000, 160.000, 67.550
4.470, 263.162, 0.015, -6.043, 597.015, 0.000, 160.000, 92.450, 4.470, 224.054, 0.015, -6.043, 597.015, 0.000, 160.000, 67.550
4.480, 263.162, 0.000, -1.529, 451.399, 0.000, 160.000, 92.450, 4.480, 224.054, 0.000, -1.529, 451.399, 0.000, 160.000, 67.550
