0.000, 0.000, 0.006, 0.600, 59.951, 0.000, 0.000, 12.000, 0.000, 0.000, 0.006, 0.600, 59.951, 0.000, 0.000, -12.000
0.010, 0.000, 0.012, 0.600, -0.000, 0.000, 0.000, 12.000, 0.010, 0.000, 0.012, 0.600, 0.000, 0.000, 0.000, -12.000
0.020, 0.000, 0.027, 1.499, 89.926, 0.000, 0.000, 12.000, 0.020, 0.000, 0.027, 1.499, 89.927, 0.000, 0.000, -12.000
0.030, 0.001, 0.048, 2.098, 59.950, 0.000, 0.001, 12.000, 0.030, 0.001, 0.048, 2.098, 59.953, 0.000, 0.001, -12.000
0.040, 0.002, 0.075, 2.698, 59.948, 0.000, 0.002, 12.000, 0.040, 0.002, 0.075, 2.698, 59.955, 0.000, 0.002, -12.000
0.050, 0.003, 0.108, 3.297, 59.944, 0.000, 0.003, 12.000, 0.050, 0.003, 0.108, 3.297, 59.958, 0.000, 0.003, -12.000
0.060, 0.004, 0.147, 3.897, 59.939, 0.000, 0.004, 12.000, 0.060, 0.004, 0.147, 3.897, 59.964, 0.000, 0.004, -12.000
0.070, 0.006, 0.192, 4.496, 59.932, 0.000, 0.006, 12.000, 0.070, 0.006, 0.192, 4.497, 59.971, 0.000, 0.006, -12.000
0.080, 0.009, 0.243, 5.095, 59.922, 0.000, 0.009, 12.000, 0.080, 0.009, 0.243, 5.097, 59.980, 0.000, 0.009, -12.000
0.090, 0.012, 0.300, 5.694, 59.910, 0.000, 0.012, 12.000, 0.090, 0.012, 0.300, 5.697, 59.992, 0.000, 0.012, -12.000
0.100, 0.015, 0.363, 6.293, 59.895, 0.000, 0.015, 12.000, 0.100, 0.015, 0.363, 6.297, 60.008, 0.000, 0.015, -12.000
0.110, 0.019, 0.432, 6.892, 59.876, 0.000, 0.019, 12.000, 0.110, 0.019, 0.432, 6.897, 60.026, 0.000, 0.019, -12.000
0.120, 0.025, 0.506, 7.490, 59.854, 0.000, 0.025, 12.000, 0.120, 0.025, 0.507, 7.497, 60.048, 0.000, 0.025, -12.000
0.130, 0.030, 0.587, 8.089, 59.828, 0.000, 0.030, 12.000, 0.130, 0.030, 0.588, 8.098, 60.075, 0.000, 0.030, -12.000
0.140, 0.037, 0.674, 8.687, 59.797, 0.000, 0.037, 12.000, 0.140, 0.037, 0.675, 8.699, 60.105, 0.000, 0.037, -12.000
0.150, 0.045, 0.767, 9.284, 59.762, 0.000, 0.045, 12.000, 0.150, 0.045, 0.768, 9.301, 60.141, 0.000, 0.045, -12.000
0.160, 0.053, 0.866, 9.882, 59.722, 0.000, 0.053, 12.000, 0.160, 0.054, 0.867, 9.902, 60.181, 0.000, 0.054, -12.000
0.170, 0.063, 0.971, 10.478, 59.676, 0.000, 0.063, 12.000, 0.170, 0.063, 0.972, 10.505, 60.226, 0.000, 0.063, -12.000
0.180, 0.074, 1.081, 11.075, 59.625, 0.000, 0.074, 12.000, 0.180, 0.074, 1.083, 11.107, 60.278, 0.000, 0.074, -12.000
0.190, 0.086, 1.198, 11.670, 59.568, 0.000, 0.086, 12.000, 0.190, 0.086, 1.200, 11.711, 60.335, 0.000, 0.086, -12.000
0.200, 0.099, 1.321, 12.265, 59.504, 0.000, 0.099, 12.000, 0.200, 0.099, 1.323, 12.315, 60.399, 0.000, 0.099, -12.000
0.210, 0.114, 1.449, 12.860, 59.434, 0.000, 0.114, 12.000, 0.210, 0.114, 1.452, 12.919, 60.469, 0.000, 0.114, -12.000
0.220, 0.130, 1.584, 13.453, 59.357, 0.000, 0.130, 12.000, 0.220, 0.130, 1.588, 13.525, 60.546, 0.000, 0.130, -12.000
0.230, 0.147, 1.724, 14.046, 59.273, 0.000, 0.147, 12.000, 0.230, 0.147, 1.729, 14.131, 60.630, 0.000, 0.147, -12.000
0.240, 0.165, 1.871, 14.638, 59.181, 0.000, 0.165, 12.000, 0.240, 0.166, 1.876, 14.738, 60.722, 0.000, 0.166, -12.000
0.250, 0.186, 2.023, 15.229, 59.081, 0.000, 0.186, 12.000, 0.250, 0.186, 2.030, 15.347, 60.821, 0.000, 0.186, -12.000
0.260, 0.208, 2.181, 15.818, 58.973, 0.000, 0.208, 12.000, 0.260, 0.208, 2.189, 15.956, 60.929, 0.000, 0.208, -12.000
0.270, 0.231, 2.345, 16.407, 58.857, 0.000, 0.231, 12.000, 0.270, 0.231, 2.355, 16.566, 61.046, 0.000, 0.231, -12.000
0.280, 0.256, 2.515, 16.994, 58.732, 0.000, 0.256, 12.000, 0.280, 0.257, 2.527, 17.178, 61.170, 0.000, 0.257, -12.000
0.290, 0.283, 2.691, 17.580, 58.598, 0.000, 0.283, 12.000, 0.290, 0.284, 2.705, 17.791, 61.304, 0.000, 0.284, -12.000
0.300, 0.312, 2.873, 18.165, 58.455, 0.000, 0.312, 12.000, 0.300, 0.313, 2.889, 18.406, 61.448, 0.000, 0.313, -12.000
0.310, 0.342, 3.060, 18.748, 58.302, 0.000, 0.342, 12.000, 0.310, 0.343, 3.079, 19.022, 61.601, 0.000, 0.343, -12.000
0.320, 0.375, 3.253, 19.329, 58.140, 0.000, 0.375, 12.000, 0.320, 0.376, 3.275, 19.639, 61.763, 0.000, 0.376, -12.000
0.330, 0.409, 3.453, 19.909, 57.967, 0.000, 0.409, 12.000, 0.330, 0.411, 3.478, 20.259, 61.936, 0.000, 0.411, -12.000
0.340, 0.446, 3.657, 20.487, 57.784, 0.000, 0.446, 12.000, 0.340, 0.448, 3.687, 20.880, 62.119, 0.000, 0.448, -12.000
0.350, 0.485, 3.868, 21.063, 57.590, 0.000, 0.485, 12.000, 0.350, 0.487, 3.902, 21.503, 62.313, 0.000, 0.487, -12.000
0.360, 0.526, 4.084, 21.636, 57.385, 0.000, 0.526, 12.000, 0.360, 0.528, 4.123, 22.128, 62.517, 0.000, 0.528, -12.000
0.370, 0.569, 4.306, 22.208, 57.170, 0.000, 0.569, 12.000, 0.370, 0.572, 4.351, 22.755, 62.733, 0.000, 0.572, -12.000
0.380, 0.614, 4.534, 22.778, 56.943, 0.000, 0.614, 12.000, 0.380, 0.617, 4.584, 23.385, 62.960, 0.000, 0.617, -12.000
0.390, 0.662, 4.768, 23.345, 56.705, 0.000, 0.662, 12.000, 0.390, 0.666, 4.825, 24.017, 63.199, 0.000, 0.666, -12.000
0.400, 0.712, 5.007, 23.909, 56.453, 0.000, 0.712, 12.000, 0.400, 0.716, 5.071, 24.651, 63.448, 0.000, 0.716, -12.000
0.410, 0.764, 5.251, 24.471, 56.192, 0.000, 0.764, 12.000, 0.410, 0.770, 5.324, 25.289, 63.712, 0.000, 0.770, -12.000
0.420, 0.819, 5.502, 25.030, 55.917, 0.000, 0.819, 12.000, 0.420, 0.825, 5.583, 25.928, 63.986, 0.000, 0.825, -12.000
0.430, 0.877, 5.758, 25.586, 55.629, 0.000, 0.877, 12.000, 0.430, 0.884, 5.849, 26.571, 64.273, 0.000, 0.884, -12.000
0.440, 0.937, 6.019, 26.140, 55.330, 0.000, 0.937, 12.000, 0.440, 0.945, 6.121, 27.217, 64.573, 0.000, 0.945, -12.000
0.450, 1.000, 6.286, 26.690, 55.016, 0.000, 1.000, 12.000, 0.450, 1.009, 6.400, 27.866, 64.886, 0.000, 1.009, -12.000
0.460, 1.065, 6.558, 27.237, 54.691, 0.000, 1.065, 12.000, 0.460, 1.076, 6.685, 28.518, 65.212, 0.000, 1.076, -12.000
0.470, 1.134, 6.836, 27.780, 54.351, 0.001, 1.134, 12.000, 0.470, 1.146, 6.977, 29.173, 65.552, 0.001, 1.146, -12.000
0.480, 1.205, 7.119, 28.320, 53.998, 0.001, 1.205, 12.000, 0.480, 1.219, 7.275, 29.832, 65.904, 0.001, 1.219, -12.000
0.490, 1.279, 7.408, 28.857, 53.631, 0.001, 1.279, 12.000, 0.490, 1.294, 7.580, 30.495, 66.272, 0.001, 1.294, -12.000
0.500, 1.356, 7.702, 29.389, 53.250, 0.001, 1.356, 12.000, 0.500, 1.373, 7.892, 31.162, 66.653, 0.001, 1.373, -12.000
0.510, 1.436, 8.001, 29.918, 52.854, 0.001, 1.436, 12.000, 0.510, 1.455, 8.210, 31.832, 67.048, 0.001, 1.455, -12.000
0.520, 1.519, 8.305, 30.442, 52.444, 0.001, 1.519, 12.000, 0.520, 1.541, 8.535, 32.507, 67.458, 0.001, 1.541, -12.000
0.530, 1.605, 8.615, 30.962, 52.020, 0.001, 1.605, 12.001, 0.530, 1.629, 8.867, 33.186, 67.884, 0.001, 1.629, -11.999
0.540, 1.695, 8.930, 31.478, 51.579, 0.001, 1.695, 12.001, 0.540, 1.721, 9.205, 33.869, 68.323, 0.001, 1.721, -11.999
0.550, 1.787, 9.250, 31.989, 51.124, 0.001, 1.787, 12.001, 0.550, 1.817, 9.551, 34.557, 68.780, 0.001, 1.817, -11.999
0.560, 1.883, 9.575, 32.496, 50.652, 0.001, 1.883, 12.001, 0.560, 1.916, 9.904, 35.249, 69.251, 0.001, 1.916, -11.999
0.570, 1.982, 9.905, 32.998, 50.163, 0.002, 1.982, 12.001, 0.570, 2.019, 10.263, 35.946, 69.737, 0.002, 2.019, -11.999
0.580, 2.084, 10.240, 33.494, 49.661, 0.002, 2.084, 12.001, 0.580, 2.125, 10.629, 36.649, 70.243, 0.002, 2.125, -11.999
0.590, 2.190, 10.579, 33.986, 49.139, 0.002, 2.190, 12.001, 0.590, 2.235, 11.003, 37.357, 70.763, 0.002, 2.235, -11.999
0.600, 2.299, 10.924, 34.472, 48.601, 0.002, 2.299, 12.002, 0.600, 2.349, 11.384, 38.070, 71.302, 0.002, 2.349, -11.998
0.610, 2.412, 11.274, 34.952, 48.045, 0.002, 2.412, 12.002, 0.610, 2.466, 11.772, 38.788, 71.858, 0.002, 2.466, -11.998
0.620, 2.528, 11.628, 35.427, 47.470, 0.002, 2.528, 12.002, 0.620, 2.588, 12.167, 39.512, 72.432, 0.002, 2.588, -11.998
0.630, 2.648, 11.987, 35.895, 46.877, 0.003, 2.648, 12.002, 0.630, 2.714, 12.569, 40.243, 73.026, 0.003, 2.714, -11.997
0.640, 2.772, 12.350, 36.358, 46.266, 0.003, 2.772, 12.003, 0.640, 2.844, 12.979, 40.979, 73.640, 0.003, 2.844, -11.997
0.650, 2.899, 12.719, 36.814, 45.630, 0.003, 2.899, 12.003, 0.650, 2.978, 13.396, 41.722, 74.270, 0.003, 2.978, -11.997
0.660, 3.030, 13.091, 37.264, 44.978, 0.004, 3.030, 12.004, 0.660, 3.116, 13.821, 42.471, 74.925, 0.004, 3.116, -11.996
0.670, 3.164, 13.468, 37.707, 44.303, 0.004, 3.164, 12.004, 0.670, 3.258, 14.253, 43.227, 75.601, 0.004, 3.258, -11.996
0.680, 3.303, 13.850, 38.143, 43.605, 0.004, 3.303, 12.005, 0.680, 3.405, 14.693, 43.990, 76.298, 0.004, 3.405, -11.995
0.690, 3.445, 14.235, 38.572, 42.884, 0.005, 3.445, 12.005, 0.690, 3.557, 15.141, 44.760, 77.019, 0.005, 3.557, -11.994
0.700, 3.592, 14.625, 38.993, 42.137, 0.005, 3.592, 12.006, 0.700, 3.713, 15.596, 45.538, 77.763, 0.005, 3.713, -11.994
0.710, 3.742, 15.019, 39.407, 41.370, 0.005, 3.742, 12.007, 0.710, 3.873, 16.059, 46.323, 78.537, 0.005, 3.873, -11.993
0.720, 3.896, 15.418, 39.813, 40.569, 0.006, 3.896, 12.008, 0.720, 4.039, 16.530, 47.117, 79.330, 0.006, 4.039, -11.992
0.730, 4.054, 15.820, 40.210, 39.746, 0.006, 4.054, 12.009, 0.730, 4.209, 17.010, 47.918, 80.158, 0.006, 4.209, -11.991
0.740, 4.216, 16.226, 40.599, 38.890, 0.007, 4.216, 12.010, 0.740, 4.384, 17.497, 48.728, 81.010, 0.007, 4.384, -11.990
0.750, 4.383, 16.635, 40.979, 38.009, 0.008, 4.383, 12.011, 0.750, 4.564, 17.992, 49.547, 81.899, 0.008, 4.564, -11.988
0.760, 4.553, 17.049, 41.350, 37.088, 0.008, 4.553, 12.012, 0.760, 4.748, 18.496, 50.375, 82.813, 0.008, 4.748, -11.987
0.770, 4.728, 17.466, 41.712, 36.136, 0.009, 4.728, 12.014, 0.770, 4.939, 19.008, 51.213, 83.764, 0.009, 4.939, -11.985
0.780, 4.907, 17.887, 42.063, 35.151, 0.009, 4.907, 12.015, 0.780, 5.134, 19.529, 52.061, 84.755, 0.009, 5.134, -11.984
0.790, 5.090, 18.311, 42.404, 34.123, 0.010, 5.090, 12.017, 0.790, 5.334, 20.058, 52.918, 85.778, 0.010, 5.334, -11.982
0.800, 5.277, 18.738, 42.735, 33.058, 0.011, 5.277, 12.019, 0.800, 5.540, 20.596, 53.787, 86.845, 0.011, 5.540, -11.979
0.810, 5.469, 19.169, 43.054, 31.948, 0.012, 5.469, 12.021, 0.810, 5.752, 21.143, 54.666, 87.953, 0.012, 5.752, -11.977
0.820, 5.665, 19.602, 43.362, 30.797, 0.013, 5.665, 12.024, 0.820, 5.969, 21.698, 55.557, 89.111, 0.013, 5.969, -11.974
0.830, 5.865, 20.039, 43.658, 29.587, 0.014, 5.865, 12.026, 0.830, 6.191, 22.263, 56.460, 90.306, 0.014, 6.191, -11.971
0.840, 6.070, 20.478, 43.942, 28.340, 0.015, 6.070, 12.029, 0.840, 6.420, 22.837, 57.376, 91.567, 0.015, 6.420, -11.968
0.850, 6.279, 20.920, 44.212, 27.028, 0.016, 6.279, 12.032, 0.850, 6.654, 23.420, 58.305, 92.872, 0.016, 6.654, -11.965
0.860, 6.493, 21.365, 44.468, 25.664, 0.017, 6.493, 12.036, 0.860, 6.894, 24.012, 59.247, 94.242, 0.017, 6.894, -11.961
0.870, 6.711, 21.812, 44.711, 24.231, 0.018, 6.711, 12.040, 0.870, 7.140, 24.614, 60.204, 95.665, 0.018, 7.140, -11.957
0.880, 6.934, 22.262, 44.938, 22.743, 0.019, 6.933, 12.044, 0.880, 7.393, 25.226, 61.176, 97.167, 0.019, 7.392, -11.952
0.890, 7.161, 22.713, 45.150, 21.172, 0.020, 7.161, 12.048, 0.890, 7.651, 25.847, 62.163, 98.726, 0.020, 7.651, -11.947
0.900, 7.393, 23.167, 45.345, 19.533, 0.022, 7.392, 12.053, 0.900, 7.916, 26.479, 63.167, 100.368, 0.022, 7.915, -11.941
0.910, 7.629, 23.622, 45.523, 17.813, 0.023, 7.628, 12.058, 0.910, 8.187, 27.121, 64.187, 102.089, 0.023, 8.187, -11.935
0.920, 7.870, 24.079, 45.683, 16.006, 0.025, 7.869, 12.064, 0.920, 8.465, 27.773, 65.226, 103.895, 0.025, 8.464, -11.928
0.930, 8.115, 24.537, 45.825, 14.108, 0.026, 8.114, 12.071, 0.930, 8.749, 28.436, 66.284, 105.792, 0.026, 8.748, -11.921
0.940, 8.365, 24.996, 45.946, 12.118, 0.028, 8.364, 12.077, 0.940, 9.040, 29.110, 67.362, 107.793, 0.028, 9.039, -11.913
0.950, 8.619, 25.457, 46.046, 10.007, 0.030, 8.619, 12.085, 0.950, 9.338, 29.794, 68.461, 109.882, 0.030, 9.337, -11.904
0.960, 8.879, 25.918, 46.124, 7.806, 0.032, 8.878, 12.093, 0.960, 9.643, 30.490, 69.582, 112.105, 0.032, 9.642, -11.895
0.970, 9.142, 26.380, 46.179, 5.471, 0.034, 9.141, 12.101, 0.970, 9.955, 31.197, 70.726, 114.432, 0.034, 9.954, -11.885
0.980, 9.411, 26.842, 46.209, 3.006, 0.036, 9.410, 12.111, 0.980, 10.274, 31.916, 71.895, 116.883, 0.036, 10.273, -11.874
0.990, 9.684, 27.304, 46.213, 0.423, 0.038, 9.683, 12.121, 0.990, 10.601, 32.647, 73.090, 119.491, 0.038, 10.599, -11.862
1.000, 9.962, 27.766, 46.190, -2.328, 0.041, 9.960, 12.132, 1.000, 10.935, 33.390, 74.312, 122.218, 0.041, 10.933, -11.848
1.010, 10.244, 28.227, 46.137, -5.215, 0.043, 10.242, 12.144, 1.010, 11.276, 34.146, 75.564, 125.123, 0.043, 11.274, -11.834
1.020, 10.531, 28.688, 46.055, -8.282, 0.046, 10.529, 12.156, 1.020, 11.625, 34.915, 76.845, 128.177, 0.046, 11.623, -11.819
1.030, 10.822, 29.147, 45.939, -11.513, 0.048, 10.820, 12.170, 1.030, 11.982, 35.696, 78.160, 131.424, 0.048, 11.979, -11.802
1.040, 11.118, 29.605, 45.790, -14.953, 0.051, 11.115, 12.185, 1.040, 12.347, 36.491, 79.508, 134.835, 0.051, 12.344, -11.784
1.050, 11.419, 30.061, 45.604, -18.569, 0.054, 11.416, 12.201, 1.050, 12.720, 37.300, 80.893, 138.478, 0.054, 12.716, -11.764
1.060, 11.724, 30.515, 45.380, -22.414, 0.057, 11.720, 12.218, 1.060, 13.101, 38.123, 82.316, 142.317, 0.057, 13.097, -11.743
1.070, 12.034, 30.966, 45.115, -26.489, 0.061, 12.029, 12.236, 1.070, 13.491, 38.961, 83.780, 146.383, 0.061, 13.486, -11.720
1.080, 12.348, 31.414, 44.807, -30.799, 0.064, 12.343, 12.255, 1.080, 13.889, 39.814, 85.287, 150.699, 0.064, 13.883, -11.695
1.090, 12.666, 31.859, 44.454, -35.370, 0.068, 12.661, 12.276, 1.090, 14.296, 40.682, 86.839, 155.268, 0.068, 14.289, -11.668
1.100, 12.989, 32.299, 44.051, -40.217, 0.072, 12.983, 12.299, 1.100, 14.712, 41.567, 88.440, 160.107, 0.072, 14.704, -11.639
1.110, 13.317, 32.735, 43.598, -45.340, 0.076, 13.309, 12.323, 1.110, 15.136, 42.468, 90.093, 165.251, 0.076, 15.127, -11.608
1.120, 13.648, 33.166, 43.090, -50.790, 0.080, 13.640, 12.349, 1.120, 15.570, 43.386, 91.800, 170.673, 0.080, 15.560, -11.574
1.130, 13.984, 33.591, 42.525, -56.541, 0.085, 13.975, 12.377, 1.130, 16.013, 44.321, 93.564, 176.444, 0.085, 16.001, -11.538
1.140, 14.324, 34.010, 41.898, -62.644, 0.089, 14.314, 12.406, 1.140, 16.466, 45.275, 95.389, 182.535, 0.089, 16.453, -11.498
1.150, 14.669, 34.422, 41.207, -69.096, 0.094, 14.657, 12.438, 1.150, 16.928, 46.248, 97.279, 188.989, 0.094, 16.913, -11.456
1.160, 15.017, 34.827, 40.448, -75.922, 0.099, 15.003, 12.471, 1.160, 17.401, 47.240, 99.237, 195.808, 0.099, 17.383, -11.410
1.170, 15.369, 35.223, 39.617, -83.119, 0.105, 15.354, 12.507, 1.170, 17.883, 48.253, 101.268, 203.031, 0.105, 17.863, -11.361
1.180, 15.725, 35.610, 38.709, -90.747, 0.110, 15.708, 12.545, 1.180, 18.376, 49.287, 103.374, 210.606, 0.110, 18.353, -11.308
1.190, 16.085, 35.987, 37.722, -98.736, 0.116, 16.065, 12.586, 1.190, 18.880, 50.342, 105.560, 218.655, 0.116, 18.853, -11.251
1.200, 16.449, 36.354, 36.650, -107.190, 0.123, 16.426, 12.629, 1.200, 19.394, 51.421, 107.831, 227.052, 0.123, 19.364, -11.190
1.210, 16.816, 36.709, 35.490, -116.026, 0.129, 16.790, 12.676, 1.210, 19.919, 52.523, 110.190, 235.921, 0.129, 19.885, -11.124
1.220, 17.186, 37.051, 34.237, -125.302, 0.136, 17.158, 12.725, 1.220, 20.456, 53.649, 112.642, 245.174, 0.136, 20.417, -11.053
1.230, 17.560, 37.380, 32.887, -134.965, 0.143, 17.528, 12.777, 1.230, 21.004, 54.801, 115.190, 254.866, 0.143, 20.960, -10.977
1.240, 17.937, 37.694, 31.437, -145.049, 0.151, 17.901, 12.832, 1.240, 21.563, 55.979, 117.840, 264.905, 0.151, 21.513, -10.895
1.250, 18.317, 37.993, 29.882, -155.460, 0.159, 18.276, 12.891, 1.250, 22.135, 57.185, 120.593, 275.355, 0.159, 22.078, -10.806
1.260, 18.700, 38.275, 28.220, -166.222, 0.167, 18.654, 12.953, 1.260, 22.719, 58.420, 123.454, 286.075, 0.167, 22.655, -10.711
1.270, 19.085, 38.540, 26.448, -177.219, 0.176, 19.033, 13.019, 1.270, 23.316, 59.684, 126.425, 297.089, 0.176, 23.243, -10.609
1.280, 19.473, 38.786, 24.564, -188.401, 0.186, 19.415, 13.089, 1.280, 23.926, 60.979, 129.507, 308.271, 0.186, 23.843, -10.499
1.290, 19.863, 39.011, 22.567, -199.663, 0.195, 19.798, 13.162, 1.290, 24.549, 62.306, 132.703, 319.512, 0.195, 24.454, -10.382
1.300, 20.255, 39.216, 20.459, -210.850, 0.205, 20.182, 13.240, 1.300, 25.186, 63.666, 136.010, 330.708, 0.205, 25.078, -10.255
1.310, 20.649, 39.396, 18.016, -244.294, 0.216, 20.567, 13.323, 1.310, 25.836, 65.057, 139.052, 304.200, 0.216, 25.714, -10.119
1.320, 21.045, 39.548, 15.255, -276.030, 0.227, 20.953, 13.410, 1.320, 26.501, 66.475, 141.811, 275.964, 0.227, 26.363, -9.973
1.330, 21.441, 39.673, 12.419, -283.677, 0.239, 21.339, 13.502, 1.330, 27.180, 67.921, 144.647, 283.607, 0.239, 27.024, -9.816
1.340, 21.839, 39.768, 9.517, -290.115, 0.251, 21.725, 13.598, 1.340, 27.874, 69.397, 147.548, 290.047, 0.251, 27.697, -9.647
1.350, 22.237, 39.834, 6.568, -294.966, 0.264, 22.110, 13.700, 1.350, 28.583, 70.902, 150.497, 294.894, 0.264, 28.383, -9.466
1.360, 22.636, 39.869, 3.590, -297.787, 0.278, 22.494, 13.806, 1.360, 29.308, 72.437, 153.474, 297.696, 0.278, 29.080, -9.272
1.370, 23.035, 39.876, 0.609, -298.047, 0.292, 22.877, 13.919, 1.370, 30.048, 74.001, 156.453, 297.957, 0.292, 29.791, -9.064
1.380, 23.433, 39.852, -2.342, -295.163, 0.307, 23.258, 14.036, 1.380, 30.804, 75.595, 159.404, 295.064, 0.307, 30.513, -8.841
1.390, 23.831, 39.800, -5.227, -288.463, 0.323, 23.636, 14.159, 1.390, 31.576, 77.218, 162.287, 288.355, 0.323, 31.247, -8.602
1.400, 24.229, 39.720, -7.999, -277.204, 0.339, 24.012, 14.288, 1.400, 32.365, 78.869, 165.058, 277.088, 0.339, 31.993, -8.346
1.410, 24.625, 39.614, -10.605, -260.574, 0.356, 24.384, 14.423, 1.410, 33.170, 80.545, 167.663, 260.464, 0.356, 32.750, -8.071
1.420, 25.020, 39.484, -12.982, -237.727, 0.374, 24.753, 14.564, 1.420, 33.992, 82.246, 170.039, 237.601, 0.374, 33.519, -7.778
1.430, 25.413, 39.333, -15.060, -207.770, 0.392, 25.118, 14.711, 1.430, 34.832, 83.967, 172.115, 207.634, 0.392, 34.297, -7.464
1.440, 25.804, 39.166, -16.758, -169.822, 0.412, 25.478, 14.865, 1.440, 35.689, 85.705, 173.812, 169.700, 0.412, 35.086, -7.128
1.450, 26.194, 38.986, -17.989, -123.080, 0.432, 25.834, 15.024, 1.450, 36.564, 87.455, 175.042, 122.947, 0.432, 35.884, -6.770
1.460, 26.582, 38.799, -18.657, -66.824, 0.453, 26.185, 15.190, 1.460, 37.456, 89.212, 175.709, 66.707, 0.453, 36.690, -6.388
1.470, 26.968, 38.613, -18.662, -0.556, 0.475, 26.530, 15.363, 1.470, 38.366, 90.969, 175.713, 0.437, 0.475, 37.504, -5.981
1.480, 27.353, 38.434, -17.903, 75.969, 0.498, 26.870, 15.543, 1.480, 39.293, 92.719, 174.953, -76.069, 0.498, 38.323, -5.548
1.490, 27.736, 38.271, -16.277, 162.609, 0.521, 27.204, 15.729, 1.490, 40.237, 94.452, 173.326, -162.693, 0.521, 39.148, -5.088
1.500, 28.117, 38.132, -13.858, 241.868, 0.545, 27.532, 15.923, 1.500, 41.199, 96.155, 170.307, -301.871, 0.545, 39.976, -4.599
1.510, 28.497, 38.027, -10.552, 330.633, 0.570, 27.855, 16.124, 1.510, 42.177, 97.813, 165.801, -450.554, 0.570, 40.806, -4.082
1.520, 28.877, 37.966, -6.120, 443.184, 0.596, 28.172, 16.333, 1.520, 43.171, 99.415, 160.171, -563.069, 0.596, 41.636, -3.534
1.530, 29.256, 37.960, -0.528, 559.233, 0.622, 28.484, 16.550, 1.530, 44.181, 100.949, 153.380, -679.080, 0.622, 42.465, -2.957
1.540, 29.637, 38.023, 6.228, 675.598, 0.649, 28.790, 16.776, 1.540, 45.205, 102.403, 145.426, -795.393, 0.649, 43.289, -2.350
1.550, 30.018, 38.164, 14.114, 788.579, 0.676, 29.091, 17.010, 1.550, 46.242, 103.767, 136.343, -908.327, 0.676, 44.107, -1.711
1.560, 30.402, 38.394, 23.056, 894.134, 0.704, 29.387, 17.255, 1.560, 47.293, 105.029, 126.204, -1013.834, 0.704, 44.917, -1.043
1.570, 30.789, 38.724, 32.937, 988.107, 0.732, 29.678, 17.509, 1.570, 48.354, 106.180, 115.127, -1107.760, 0.732, 45.717, -0.345
1.580, 31.181, 39.160, 43.602, 1066.505, 0.760, 29.966, 17.775, 1.580, 49.426, 107.213, 103.266, -1186.116, 0.760, 46.504, 0.383
1.590, 31.578, 39.708, 54.860, 1125.800, 0.789, 30.250, 18.053, 1.590, 50.508, 108.121, 90.812, -1245.376, 0.789, 47.277, 1.139
1.600, 31.982, 40.373, 66.492, 1163.220, 0.817, 30.530, 18.343, 1.600, 51.597, 108.900, 77.984, -1282.768, 0.817, 48.033, 1.923
1.610, 32.393, 41.156, 78.262, 1176.988, 0.846, 30.807, 18.648, 1.610, 52.692, 109.551, 65.019, -1296.522, 0.846, 48.771, 2.732
1.620, 32.814, 42.055, 89.927, 1166.486, 0.874, 31.082, 18.966, 1.620, 53.793, 110.072, 52.159, -1286.010, 0.874, 49.490, 3.567
1.630, 33.245, 43.068, 101.250, 1132.304, 0.902, 31.353, 19.300, 1.630, 54.898, 110.469, 39.640, -1251.841, 0.902, 50.186, 4.424
1.640, 33.686, 44.188, 112.012, 1076.199, 0.930, 31.623, 19.651, 1.640, 56.005, 110.745, 27.683, -1195.745, 0.930, 50.861, 5.302
1.650, 34.141, 45.408, 122.021, 1000.911, 0.957, 31.889, 20.019, 1.650, 57.114, 110.910, 16.478, -1120.495, 0.957, 51.512, 6.200
1.660, 34.608, 46.719, 131.120, 909.958, 0.984, 32.153, 20.404, 1.660, 58.224, 110.972, 6.182, -1029.565, 0.984, 52.138, 7.116
1.670, 35.089, 48.111, 139.193, 807.303, 1.010, 32.414, 20.808, 1.670, 59.333, 110.941, -3.087, -926.955, 1.010, 52.740, 8.048
1.680, 35.585, 49.573, 146.164, 697.096, 1.036, 32.672, 21.232, 1.680, 60.442, 110.829, -11.255, -816.790, 1.036, 53.318, 8.994
1.690, 36.096, 51.093, 151.998, 583.365, 1.061, 32.927, 21.674, 1.690, 61.548, 110.646, -18.286, -703.110, 1.061, 53.870, 9.953
1.700, 36.622, 52.660, 156.696, 469.810, 1.085, 33.179, 22.137, 1.700, 62.652, 110.404, -24.182, -589.595, 1.085, 54.397, 10.923
1.710, 37.165, 54.263, 160.292, 359.614, 1.108, 33.426, 22.620, 1.710, 63.753, 110.114, -28.976, -479.433, 1.108, 54.900, 11.902
1.720, 37.724, 55.891, 162.846, 255.351, 1.130, 33.670, 23.123, 1.720, 64.851, 109.787, -32.729, -375.220, 1.130, 55.380, 12.890
1.730, 38.299, 57.535, 164.436, 158.972, 1.152, 33.910, 23.646, 1.730, 65.945, 109.432, -35.517, -278.867, 1.152, 55.835, 13.885
1.740, 38.891, 59.187, 165.153, 71.782, 1.173, 34.145, 24.189, 1.740, 67.036, 109.057, -37.434, -191.710, 1.173, 56.269, 14.886
1.750, 39.499, 60.838, 165.099, -5.464, 1.193, 34.375, 24.752, 1.750, 68.123, 108.672, -38.579, -114.484, 1.193, 56.680, 15.892
1.760, 40.124, 62.482, 164.374, -72.507, 1.212, 34.600, 25.335, 1.760, 69.206, 108.281, -39.054, -47.462, 1.212, 57.070, 16.902
1.770, 40.765, 64.112, 163.079, -129.476, 1.230, 34.820, 25.937, 1.770, 70.284, 107.891, -38.959, 9.490, 1.230, 57.440, 17.915
1.780, 41.422, 65.726, 161.311, -176.798, 1.247, 35.034, 26.559, 1.780, 71.360, 107.508, -38.391, 56.803, 1.247, 57.790, 18.932
1.790, 42.096, 67.317, 159.160, -215.115, 1.264, 35.243, 27.199, 1.790, 72.431, 107.133, -37.440, 95.113, 1.264, 58.122, 19.950
1.800, 42.784, 68.884, 156.708, -245.200, 1.280, 35.445, 27.857, 1.800, 73.499, 106.771, -36.188, 125.193, 1.280, 58.436, 20.971
1.810, 43.489, 70.425, 154.029, -267.897, 1.295, 35.642, 28.533, 1.810, 74.563, 106.424, -34.709, 147.888, 1.295, 58.734, 21.992
1.820, 44.208, 71.936, 151.188, -284.069, 1.309, 35.833, 29.227, 1.820, 75.624, 106.094, -33.068, 164.060, 1.309, 59.016, 23.015
1.830, 44.942, 73.419, 148.242, -294.563, 1.322, 36.019, 29.937, 1.830, 76.682, 105.780, -31.323, 174.550, 1.322, 59.283, 24.039
1.840, 45.691, 74.871, 145.241, -300.171, 1.335, 36.198, 30.664, 1.840, 77.736, 105.485, -29.521, 180.172, 1.335, 59.535, 25.063
1.850, 46.454, 76.293, 142.224, -301.645, 1.347, 36.371, 31.407, 1.850, 78.788, 105.208, -27.705, 181.646, 1.347, 59.775, 26.087
1.860, 47.231, 77.686, 139.228, -299.647, 1.359, 36.539, 32.165, 1.860, 79.838, 104.949, -25.908, 179.644, 1.359, 60.001, 27.112
1.870, 48.021, 79.049, 136.280, -294.759, 1.369, 36.702, 32.939, 1.870, 80.885, 104.707, -24.161, 174.774, 1.369, 60.216, 28.137
1.880, 48.825, 80.383, 133.405, -287.515, 1.379, 36.858, 33.727, 1.880, 81.930, 104.482, -22.485, 167.525, 1.379, 60.420, 29.162
1.890, 49.642, 81.689, 130.622, -278.343, 1.389, 37.010, 34.530, 1.890, 82.973, 104.273, -20.902, 158.361, 1.389, 60.614, 30.186
1.900, 50.472, 82.968, 127.945, -267.626, 1.398, 37.156, 35.347, 1.900, 84.013, 104.079, -19.425, 147.648, 1.398, 60.797, 31.211
1.910, 51.314, 84.222, 125.389, -255.673, 1.406, 37.298, 36.177, 1.910, 85.052, 103.899, -18.068, 135.703, 1.406, 60.972, 32.235
1.920, 52.168, 85.452, 122.961, -242.748, 1.413, 37.435, 37.020, 1.920, 86.090, 103.730, -16.840, 122.776, 1.413, 61.139, 33.259
1.930, 53.035, 86.658, 120.671, -229.048, 1.420, 37.568, 37.877, 1.930, 87.125, 103.573, -15.750, 109.084, 1.420, 61.297, 34.282
1.940, 53.913, 87.844, 118.523, -214.741, 1.427, 37.697, 38.746, 1.940, 88.160, 103.425, -14.802, 94.785, 1.427, 61.449, 35.305
1.950, 54.804, 89.009, 116.524, -199.956, 1.433, 37.822, 39.627, 1.950, 89.192, 103.285, -14.002, 79.996, 1.433, 61.594, 36.328
1.960, 55.705, 90.156, 114.676, -184.773, 1.438, 37.943, 40.520, 1.960, 90.224, 103.151, -13.354, 64.823, 1.438, 61.733, 37.350
1.970, 56.618, 91.286, 112.983, -169.265, 1.443, 38.061, 41.426, 1.970, 91.254, 103.022, -12.860, 49.312, 1.443, 61.866, 38.372
1.980, 57.542, 92.400, 111.449, -153.459, 1.448, 38.177, 42.342, 1.980, 92.283, 102.897, -12.525, 33.510, 1.448, 61.995, 39.393
1.990, 58.477, 93.501, 110.075, -137.371, 1.451, 38.290, 43.270, 1.990, 93.311, 102.774, -12.351, 17.428, 1.451, 62.119, 40.413
2.000, 59.423, 94.589, 108.865, -120.999, 1.455, 38.401, 44.210, 2.000, 94.337, 102.650, -12.341, 1.054, 1.455, 62.240, 41.432
2.010, 60.380, 95.668, 107.822, -104.318, 1.458, 38.510, 45.160, 2.010, 95.363, 102.525, -12.497, -15.629, 1.458, 62.357, 42.451
2.020, 61.347, 96.737, 106.949, -87.285, 1.460, 38.618, 46.122, 2.020, 96.387, 102.397, -12.823, -32.658, 1.460, 62.471, 43.468
2.030, 62.325, 97.800, 106.251, -69.851, 1.462, 38.726, 47.094, 2.030, 97.409, 102.264, -13.324, -50.089, 1.462, 62.583, 44.485
2.040, 63.313, 98.857, 105.731, -51.954, 1.463, 38.832, 48.076, 2.040, 98.431, 102.124, -14.004, -67.991, 1.463, 62.694, 45.500
2.050, 64.313, 99.911, 105.396, -33.508, 1.464, 38.939, 49.070, 2.050, 99.450, 101.975, -14.869, -86.435, 1.464, 62.803, 46.514
2.060, 65.322, 100.963, 105.252, -14.429, 1.464, 39.046, 50.074, 2.060, 100.468, 101.816, -15.924, -105.514, 1.464, 62.911, 47.526
2.070, 66.342, 102.016, 105.305, 5.386, 1.464, 39.155, 51.088, 2.070, 101.485, 101.644, -17.177, -125.332, 1.464, 63.019, 48.537
2.080, 67.373, 103.072, 105.566, 26.050, 1.464, 39.265, 52.113, 2.080, 102.499, 101.458, -18.637, -145.998, 1.464, 63.127, 49.546
2.090, 68.414, 104.133, 106.043, 47.687, 1.462, 39.377, 53.148, 2.090, 103.512, 101.255, -20.313, -167.638, 1.462, 63.236, 50.552
2.100, 69.466, 105.200, 106.747, 70.431, 1.461, 39.491, 54.194, 2.100, 104.522, 101.032, -22.217, -190.385, 1.461, 63.346, 51.557
2.110, 70.529, 106.277, 107.691, 94.427, 1.458, 39.609, 55.250, 2.110, 105.530, 100.789, -24.361, -214.388, 1.458, 63.458, 52.558
2.120, 71.603, 107.366, 108.890, 119.835, 1.456, 39.731, 56.317, 2.120, 106.535, 100.521, -26.759, -239.797, 1.456, 63.572, 53.557
2.130, 72.688, 108.469, 110.358, 146.815, 1.452, 39.858, 57.394, 2.130, 107.538, 100.227, -29.427, -266.785, 1.452, 63.689, 54.553
2.140, 73.783, 109.591, 112.113, 175.543, 1.448, 39.989, 58.482, 2.140, 108.537, 99.903, -32.382, -295.522, 1.448, 63.809, 55.544
2.150, 74.891, 110.732, 114.175, 206.200, 1.443, 40.128, 59.581, 2.150, 109.532, 99.547, -35.644, -326.189, 1.443, 63.933, 56.532
2.160, 76.010, 111.898, 116.565, 238.972, 1.438, 40.273, 60.690, 2.160, 110.524, 99.154, -39.234, -358.965, 1.438, 64.062, 57.515
2.170, 77.141, 113.091, 119.305, 274.026, 1.432, 40.426, 61.811, 2.170, 111.511, 98.723, -43.174, -394.041, 1.432, 64.195, 58.493
2.180, 78.284, 114.315, 122.421, 311.549, 1.425, 40.587, 62.943, 2.180, 112.493, 98.248, -47.490, -431.573, 1.425, 64.334, 59.466
2.190, 79.440, 115.575, 125.938, 351.681, 1.418, 40.759, 64.085, 2.190, 113.471, 97.726, -52.207, -471.723, 1.418, 64.479, 60.432
2.200, 80.608, 116.873, 129.883, 394.541, 1.410, 40.941, 65.240, 2.200, 114.442, 97.152, -57.353, -514.603, 1.410, 64.631, 61.392
2.210, 81.790, 118.216, 134.285, 440.191, 1.401, 41.136, 66.406, 2.210, 115.407, 96.523, -62.956, -560.278, 1.401, 64.790, 62.344
2.220, 82.987, 119.608, 139.171, 488.614, 1.391, 41.344, 67.584, 2.220, 116.366, 95.832, -69.043, -608.727, 1.391, 64.957, 63.288
2.230, 84.197, 121.054, 144.568, 539.673, 1.380, 41.567, 68.774, 2.230, 117.317, 95.076, -75.641, -659.817, 1.380, 65.132, 64.222
2.240, 85.423, 122.559, 150.499, 593.067, 1.368, 41.807, 69.975, 2.240, 118.259, 94.248, -82.774, -713.252, 1.368, 65.316, 65.147
2.250, 86.664, 124.128, 156.981, 648.284, 1.355, 42.064, 71.190, 2.250, 119.192, 93.343, -90.459, -768.499, 1.355, 65.510, 66.060
2.260, 87.922, 125.769, 164.026, 704.476, 1.341, 42.342, 72.417, 2.260, 120.116, 92.356, -98.706, -824.744, 1.341, 65.713, 66.961
2.270, 89.196, 127.485, 171.630, 760.418, 1.326, 42.641, 73.656, 2.270, 121.029, 91.281, -107.514, -880.751, 1.326, 65.927, 67.848
2.280, 90.489, 129.283, 179.774, 814.367, 1.310, 42.964, 74.908, 2.280, 121.930, 90.113, -116.861, -934.746, 1.310, 66.152, 68.720
2.290, 91.801, 131.167, 188.413, 863.862, 1.292, 43.313, 76.172, 2.290, 122.818, 88.846, -126.704, -984.315, 1.292, 66.389, 69.577
2.300, 93.132, 133.142, 197.469, 905.649, 1.273, 43.691, 77.449, 2.300, 123.693, 87.476, -136.966, -1026.161, 1.273, 66.637, 70.416
2.310, 94.484, 135.210, 206.823, 935.387, 1.253, 44.100, 78.737, 2.310, 124.553, 86.001, -147.526, -1055.996, 1.253, 66.897, 71.235
2.320, 95.858, 137.373, 216.299, 947.596, 1.231, 44.544, 80.037, 2.320, 125.397, 84.419, -158.209, -1068.267, 1.231, 67.170, 72.034
2.330, 97.254, 139.629, 225.653, 935.362, 1.207, 45.025, 81.348, 2.330, 126.225, 82.731, -168.770, -1056.107, 1.207, 67.455, 72.811
2.340, 98.674, 141.975, 234.556, 890.374, 1.182, 45.546, 82.669, 2.340, 127.034, 80.942, -178.881, -1011.186, 1.182, 67.752, 73.564
2.350, 100.118, 144.401, 242.586, 802.969, 1.154, 46.112, 83.997, 2.350, 127.825, 79.061, -188.120, -923.828, 1.154, 68.062, 74.291
2.360, 101.587, 146.893, 249.211, 662.485, 1.125, 46.726, 85.332, 2.360, 128.596, 77.101, -195.953, -783.345, 1.125, 68.384, 74.992
2.370, 103.081, 149.431, 253.790, 457.928, 1.094, 47.390, 86.670, 2.370, 129.347, 75.084, -201.741, -578.775, 1.094, 68.718, 75.664
2.380, 104.601, 151.987, 255.583, 179.295, 1.061, 48.109, 88.009, 2.380, 130.077, 73.036, -204.741, -300.039, 1.061, 69.063, 76.308
2.390, 106.147, 154.524, 253.775, -180.779, 1.027, 48.886, 89.345, 2.390, 130.787, 70.995, -204.139, 60.197, 1.027, 69.420, 76.922
2.400, 107.717, 157.000, 247.530, -624.548, 0.990, 49.723, 90.674, 2.400, 131.477, 69.004, -199.097, 504.249, 0.990, 69.788, 77.506
2.410, 109.310, 159.360, 236.063, -1146.632, 0.952, 50.622, 91.989, 2.410, 132.148, 67.116, -188.830, 1026.672, 0.952, 70.166, 78.060
2.420, 110.926, 161.548, 218.751, -1731.291, 0.912, 51.586, 93.286, 2.420, 132.802, 65.389, -172.712, 1611.817, 0.912, 70.556, 78.584
2.430, 112.561, 163.500, 195.240, -2351.052, 0.870, 52.614, 94.557, 2.430, 133.441, 63.885, -150.391, 2232.106, 0.870, 70.958, 79.081
2.440, 114.212, 165.156, 165.573, -2966.685, 0.827, 53.706, 95.796, 2.440, 134.067, 62.666, -121.908, 2848.323, 0.827, 71.372, 79.552
2.450, 115.877, 166.459, 130.272, -3530.154, 0.784, 54.859, 96.997, 2.450, 134.685, 61.788, -87.784, 3412.363, 0.784, 71.800, 79.997
2.460, 117.550, 167.362, 90.369, -3990.218, 0.739, 56.070, 98.152, 2.460, 135.298, 61.297, -49.055, 3872.911, 0.739, 72.244, 80.420
2.470, 119.229, 167.836, 47.367, -4300.252, 0.695, 57.335, 99.255, 2.470, 135.911, 61.225, -7.222, 4183.290, 0.695, 72.705, 80.823
2.480, 120.907, 167.867, 3.101, -4426.625, 0.651, 58.648, 100.301, 2.480, 136.526, 61.584, 35.876, 4309.816, 0.651, 73.187, 81.206
2.490, 122.582, 167.462, -40.452, -4355.317, 0.607, 60.002, 101.286, 2.490, 137.150, 62.366, 78.260, 4238.440, 0.607, 73.691, 81.573
2.500, 124.249, 166.648, -81.400, -4094.798, 0.564, 61.391, 102.207, 2.500, 137.786, 63.547, 118.037, 3977.659, 0.564, 74.221, 81.924
2.510, 125.903, 165.467, -118.143, -3674.296, 0.522, 62.807, 103.062, 2.510, 138.436, 65.083, 153.604, 3556.725, 0.522, 74.778, 82.261
2.520, 127.543, 163.972, -149.522, -3137.903, 0.482, 64.245, 103.851, 2.520, 139.106, 66.921, 183.802, 3019.791, 0.482, 75.365, 82.582
2.530, 129.165, 162.223, -174.887, -2536.448, 0.443, 65.697, 104.574, 2.530, 139.796, 69.001, 207.980, 2417.763, 0.443, 75.983, 82.890
2.540, 130.768, 160.282, -194.081, -1919.379, 0.406, 67.158, 105.234, 2.540, 140.508, 71.261, 225.981, 1800.138, 0.406, 76.632, 83.183
2.550, 132.350, 158.208, -207.365, -1328.451, 0.371, 68.622, 105.833, 2.550, 141.245, 73.641, 238.068, 1208.721, 0.371, 77.314, 83.462
2.560, 133.911, 156.055, -215.308, -794.236, 0.337, 70.086, 106.373, 2.560, 142.005, 76.089, 244.809, 674.097, 0.337, 78.028, 83.725
2.570, 135.449, 153.869, -218.661, -335.302, 0.306, 71.546, 106.860, 2.570, 142.791, 78.559, 246.958, 214.864, 0.306, 78.773, 83.974
2.580, 136.966, 151.686, -218.256, 40.495, 0.276, 72.999, 107.295, 2.580, 143.601, 81.012, 245.347, -161.139, 0.276, 79.549, 84.206
2.590, 138.462, 149.537, -214.919, 333.650, 0.249, 74.443, 107.683, 2.590, 144.435, 83.420, 240.802, -454.439, 0.249, 80.355, 84.422
2.600, 139.936, 147.443, -209.415, 550.403, 0.223, 75.877, 108.027, 2.600, 145.293, 85.761, 234.090, -671.210, 0.223, 81.189, 84.623
2.610, 141.390, 145.419, -202.414, 700.072, 0.199, 77.299, 108.332, 2.610, 146.173, 88.020, 225.881, -820.939, 0.199, 82.049, 84.807
2.620, 142.825, 143.474, -194.479, 793.500, 0.177, 78.708, 108.600, 2.620, 147.075, 90.187, 216.738, -914.287, 0.177, 82.935, 84.976
2.630, 144.241, 141.613, -186.067, 841.242, 0.156, 80.105, 108.835, 2.630, 147.998, 92.259, 207.118, -962.010, 0.156, 83.845, 85.129
2.640, 145.639, 139.838, -177.535, 853.175, 0.137, 81.488, 109.040, 2.640, 148.940, 94.232, 197.379, -973.866, 0.137, 84.777, 85.266
2.650, 147.021, 138.146, -169.158, 837.759, 0.120, 82.858, 109.217, 2.650, 149.901, 96.110, 187.795, -958.385, 0.120, 85.730, 85.390
2.660, 148.386, 136.535, -161.137, 802.066, 0.104, 84.215, 109.369, 2.660, 150.880, 97.896, 178.569, -922.614, 0.104, 86.703, 85.499
2.670, 149.736, 134.999, -153.620, 751.729, 0.089, 85.559, 109.499, 2.670, 151.876, 99.595, 169.847, -872.212, 0.089, 87.695, 85.595
2.680, 151.072, 133.532, -146.708, 691.123, 0.076, 86.889, 109.609, 2.680, 152.888, 101.212, 161.732, -811.544, 0.076, 88.703, 85.678
2.690, 152.393, 132.127, -140.473, 623.513, 0.063, 88.207, 109.701, 2.690, 153.916, 102.755, 154.293, -743.865, 0.063, 89.728, 85.749
2.700, 153.701, 130.777, -134.961, 551.212, 0.052, 89.513, 109.776, 2.700, 154.958, 104.231, 147.578, -671.515, 0.052, 90.769, 85.809
2.710, 154.995, 129.475, -130.203, 475.789, 0.042, 90.806, 109.838, 2.710, 156.014, 105.647, 141.617, -596.054, 0.042, 91.824, 85.859
2.720, 156.278, 128.213, -126.221, 398.195, 0.034, 92.088, 109.886, 2.720, 157.085, 107.011, 136.433, -518.406, 0.034, 92.893, 85.900
2.730, 157.547, 126.983, -123.033, 318.831, 0.026, 93.357, 109.924, 2.730, 158.168, 108.331, 132.043, -439.016, 0.026, 93.976, 85.932
2.740, 158.805, 125.776, -120.656, 237.715, 0.019, 94.614, 109.952, 2.740, 159.264, 109.616, 128.464, -357.868, 0.019, 95.072, 85.956
2.750, 160.051, 124.585, -119.111, 154.469, 0.013, 95.860, 109.972, 2.750, 160.373, 110.873, 125.718, -274.611, 0.013, 96.181, 85.974
2.760, 161.285, 123.401, -118.427, 68.425, 0.009, 97.094, 109.986, 2.760, 161.494, 112.112, 123.833, -188.528, 0.009, 97.302, 85.986
2.770, 162.507, 122.214, -118.642, -21.466, 0.005, 98.316, 109.994, 2.770, 162.627, 113.340, 122.846, -98.650, 0.005, 98.435, 85.994
2.780, 163.717, 121.016, -119.807, -116.488, 0.002, 99.526, 109.998, 2.780, 163.773, 114.568, 122.810, -3.602, 0.002, 99.581, 85.998
2.790, 164.915, 119.796, -121.990, -218.366, 0.001, 100.724, 110.000, 2.790, 164.931, 115.806, 123.793, 98.263, 0.001, 100.739, 86.000
2.800, 166.101, 118.543, -125.314, -332.357, 0.000, 101.910, 110.000, 2.800, 166.102, 117.065, 125.852, 205.880, 0.000, 101.910, 86.000
2.810, 167.279, 117.804, -73.915, 5139.909, 0.000, 103.088, 110.000, 2.810, 167.280, 117.797, 73.188, -5266.381, 0.000, 103.088, 86.000
2.820, 168.457, 117.791, -1.345, 7256.972, 0.000, 104.265, 110.000, 2.820, 168.458, 117.791, -0.581, -7376.913, 0.000, 104.265, 86.000
2.830, 169.634, 117.775, -1.563, -21.756, 0.000, 105.443, 110.000, 2.830, 169.635, 117.775, -1.563, -98.147, 0.000, 105.443, 86.000
2.840, 170.812, 117.753, -2.162, -59.951, 0.000, 106.621, 110.000, 2.840, 170.813, 117.753, -2.162, -59.951, 0.000, 106.621, 86.000
2.850, 171.989, 117.726, -2.762, -59.951, 0.000, 107.798, 110.000, 2.850, 171.990, 117.726, -2.762, -59.951, 0.000, 107.798, 86.000
2.860, 173.166, 117.692, -3.361, -59.951, 0.000, 108.975, 110.000, 2.860, 173.167, 117.692, -3.361, -59.951, 0.000, 108.975, 86.000
2.870, 174.343, 117.653, -3.961, -59.951, 0.000, 110.151, 110.000, 2.870, 174.344, 117.653, -3.961, -59.951, 0.000, 110.151, 86.000
2.880, 175.519, 117.607, -4.560, -59.951, 0.000, 111.328, 110.000, 2.880, 175.520, 117.607, -4.560, -59.951, 0.000, 111.328, 86.000
2.890, 176.694, 117.555, -5.160, -59.951, 0.000, 112.503, 110.000, 2.890, 176.695, 117.555, -5.160, -59.951, 0.000, 112.503, 86.000
2.900, 177.869, 117.498, -5.759, -59.951, 0.000, 113.678, 110.000, 2.900, 177.870, 117.498, -5.759, -59.951, 0.000, 113.678, 86.000
2.910, 179.044, 117.434, -6.359, -59.951, 0.000, 114.852, 110.000, 2.910, 179.044, 117.434, -6.359, -59.951, 0.000, 114.852, 86.000
2.920, 180.217, 117.365, -6.958, -59.951, 0.000, 116.026, 110.000, 2.920, 180.218, 117.365, -6.958, -59.951, 0.000, 116.026, 86.000
2.930, 181.390, 117.289, -7.558, -59.951, 0.000, 117.199, 110.000, 2.930, 181.391, 117.289, -7.558, -59.951, 0.000, 117.199, 86.000
2.940, 182.562, 117.208, -8.157, -59.951, 0.000, 118.371, 110.000, 2.940, 182.563, 117.208, -8.157, -59.951, 0.000, 118.371, 86.000
2.950, 183.733, 117.120, -8.757, -59.951, 0.000, 119.542, 110.000, 2.950, 183.734, 117.120, -8.757, -59.951, 0.000, 119.542, 86.000
2.960, 184.904, 117.026, -9.356, -59.951, 0.000, 120.712, 110.000, 2.960, 184.905, 117.026, -9.356, -59.951, 0.000, 120.712, 86.000
2.970, 186.073, 116.927, -9.956, -59.951, 0.000, 121.882, 110.000, 2.970, 186.074, 116.927, -9.956, -59.951, 0.000, 121.882, 86.000
2.980, 187.241, 116.821, -10.555, -59.951, 0.000, 123.050, 110.000, 2.980, 187.242, 116.821, -10.555, -59.951, 0.000, 123.050, 86.000
2.990, 188.408, 116.710, -11.155, -59.951, 0.000, 124.217, 110.000, 2.990, 188.409, 116.710, -11.155, -59.951, 0.000, 124.217, 86.000
3.000, 189.574, 116.592, -11.754, -59.951, 0.000, 125.383, 110.000, 3.000, 189.575, 116.592, -11.754, -59.951, 0.000, 125.383, 86.000
3.010, 190.739, 116.469, -12.354, -59.951, 0.000, 126.548, 110.000, 3.010, 190.740, 116.469, -12.354, -59.951, 0.000, 126.548, 86.000
3.020, 191.902, 116.339, -12.953, -59.951, 0.000, 127.711, 110.000, 3.020, 191.903, 116.339, -12.953, -59.951, 0.000, 127.711, 86.000
3.030, 193.064, 116.204, -13.553, -59.951, 0.000, 128.873, 110.000, 3.030, 193.065, 116.204, -13.553, -59.951, 0.000, 128.873, 86.000
3.040, 194.225, 116.062, -14.152, -59.951, 0.000, 130.034, 110.000, 3.040, 194.226, 116.062, -14.152, -59.951, 0.000, 130.034, 86.000
3.050, 195.384, 115.915, -14.752, -59.951, 0.000, 131.193, 110.000, 3.050, 195.385, 115.915, -14.752, -59.951, 0.000, 131.193, 86.000
3.060, 196.542, 115.761, -15.351, -59.951, 0.000, 132.350, 110.000, 3.060, 196.543, 115.761, -15.351, -59.951, 0.000, 132.350, 86.000
3.070, 197.698, 115.602, -15.951, -59.951, 0.000, 133.507, 110.000, 3.070, 197.699, 115.602, -15.951, -59.951, 0.000, 133.507, 86.000
3.080, 198.852, 115.436, -16.550, -59.951, 0.000, 134.661, 110.000, 3.080, 198.853, 115.436, -16.550, -59.951, 0.000, 134.661, 86.000
3.090, 200.005, 115.265, -17.150, -59.951, 0.000, 135.814, 110.000, 3.090, 200.006, 115.265, -17.150, -59.951, 0.000, 135.814, 86.000
3.100, 201.156, 115.087, -17.749, -59.951, 0.000, 136.964, 110.000, 3.100, 201.156, 115.087, -17.749, -59.951, 0.000, 136.964, 86.000
3.110, 202.305, 114.904, -18.349, -59.951, 0.000, 138.113, 110.000, 3.110, 202.305, 114.904, -18.349, -59.951, 0.000, 138.113, 86.000
3.120, 203.452, 114.714, -18.948, -59.951, 0.000, 139.261, 110.000, 3.120, 203.453, 114.714, -18.948, -59.951, 0.000, 139.261, 86.000
3.130, 204.597, 114.519, -19.548, -59.951, 0.000, 140.406, 110.000, 3.130, 204.598, 114.519, -19.548, -59.951, 0.000, 140.406, 86.000
3.140, 205.740, 114.317, -20.147, -59.951, 0.000, 141.549, 110.000, 3.140, 205.741, 114.317, -20.147, -59.951, 0.000, 141.549, 86.000
3.150, 206.881, 114.110, -20.747, -59.951, 0.000, 142.690, 110.000, 3.150, 206.882, 114.110, -20.747, -59.951, 0.000, 142.690, 86.000
3.160, 208.020, 113.896, -21.346, -59.951, 0.000, 143.829, 110.000, 3.160, 208.021, 113.896, -21.346, -59.951, 0.000, 143.829, 86.000
3.170, 209.157, 113.677, -21.946, -59.951, 0.000, 144.966, 110.000, 3.170, 209.158, 113.677, -21.946, -59.951, 0.000, 144.966, 86.000
3.180, 210.291, 113.451, -22.545, -59.951, 0.000, 146.100, 110.000, 3.180, 210.292, 113.451, -22.545, -59.951, 0.000, 146.100, 86.000
3.190, 211.424, 113.220, -23.145, -59.951, 0.000, 147.232, 110.000, 3.190, 211.425, 113.220, -23.145, -59.951, 0.000, 147.232, 86.000
3.200, 212.553, 112.982, -23.744, -59.951, 0.000, 148.362, 110.000, 3.200, 212.554, 112.982, -23.744, -59.951, 0.000, 148.362, 86.000
3.210, 213.681, 112.739, -24.344, -59.951, 0.000, 149.490, 110.000, 3.210, 213.682, 112.739, -24.344, -59.951, 0.000, 149.490, 86.000
3.220, 214.806, 112.490, -24.944, -59.951, 0.000, 150.615, 110.000, 3.220, 214.807, 112.490, -24.944, -59.951, 0.000, 150.615, 86.000
3.230, 215.928, 112.234, -25.543, -59.951, 0.000, 151.737, 110.000, 3.230, 215.929, 112.234, -25.543, -59.951, 0.000, 151.737, 86.000
3.240, 217.048, 111.973, -26.143, -59.951, 0.000, 152.857, 110.000, 3.240, 217.049, 111.973, -26.143, -59.951, 0.000, 152.857, 86.000
3.250, 218.165, 111.705, -26.742, -59.951, 0.000, 153.974, 110.000, 3.250, 218.166, 111.705, -26.742, -59.951, 0.000, 153.974, 86.000
3.260, 219.279, 111.432, -27.342, -59.951, 0.000, 155.088, 110.000, 3.260, 219.280, 111.432, -27.342, -59.951, 0.000, 155.088, 86.000
3.270, 220.391, 111.152, -27.941, -59.951, 0.000, 156.200, 110.000, 3.270, 220.392, 111.152, -27.941, -59.951, 0.000, 156.200, 86.000
3.280, 221.499, 110.867, -28.541, -59.951, 0.000, 157.308, 110.000, 3.280, 221.500, 110.867, -28.541, -59.951, 0.000, 157.308, 86.000
3.290, 222.605, 110.576, -29.140, -59.951, 0.000, 158.414, 110.000, 3.290, 222.606, 110.576, -29.140, -59.951, 0.000, 158.414, 86.000
3.300, 223.708, 110.278, -29.740, -59.951, 0.000, 159.517, 110.000, 3.300, 223.709, 110.278, -29.740, -59.951, 0.000, 159.517, 86.000
3.310, 224.808, 109.975, -30.339, -59.951, 0.000, 160.616, 110.000, 3.310, 224.809, 109.975, -30.339, -59.951, 0.000, 160.616, 86.000
3.320, 225.904, 109.665, -30.939, -59.951, 0.000, 161.713, 110.000, 3.320, 225.905, 109.665, -30.939, -59.951, 0.000, 161.713, 86.000
3.330, 226.998, 109.350, -31.538, -59.951, 0.000, 162.807, 110.000, 3.330, 226.999, 109.350, -31.538, -59.951, 0.000, 162.807, 86.000
3.340, 228.088, 109.029, -32.138, -59.951, 0.000, 163.897, 110.000, 3.340, 228.089, 109.029, -32.138, -59.951, 0.000, 163.897, 86.000
3.350, 229.175, 108.701, -32.737, -59.951, 0.000, 164.984, 110.000, 3.350, 229.176, 108.701, -32.737, -59.951, 0.000, 164.984, 86.000
3.360, 230.259, 108.368, -33.337, -59.951, 0.000, 166.068, 110.000, 3.360, 230.260, 108.368, -33.337, -59.951, 0.000, 166.068, 86.000
3.370, 231.339, 108.029, -33.936, -59.951, 0.000, 167.148, 110.000, 3.370, 231.340, 108.029, -33.936, -59.951, 0.000, 167.148, 86.000
3.380, 232.416, 107.683, -34.536, -59.951, 0.000, 168.225, 110.000, 3.380, 232.417, 107.683, -34.536, -59.951, 0.000, 168.225, 86.000
3.390, 233.489, 107.332, -35.135, -59.951, 0.000, 169.298, 110.000, 3.390, 233.490, 107.332, -35.135, -59.951, 0.000, 169.298, 86.000
3.400, 234.559, 106.975, -35.735, -59.951, 0.000, 170.368, 110.000, 3.400, 234.560, 106.975, -35.735, -59.951, 0.000, 170.368, 86.000
3.410, 235.625, 106.611, -36.334, -59.951, 0.000, 171.434, 110.000, 3.410, 235.626, 106.611, -36.334, -59.951, 0.000, 171.434, 86.000
3.420, 236.687, 106.242, -36.934, -59.951, 0.000, 172.496, 110.000, 3.420, 236.688, 106.242, -36.934, -59.951, 0.000, 172.496, 86.000
3.430, 237.746, 105.867, -37.533, -59.951, 0.000, 173.555, 110.000, 3.430, 237.747, 105.867, -37.533, -59.951, 0.000, 173.555, 86.000
3.440, 238.801, 105.485, -38.133, -59.951, 0.000, 174.610, 110.000, 3.440, 238.802, 105.485, -38.133, -59.951, 0.000, 174.610, 86.000
3.450, 239.852, 105.098, -38.732, -59.951, 0.000, 175.661, 110.000, 3.450, 239.853, 105.098, -38.732, -59.951, 0.000, 175.661, 86.000
3.460, 240.899, 104.705, -39.332, -59.951, 0.000, 176.708, 110.000, 3.460, 240.900, 104.705, -39.332, -59.951, 0.000, 176.708, 86.000
3.470, 241.942, 104.305, -39.931, -59.951, 0.000, 177.751, 110.000, 3.470, 241.943, 104.305, -39.931, -59.951, 0.000, 177.751, 86.000
3.480, 242.981, 103.900, -40.531, -59.951, 0.000, 178.790, 110.000, 3.480, 242.982, 103.900, -40.531, -59.951, 0.000, 178.790, 86.000
3.490, 244.016, 103.489, -41.130, -59.951, 0.000, 179.825, 110.000, 3.490, 244.017, 103.489, -41.130, -59.951, 0.000, 179.825, 86.000
3.500, 245.062, 104.594, 110.525, 15165.499, 6.282, 180.871, 110.000, 3.500, 245.032, 101.549, -193.986, -15285.550, 6.282, 180.840, 86.000
3.510, 246.145, 108.283, 368.934, 25840.943, 6.277, 181.954, 109.996, 3.510, 246.002, 97.013, -453.610, -25962.453, 6.277, 181.810, 85.996
3.520, 247.261, 111.637, 335.358, -3357.634, 6.269, 183.070, 109.985, 3.520, 246.930, 92.800, -421.249, 3236.129, 6.269, 182.738, 85.988
3.530, 248.407, 114.631, 299.394, -3596.404, 6.259, 184.216, 109.963, 3.530, 247.820, 88.935, -386.495, 3475.386, 6.259, 183.628, 85.971
3.540, 249.580, 117.293, 266.255, -3313.882, 6.245, 185.388, 109.927, 3.540, 248.674, 85.390, -354.563, 3193.254, 6.245, 184.481, 85.944
3.550, 250.777, 119.641, 234.796, -3145.919, 6.230, 186.584, 109.873, 3.550, 249.495, 82.147, -324.307, 3025.618, 6.230, 185.302, 85.907
3.560, 251.994, 121.682, 204.093, -3070.233, 6.212, 187.798, 109.797, 3.560, 250.287, 79.198, -294.804, 2950.222, 6.212, 186.092, 85.858
3.570, 253.228, 123.417, 173.450, -3064.315, 6.193, 189.028, 109.698, 3.570, 251.053, 76.545, -265.359, 2944.566, 6.193, 186.855, 85.796
3.580, 254.476, 124.841, 142.397, -3105.304, 6.171, 190.270, 109.572, 3.580, 251.795, 74.190, -235.501, 2985.795, 6.171, 187.593, 85.721
3.590, 255.736, 125.948, 110.695, -3170.230, 6.149, 191.520, 109.417, 3.590, 252.516, 72.140, -204.991, 3050.935, 6.149, 188.309, 85.633
3.600, 257.003, 126.731, 78.328, -3236.699, 6.126, 192.774, 109.233, 3.600, 253.220, 70.402, -173.816, 3117.586, 6.126, 189.006, 85.531
3.610, 258.275, 127.186, 45.488, -3284.033, 6.101, 194.028, 109.018, 3.610, 253.910, 68.980, -142.165, 3165.063, 6.101, 189.686, 85.414
3.620, 259.548, 127.311, 12.541, -3294.677, 6.077, 195.277, 108.772, 3.620, 254.589, 67.876, -110.407, 3175.800, 6.077, 190.352, 85.283
3.630, 260.819, 127.111, -20.015, -3255.585, 6.051, 196.517, 108.496, 3.630, 255.259, 67.086, -79.039, 3136.748, 6.051, 191.006, 85.137
3.640, 262.085, 126.595, -51.608, -3159.301, 6.026, 197.746, 108.190, 3.640, 255.925, 66.599, -48.635, 3040.447, 6.026, 191.653, 84.976
3.650, 263.343, 125.778, -81.652, -3004.427, 6.002, 198.958, 107.856, 3.650, 256.589, 66.402, -19.780, 2885.504, 6.002, 192.293, 84.800
3.660, 264.590, 124.682, -109.606, -2795.364, 5.977, 200.152, 107.495, 3.660, 257.254, 66.471, 6.983, 2676.328, 5.977, 192.929, 84.607
3.670, 265.823, 123.332, -135.019, -2541.334, 5.954, 201.324, 107.110, 3.670, 257.922, 66.783, 31.205, 2422.151, 5.954, 193.563, 84.399
3.680, 267.040, 121.756, -157.568, -2254.873, 5.931, 202.471, 106.703, 3.680, 258.595, 67.309, 52.560, 2135.526, 5.931, 194.198, 84.174
3.690, 268.240, 119.986, -177.069, -1950.095, 5.910, 203.593, 106.277, 3.690, 259.275, 68.018, 70.866, 1830.575, 5.910, 194.834, 83.932
3.700, 269.421, 118.051, -193.479, -1641.005, 5.889, 204.687, 105.835, 3.700, 259.964, 68.878, 86.079, 1521.319, 5.889, 195.472, 83.674
3.710, 270.581, 115.982, -206.880, -1340.139, 5.870, 205.754, 105.379, 3.710, 260.663, 69.861, 98.282, 1220.302, 5.870, 196.115, 83.400
3.720, 271.719, 113.808, -217.457, -1057.645, 5.852, 206.792, 104.913, 3.720, 261.372, 70.938, 107.659, 937.679, 5.852, 196.762, 83.109
3.730, 272.834, 111.553, -225.465, -800.850, 5.836, 207.802, 104.438, 3.730, 262.093, 72.083, 114.467, 680.777, 5.836, 197.414, 82.802
3.740, 273.927, 109.241, -231.208, -574.233, 5.821, 208.783, 103.958, 3.740, 262.826, 73.273, 119.007, 454.078, 5.821, 198.072, 82.480
3.750, 274.996, 106.891, -235.005, -379.711, 5.807, 209.736, 103.474, 3.750, 263.570, 74.489, 121.602, 259.499, 5.807, 198.737, 82.143
3.760, 276.041, 104.519, -237.176, -217.102, 5.795, 210.662, 102.990, 3.760, 264.328, 75.714, 122.571, 96.851, 5.795, 199.407, 81.792
3.770, 277.062, 102.139, -238.022, -84.644, 5.785, 211.562, 102.506, 3.770, 265.097, 76.937, 122.215, -35.627, 5.785, 200.085, 81.428
3.780, 278.060, 99.761, -237.817, 20.490, 5.776, 212.436, 102.025, 3.780, 265.878, 78.145, 120.807, -140.768, 5.776, 200.770, 81.051
3.790, 279.034, 97.393, -236.800, 101.754, 5.768, 213.285, 101.548, 3.790, 266.672, 79.330, 118.587, -222.028, 5.768, 201.461, 80.663
3.800, 279.984, 95.041, -235.171, 162.873, 5.762, 214.110, 101.077, 3.800, 267.477, 80.488, 115.755, -283.136, 5.762, 202.160, 80.264
3.810, 280.911, 92.710, -233.095, 207.590, 5.757, 214.913, 100.614, 3.810, 268.293, 81.613, 112.477, -327.838, 5.757, 202.867, 79.856
3.820, 281.815, 90.403, -230.700, 239.491, 5.754, 215.694, 100.159, 3.820, 269.120, 82.702, 108.880, -359.719, 5.754, 203.582, 79.439
3.830, 282.696, 88.122, -228.081, 261.895, 5.752, 216.455, 99.713, 3.830, 269.957, 83.752, 105.059, -382.103, 5.752, 204.304, 79.016
3.840, 283.555, 85.869, -225.303, 277.808, 5.752, 217.195, 99.278, 3.840, 270.805, 84.763, 101.079, -397.993, 5.752, 205.035, 78.587
3.850, 284.392, 83.645, -222.404, 289.894, 5.753, 217.916, 98.854, 3.850, 271.662, 85.733, 96.978, -410.058, 5.753, 205.775, 78.152
3.860, 285.206, 81.451, -219.400, 300.487, 5.755, 218.619, 98.443, 3.860, 272.529, 86.660, 92.772, -420.628, 5.755, 206.522, 77.715
3.870, 285.999, 79.288, -216.284, 311.597, 5.758, 219.305, 98.045, 3.870, 273.404, 87.545, 88.455, -431.715, 5.758, 207.279, 77.275
3.880, 286.771, 77.158, -213.034, 324.929, 5.763, 219.973, 97.659, 3.880, 274.288, 88.385, 84.005, -445.025, 5.763, 208.045, 76.834
3.890, 287.521, 75.062, -209.615, 341.896, 5.769, 220.626, 97.288, 3.890, 275.180, 89.179, 79.385, -461.970, 5.769, 208.820, 76.393
3.900, 288.251, 73.002, -205.979, 363.626, 5.776, 221.263, 96.931, 3.900, 276.079, 89.924, 74.548, -483.677, 5.776, 209.605, 75.953
3.910, 288.961, 70.981, -202.069, 390.957, 5.784, 221.884, 96.589, 3.910, 276.985, 90.619, 69.438, -510.985, 5.784, 210.399, 75.516
3.920, 289.651, 69.003, -197.825, 424.433, 5.793, 222.492, 96.261, 3.920, 277.898, 91.259, 63.994, -544.436, 5.793, 211.202, 75.083
3.930, 290.322, 67.071, -193.182, 464.283, 5.804, 223.085, 95.949, 3.930, 278.816, 91.840, 58.151, -584.262, 5.804, 212.014, 74.655
3.940, 290.974, 65.190, -188.078, 510.407, 5.815, 223.665, 95.651, 3.940, 279.740, 92.359, 51.848, -630.359, 5.815, 212.836, 74.233
3.950, 291.607, 63.366, -182.455, 562.351, 5.827, 224.233, 95.369, 3.950, 280.668, 92.809, 45.025, -682.275, 5.827, 213.667, 73.820
3.960, 292.223, 61.603, -176.262, 619.296, 5.840, 224.787, 95.101, 3.960, 281.600, 93.185, 37.633, -739.192, 5.840, 214.506, 73.415
3.970, 292.822, 59.909, -169.461, 680.056, 5.854, 225.330, 94.848, 3.970, 282.535, 93.482, 29.634, -799.922, 5.854, 215.354, 73.020
3.980, 293.405, 58.288, -162.030, 743.089, 5.869, 225.862, 94.610, 3.980, 283.472, 93.692, 21.005, -862.927, 5.869, 216.209, 72.637
3.990, 293.973, 56.749, -153.965, 806.539, 5.885, 226.384, 94.386, 3.990, 284.410, 93.809, 11.741, -926.347, 5.885, 217.071, 72.266
4.000, 294.526, 55.296, -145.282, 868.290, 5.901, 226.895, 94.175, 4.000, 285.348, 93.828, 1.860, -988.072, 5.901, 217.938, 71.909
4.010, 295.065, 53.936, -136.021, 926.064, 5.917, 227.397, 93.978, 4.010, 286.285, 93.742, -8.598, -1045.821, 5.917, 218.811, 71.567
4.020, 295.592, 52.673, -126.246, 977.527, 5.934, 227.890, 93.794, 4.020, 287.221, 93.546, -19.570, -1097.261, 5.934, 219.687, 71.239
4.030, 296.107, 51.513, -116.042, 1020.422, 5.952, 228.376, 93.622, 4.030, 288.153, 93.236, -30.972, -1140.139, 5.952, 220.566, 70.928
4.040, 296.612, 50.458, -105.515, 1052.710, 5.969, 228.855, 93.462, 4.040, 289.081, 92.809, -42.696, -1172.415, 5.969, 221.446, 70.634
4.050, 297.107, 49.510, -94.788, 1072.707, 5.987, 229.327, 93.313, 4.050, 290.004, 92.263, -54.620, -1192.405, 5.987, 222.326, 70.357
4.060, 297.593, 48.670, -83.996, 1079.197, 6.005, 229.794, 93.175, 4.060, 290.920, 91.597, -66.609, -1198.895, 6.005, 223.205, 70.098
4.070, 298.073, 47.937, -73.280, 1071.526, 6.023, 230.256, 93.048, 4.070, 291.828, 90.812, -78.521, -1191.229, 6.023, 224.080, 69.856
4.080, 298.546, 47.309, -62.784, 1049.643, 6.041, 230.714, 92.930, 4.080, 292.727, 89.910, -90.215, -1169.357, 6.041, 224.951, 69.632
4.090, 299.014, 46.783, -52.643, 1014.107, 6.058, 231.169, 92.822, 4.090, 293.616, 88.894, -101.553, -1133.837, 6.058, 225.816, 69.427
4.100, 299.477, 46.353, -42.983, 966.036, 6.075, 231.622, 92.722, 4.100, 294.494, 87.770, -112.411, -1085.786, 6.075, 226.673, 69.238
4.110, 299.937, 46.014, -33.890, 909.244, 6.092, 232.073, 92.631, 4.110, 295.359, 86.544, -122.638, -1022.644, 6.092, 227.521, 69.067
4.120, 300.395, 45.761, -25.267, 862.338, 6.109, 232.523, 92.548, 4.120, 296.211, 85.226, -131.796, -915.813, 6.109, 228.359, 68.912
4.130, 300.851, 45.589, -17.193, 807.382, 6.125, 232.972, 92.473, 4.130, 297.050, 83.827, -139.869, -807.306, 6.125, 229.186, 68.773
4.140, 301.306, 45.490, -9.891, 730.160, 6.140, 233.422, 92.405, 4.140, 297.873, 82.355, -147.170, -730.110, 6.140, 230.000, 68.650
4.150, 301.760, 45.457, -3.379, 651.290, 6.155, 233.873, 92.343, 4.150, 298.681, 80.818, -153.682, -651.262, 6.155, 230.801, 68.540
4.160, 302.215, 45.480, 2.349, 572.740, 6.169, 234.324, 92.288, 4.160, 299.474, 79.224, -159.410, -572.736, 6.169, 231.588, 68.445
4.170, 302.671, 45.553, 7.311, 496.246, 6.182, 234.777, 92.239, 4.170, 300.249, 77.581, -164.372, -496.261, 6.182, 232.359, 68.361
4.180, 303.127, 45.669, 11.544, 423.255, 6.195, 235.232, 92.196, 4.180, 301.008, 75.895, -168.605, -423.288, 6.195, 233.114, 68.290
4.190, 303.585, 45.820, 15.093, 354.907, 6.207, 235.688, 92.158, 4.190, 301.750, 74.173, -172.155, -354.954, 6.207, 233.854, 68.229
4.200, 304.045, 46.000, 18.013, 292.029, 6.218, 236.147, 92.126, 4.200, 302.474, 72.422, -175.076, -292.088, 6.218, 234.576, 68.177
4.210, 304.508, 46.203, 20.365, 235.153, 6.228, 236.608, 92.098, 4.210, 303.181, 70.648, -177.428, -235.220, 6.228, 235.281, 68.135
4.220, 304.972, 46.426, 22.210, 184.543, 6.237, 237.072, 92.074, 4.220, 303.869, 68.855, -179.274, -184.617, 6.237, 235.969, 68.100
4.230, 305.438, 46.662, 23.613, 140.236, 6.246, 237.538, 92.055, 4.230, 304.540, 67.049, -180.677, -140.315, 6.246, 236.639, 68.072
4.240, 305.907, 46.908, 24.633, 102.079, 6.253, 238.007, 92.039, 4.240, 305.192, 65.232, -181.699, -102.160, 6.253, 237.291, 68.050
4.250, 306.379, 47.161, 25.331, 69.767, 6.260, 238.478, 92.027, 4.250, 305.826, 63.408, -182.397, -69.849, 6.260, 237.925, 68.033
4.260, 306.853, 47.419, 25.760, 42.884, 6.266, 238.953, 92.017, 4.260, 306.442, 61.579, -182.827, -42.967, 6.266, 238.540, 68.021
4.270, 307.330, 47.679, 25.969, 20.936, 6.271, 239.429, 92.010, 4.270, 307.040, 59.749, -183.037, -21.018, 6.271, 239.138, 68.012
4.280, 307.809, 47.939, 26.003, 3.375, 6.275, 239.909, 92.006, 4.280, 307.619, 57.918, -183.072, -3.453, 6.275, 239.717, 68.006
4.290, 308.291, 48.198, 25.899, -10.377, 6.278, 240.391, 92.003, 4.290, 308.180, 56.089, -182.969, 10.300, 6.278, 240.278, 68.003
4.300, 308.776, 48.455, 25.721, -17.869, 6.281, 240.875, 92.001, 4.300, 308.722, 54.261, -182.727, 24.168, 6.281, 240.820, 68.001
4.310, 309.263, 48.712, 25.757, 3.662, 6.282, 241.362, 92.000, 4.310, 309.247, 52.440, -182.101, 62.593, 6.282, 241.345, 68.000
4.320, 309.753, 48.973, 26.029, 27.173, 6.283, 241.852, 92.000, 4.320, 309.753, 50.628, -181.174, 92.663, 6.283, 241.851, 68.000
4.330, 310.243, 48.984, 1.132, -2489.658, 0.000, 242.342, 92.000, 4.330, 310.244, 49.078, -155.079, 2609.498, 0.000, 242.342, 68.000
4.340, 310.725, 48.267, -71.692, -7282.405, 0.000, 242.824, 92.000, 4.340, 310.726, 48.267, -81.057, 7402.288, 0.000, 242.824, 68.000
4.350, 311.200, 47.509, -75.775, -408.291, 0.000, 243.300, 92.000, 4.350, 311.201, 47.509, -75.775, 528.193, 0.000, 243.300, 68.000
4.360, 311.668, 46.758, -75.175, 59.951, 0.000, 243.767, 92.000, 4.360, 311.669, 46.758, -75.175, 59.951, 0.000, 243.767, 68.000
4.370, 312.128, 46.012, -74.576, 59.951, 0.000, 244.227, 92.000, 4.370, 312.129, 46.012, -74.576, 59.951, 0.000, 244.227, 68.000
4.380, 312.581, 45.272, -73.976, 59.951, 0.000, 244.680, 92.000, 4.380, 312.582, 45.272, -73.976, 59.951, 0.000, 244.680, 68.000
4.390, 313.026, 44.538, -73.377, 59.951, 0.000, 245.125, 92.000, 4.390, 313.027, 44.538, -73.377, 59.951, 0.000, 245.125, 68.000
4.400, 313.464, 43.811, -72.777, 59.951, 0.000, 245.563, 92.000, 4.400, 313.465, 43.811, -72.777, 59.951, 0.000, 245.563, 68.000
4.410, 313.895, 43.089, -72.178, 59.951, 0.000, 245.994, 92.000, 4.410, 313.896, 43.089, -72.178, 59.951, 0.000, 245.994, 68.000
4.420, 314.319, 42.373, -71.578, 59.951, 0.000, 246.418, 92.000, 4.420, 314.320, 42.373, -71.578, 59.951, 0.000, 246.418, 68.000
4.430, 314.736, 41.663, -70.979, 59.951, 0.000, 246.835, 92.000, 4.430, 314.737, 41.663, -70.979, 59.951, 0.000, 246.835, 68.000
4.440, 315.145, 40.959, -70.379, 59.951, 0.000, 247.244, 92.000, 4.440, 315.146, 40.959, -70.379, 59.951, 0.000, 247.244, 68.000
4.450, 315.548, 40.262, -69.780, 59.951, 0.000, 247.647, 92.000, 4.450, 315.549, 40.262, -69.780, 59.951, 0.000, 247.647, 68.000
4.460, 315.943, 39.570, -69.180, 59.951, 0.000, 248.043, 92.000, 4.460, 315.945, 39.570, -69.180, 59.951, 0.000, 248.043, 68.000
4.470, 316.332, 38.884, -68.581, 59.951, 0.000, 248.431, 92.000, 4.470, 316.333, 38.884, -68.581, 59.951, 0.000, 248.431, 68.000
4.480, 316.714, 38.204, -67.981, 59.951, 0.000, 248.814, 92.000, 4.480, 316.715, 38.204, -67.981, 59.951, 0.000, 248.814, 68.000
4.490, 317.090, 37.530, -67.381, 59.951, 0.000, 249.189, 92.000, 4.490, 317.091, 37.530, -67.381, 59.951, 0.000, 249.189, 68.000
4.500, 317.458, 36.863, -66.782, 59.951, 0.000, 249.557, 92.000, 4.500, 317.459, 36.863, -66.782, 59.951, 0.000, 249.557, 68.000
4.510, 317.820, 36.201, -66.182, 59.951, 0.000, 249.919, 92.000, 4.510, 317.821, 36.201, -66.182, 59.951, 0.000, 249.919, 68.000
4.520, 318.176, 35.545, -65.583, 59.951, 0.000, 250.275, 92.000, 4.520, 318.177, 35.545, -65.583, 59.951, 0.000, 250.275, 68.000
4.530, 318.525, 34.895, -64.983, 59.951, 0.000, 250.624, 92.000, 4.530, 318.526, 34.895, -64.983, 59.951, 0.000, 250.624, 68.000
4.540, 318.867, 34.251, -64.384, 59.951, 0.000, 250.966, 92.000, 4.540, 318.868, 34.251, -64.384, 59.951, 0.000, 250.966, 68.000
4.550, 319.203, 33.613, -63.784, 59.951, 0.000, 251.303, 92.000, 4.550, 319.204, 33.613, -63.784, 59.951, 0.000, 251.303, 68.000
4.560, 319.533, 32.982, -63.185, 59.951, 0.000, 251.632, 92.000, 4.560, 319.534, 32.982, -63.185, 59.951, 0.000, 251.632, 68.000
4.570, 319.857, 32.356, -62.585, 59.951, 0.000, 251.956, 92.000, 4.570, 319.858, 32.356, -62.585, 59.951, 0.000, 251.956, 68.000
4.580, 320.174, 31.736, -61.986, 59.951, 0.000, 252.273, 92.000, 4.580, 320.175, 31.736, -61.986, 59.951, 0.000, 252.273, 68.000
4.590, 320.485, 31.122, -61.386, 59.951, 0.000, 252.584, 92.000, 4.590, 320.486, 31.122, -61.386, 59.951, 0.000, 252.584, 68.000
4.600, 320.790, 30.514, -60.787, 59.951, 0.000, 252.890, 92.000, 4.600, 320.791, 30.514, -60.787, 59.951, 0.000, 252.890, 68.000
4.610, 321.090, 29.912, -60.187, 59.951, 0.000, 253.189, 92.000, 4.610, 321.091, 29.912, -60.187, 59.951, 0.000, 253.189, 68.000
4.620, 321.383, 29.316, -59.588, 59.951, 0.000, 253.482, 92.000, 4.620, 321.384, 29.316, -59.588, 59.951, 0.000, 253.482, 68.000
4.630, 321.670, 28.726, -58.988, 59.951, 0.000, 253.769, 92.000, 4.630, 321.671, 28.726, -58.988, 59.951, 0.000, 253.769, 68.000
4.640, 321.951, 28.143, -58.389, 59.951, 0.000, 254.051, 92.000, 4.640, 321.952, 28.143, -58.389, 59.951, 0.000, 254.051, 68.000
4.650, 322.227, 27.565, -57.789, 59.951, 0.000, 254.326, 92.000, 4.650, 322.228, 27.565, -57.789, 59.951, 0.000, 254.326, 68.000
4.660, 322.497, 26.993, -57.190, 59.951, 0.000, 254.596, 92.000, 4.660, 322.498, 26.993, -57.190, 59.951, 0.000, 254.596, 68.000
4.670, 322.761, 26.427, -56.590, 59.951, 0.000, 254.860, 92.000, 4.670, 322.762, 26.427, -56.590, 59.951, 0.000, 254.860, 68.000
4.680, 323.020, 25.867, -55.991, 59.951, 0.000, 255.119, 92.000, 4.680, 323.021, 25.867, -55.991, 59.951, 0.000, 255.119, 68.000
4.690, 323.273, 25.313, -55.391, 59.951, 0.000, 255.372, 92.000, 4.690, 323.274, 25.313, -55.391, 59.951, 0.000, 255.372, 68.000
4.700, 323.521, 24.765, -54.792, 59.951, 0.000, 255.620, 92.000, 4.700, 323.522, 24.765, -54.792, 59.951, 0.000, 255.620, 68.000
4.710, 323.763, 24.223, -54.192, 59.951, 0.000, 255.862, 92.000, 4.710, 323.764, 24.223, -54.192, 59.951, 0.000, 255.862, 68.000
4.720, 324.000, 23.687, -53.593, 59.951, 0.000, 256.099, 92.000, 4.720, 324.001, 23.687, -53.593, 59.951, 0.000, 256.099, 68.000
4.730, 324.231, 23.157, -52.993, 59.951, 0.000, 256.331, 92.000, 4.730, 324.232, 23.157, -52.993, 59.951, 0.000, 256.331, 68.000
4.740, 324.458, 22.633, -52.394, 59.951, 0.000, 256.557, 92.000, 4.740, 324.459, 22.633, -52.394, 59.951, 0.000, 256.557, 68.000
4.750, 324.679, 22.116, -51.794, 59.951, 0.000, 256.778, 92.000, 4.750, 324.680, 22.116, -51.794, 59.951, 0.000, 256.778, 68.000
4.760, 324.895, 21.604, -51.195, 59.951, 0.000, 256.994, 92.000, 4.760, 324.896, 21.604, -51.195, 59.951, 0.000, 256.994, 68.000
4.770, 325.106, 21.098, -50.595, 59.951, 0.000, 257.205, 92.000, 4.770, 325.107, 21.098, -50.595, 59.951, 0.000, 257.205, 68.000
4.780, 325.312, 20.598, -49.996, 59.951, 0.000, 257.411, 92.000, 4.780, 325.313, 20.598, -49.996, 59.951, 0.000, 257.411, 68.000
4.790, 325.513, 20.104, -49.396, 59.951, 0.000, 257.612, 92.000, 4.790, 325.514, 20.104, -49.396, 59.951, 0.000, 257.612, 68.000
4.800, 325.709, 19.616, -48.797, 59.951, 0.000, 257.808, 92.000, 4.800, 325.710, 19.616, -48.797, 59.951, 0.000, 257.808, 68.000
4.810, 325.900, 19.134, -48.197, 59.951, 0.000, 258.000, 92.000, 4.810, 325.901, 19.134, -48.197, 59.951, 0.000, 258.000, 68.000
4.820, 326.087, 18.658, -47.598, 59.951, 0.000, 258.186, 92.000, 4.820, 326.088, 18.658, -47.598, 59.951, 0.000, 258.186, 68.000
4.830, 326.269, 18.188, -46.998, 59.951, 0.000, 258.368, 92.000, 4.830, 326.270, 18.188, -46.998, 59.951, 0.000, 258.368, 68.000
4.840, 326.446, 17.724, -46.399, 59.951, 0.000, 258.545, 92.000, 4.840, 326.447, 17.724, -46.399, 59.951, 0.000, 258.545, 68.000
4.850, 326.619, 17.266, -45.799, 59.951, 0.000, 258.718, 92.000, 4.850, 326.620, 17.266, -45.799, 59.951, 0.000, 258.718, 68.000
4.860, 326.787, 16.814, -45.200, 59.951, 0.000, 258.886, 92.000, 4.860, 326.788, 16.814, -45.200, 59.951, 0.000, 258.886, 68.000
4.870, 326.951, 16.368, -44.600, 59.951, 0.000, 259.050, 92.000, 4.870, 326.952, 16.368, -44.600, 59.951, 0.000, 259.050, 68.000
4.880, 327.110, 15.928, -44.000, 59.951, 0.000, 259.209, 92.000, 4.880, 327.111, 15.928, -44.000, 59.951, 0.000, 259.209, 68.000
4.890, 327.265, 15.494, -43.401, 59.951, 0.000, 259.364, 92.000, 4.890, 327.266, 15.494, -43.401, 59.951, 0.000, 259.364, 68.000
4.900, 327.415, 15.066, -42.801, 59.951, 0.000, 259.515, 92.000, 4.900, 327.416, 15.066, -42.801, 59.951, 0.000, 259.515, 68.000
4.910, 327.562, 14.644, -42.202, 59.951, 0.000, 259.661, 92.000, 4.910, 327.563, 14.644, -42.202, 59.951, 0.000, 259.661, 68.000
4.920, 327.704, 14.228, -41.602, 59.951, 0.000, 259.803, 92.000, 4.920, 327.705, 14.228, -41.602, 59.951, 0.000, 259.803, 68.000
4.930, 327.842, 13.818, -41.003, 59.951, 0.000, 259.941, 92.000, 4.930, 327.843, 13.818, -41.003, 59.951, 0.000, 259.941, 68.000
4.940, 327.976, 13.414, -40.403, 59.951, 0.000, 260.076, 92.000, 4.940, 327.978, 13.414, -40.403, 59.951, 0.000, 260.076, 68.000
4.950, 328.107, 13.016, -39.804, 59.951, 0.000, 260.206, 92.000, 4.950, 328.108, 13.016, -39.804, 59.951, 0.000, 260.206, 68.000
4.960, 328.233, 12.624, -39.204, 59.951, 0.000, 260.332, 92.000, 4.960, 328.234, 12.624, -39.204, 59.951, 0.000, 260.332, 68.000
4.970, 328.355, 12.238, -38.605, 59.951, 0.000, 260.454, 92.000, 4.970, 328.356, 12.238, -38.605, 59.951, 0.000, 260.454, 68.000
4.980, 328.474, 11.858, -38.005, 59.951, 0.000, 260.573, 92.000, 4.980, 328.475, 11.858, -38.005, 59.951, 0.000, 260.573, 68.000
4.990, 328.589, 11.483, -37.406, 59.951, 0.000, 260.688, 92.000, 4.990, 328.590, 11.483, -37.406, 59.951, 0.000, 260.688, 68.000
5.000, 328.700, 11.115, -36.806, 59.951, 0.000, 260.799, 92.000, 5.000, 328.701, 11.115, -36.806, 59.951, 0.000, 260.799, 68.000
5.010, 328.807, 10.753, -36.207, 59.951, 0.000, 260.907, 92.000, 5.010, 328.808, 10.753, -36.207, 59.951, 0.000, 260.907, 68.000
5.020, 328.911, 10.397, -35.607, 59.951, 0.000, 261.010, 92.000, 5.020, 328.912, 10.397, -35.607, 59.951, 0.000, 261.010, 68.000
5.030, 329.012, 10.047, -35.008, 59.951, 0.000, 261.111, 92.000, 5.030, 329.013, 10.047, -35.008, 59.951, 0.000, 261.111, 68.000
5.040, 329.109, 9.703, -34.408, 59.951, 0.000, 261.208, 92.000, 5.040, 329.110, 9.703, -34.408, 59.951, 0.000, 261.208, 68.000
5.050, 329.202, 9.365, -33.809, 59.951, 0.000, 261.302, 92.000, 5.050, 329.204, 9.365, -33.809, 59.951, 0.000, 261.302, 68.000
5.060, 329.293, 9.033, -33.209, 59.951, 0.000, 261.392, 92.000, 5.060, 329.294, 9.033, -33.209, 59.951, 0.000, 261.392, 68.000
5.070, 329.380, 8.707, -32.610, 59.951, 0.000, 261.479, 92.000, 5.070, 329.381, 8.707, -32.610, 59.951, 0.000, 261.479, 68.000
5.080, 329.464, 8.387, -32.010, 59.951, 0.000, 261.563, 92.000, 5.080, 329.465, 8.387, -32.010, 59.951, 0.000, 261.563, 68.000
5.090, 329.544, 8.073, -31.411, 59.951, 0.000, 261.644, 92.000, 5.090, 329.545, 8.073, -31.411, 59.951, 0.000, 261.644, 68.000
5.100, 329.622, 7.764, -30.811, 59.951, 0.000, 261.721, 92.000, 5.100, 329.623, 7.764, -30.811, 59.951, 0.000, 261.721, 68.000
5.110, 329.697, 7.462, -30.212, 59.951, 0.000, 261.796, 92.000, 5.110, 329.698, 7.462, -30.212, 59.951, 0.000, 261.796, 68.000
5.120, 329.768, 7.166, -29.612, 59.951, 0.000, 261.868, 92.000, 5.120, 329.769, 7.166, -29.612, 59.951, 0.000, 261.868, 68.000
5.130, 329.837, 6.876, -29.013, 59.951, 0.000, 261.936, 92.000, 5.130, 329.838, 6.876, -29.013, 59.951, 0.000, 261.936, 68.000
5.140, 329.903, 6.592, -28.413, 59.951, 0.000, 262.002, 92.000, 5.140, 329.904, 6.592, -28.413, 59.951, 0.000, 262.002, 68.000
5.150, 329.966, 6.314, -27.814, 59.951, 0.000, 262.065, 92.000, 5.150, 329.967, 6.314, -27.814, 59.951, 0.000, 262.065, 68.000
5.160, 330.027, 6.042, -27.214, 59.951, 0.000, 262.126, 92.000, 5.160, 330.028, 6.042, -27.214, 59.951, 0.000, 262.126, 68.000
5.170, 330.084, 5.776, -26.615, 59.951, 0.000, 262.184, 92.000, 5.170, 330.085, 5.776, -26.615, 59.951, 0.000, 262.184, 68.000
5.180, 330.140, 5.515, -26.015, 59.951, 0.000, 262.239, 92.000, 5.180, 330.141, 5.515, -26.015, 59.951, 0.000, 262.239, 68.000
5.190, 330.192, 5.261, -25.416, 59.951, 0.000, 262.291, 92.000, 5.190, 330.193, 5.261, -25.416, 59.951, 0.000, 262.291, 68.000
5.200, 330.242, 5.013, -24.816, 59.951, 0.000, 262.341, 92.000, 5.200, 330.243, 5.013, -24.816, 59.951, 0.000, 262.341, 68.000
5.210, 330.290, 4.771, -24.217, 59.951, 0.000, 262.389, 92.000, 5.210, 330.291, 4.771, -24.217, 59.951, 0.000, 262.389, 68.000
5.220, 330.335, 4.535, -23.617, 59.951, 0.000, 262.434, 92.000, 5.220, 330.336, 4.535, -23.617, 59.951, 0.000, 262.434, 68.000
5.230, 330.378, 4.305, -23.018, 59.951, 0.000, 262.478, 92.000, 5.230, 330.379, 4.305, -23.018, 59.951, 0.000, 262.478, 68.000
5.240, 330.419, 4.080, -22.418, 59.951, 0.000, 262.518, 92.000, 5.240, 330.420, 4.080, -22.418, 59.951, 0.000, 262.518, 68.000
5.250, 330.458, 3.862, -21.818, 59.951, 0.000, 262.557, 92.000, 5.250, 330.459, 3.862, -21.818, 59.951, 0.000, 262.557, 68.000
5.260, 330.494, 3.650, -21.219, 59.951, 0.000, 262.593, 92.000, 5.260, 330.495, 3.650, -21.219, 59.951, 0.000, 262.593, 68.000
5.270, 330.529, 3.444, -20.619, 59.951, 0.000, 262.628, 92.000, 5.270, 330.530, 3.444, -20.619, 59.951, 0.000, 262.628, 68.000
5.280, 330.561, 3.244, -20.020, 59.951, 0.000, 262.660, 92.000, 5.280, 330.562, 3.244, -20.020, 59.951, 0.000, 262.660, 68.000
5.290, 330.592, 3.049, -19.420, 59.951, 0.000, 262.691, 92.000, 5.290, 330.593, 3.049, -19.420, 59.951, 0.000, 262.691, 68.000
5.300, 330.620, 2.861, -18.821, 59.951, 0.000, 262.719, 92.000, 5.300, 330.621, 2.861, -18.821, 59.951, 0.000, 262.719, 68.000
5.310, 330.647, 2.679, -18.221, 59.951, 0.000, 262.746, 92.000, 5.310, 330.648, 2.679, -18.221, 59.951, 0.000, 262.746, 68.000
5.320, 330.672, 2.503, -17.622, 59.951, 0.000, 262.771, 92.000, 5.320, 330.673, 2.503, -17.622, 59.951, 0.000, 262.771, 68.000
5.330, 330.695, 2.333, -17.022, 59.951, 0.000, 262.795, 92.000, 5.330, 330.696, 2.333, -17.022, 59.951, 0.000, 262.795, 68.000
5.340, 330.717, 2.168, -16.423, 59.951, 0.000, 262.816, 92.000, 5.340, 330.718, 2.168, -16.423, 59.951, 0.000, 262.816, 68.000
5.350, 330.737, 2.010, -15.823, 59.951, 0.000, 262.836, 92.000, 5.350, 330.738, 2.010, -15.823, 59.951, 0.000, 262.836, 68.000
5.360, 330.756, 1.858, -15.224, 59.951, 0.000, 262.855, 92.000, 5.360, 330.757, 1.858, -15.224, 59.951, 0.000, 262.855, 68.000
5.370, 330.773, 1.712, -14.624, 59.951, 0.000, 262.872, 92.000, 5.370, 330.774, 1.712, -14.624, 59.951, 0.000, 262.872, 68.000
5.380, 330.789, 1.571, -14.025, 59.951, 0.000, 262.888, 92.000, 5.380, 330.790, 1.571, -14.025, 59.951, 0.000, 262.888, 68.000
5.390, 330.803, 1.437, -13.425, 59.951, 0.000, 262.902, 92.000, 5.390, 330.804, 1.437, -13.425, 59.951, 0.000, 262.902, 68.000
5.400, 330.816, 1.309, -12.826, 59.951, 0.000, 262.915, 92.000, 5.400, 330.817, 1.309, -12.826, 59.951, 0.000, 262.915, 68.000
5.410, 330.828, 1.187, -12.226, 59.951, 0.000, 262.927, 92.000, 5.410, 330.829, 1.187, -12.226, 59.951, 0.000, 262.927, 68.000
5.420, 330.839, 1.070, -11.627, 59.951, 0.000, 262.938, 92.000, 5.420, 330.840, 1.070, -11.627, 59.951, 0.000, 262.938, 68.000
5.430, 330.848, 0.960, -11.027, 59.951, 0.000, 262.947, 92.000, 5.430, 330.849, 0.960, -11.027, 59.951, 0.000, 262.947, 68.000
5.440, 330.857, 0.856, -10.428, 59.951, 0.000, 262.956, 92.000, 5.440, 330.858, 0.856, -10.428, 59.951, 0.000, 262.956, 68.000
5.450, 330.864, 0.757, -9.828, 59.951, 0.000, 262.964, 92.000, 5.450, 330.865, 0.757, -9.828, 59.951, 0.000, 262.964, 68.000
5.460, 330.871, 0.665, -9.229, 59.951, 0.000, 262.970, 92.000, 5.460, 330.872, 0.665, -9.229, 59.951, 0.000, 262.970, 68.000
5.470, 330.877, 0.579, -8.629, 59.951, 0.000, 262.976, 92.000, 5.470, 330.878, 0.579, -8.629, 59.951, 0.000, 262.976, 68.000
5.480, 330.882, 0.499, -8.030, 59.951, 0.000, 262.981, 92.000, 5.480, 330.883, 0.499, -8.030, 59.951, 0.000, 262.981, 68.000
5.490, 330.886, 0.424, -7.430, 59.951, 0.000, 262.985, 92.000, 5.490, 330.887, 0.424, -7.430, 59.951, 0.000, 262.985, 68.000
5.500, 330.890, 0.356, -6.831, 59.951, 0.000, 262.989, 92.000, 5.500, 330.891, 0.356, -6.831, 59.951, 0.000, 262.989, 68.000
5.510, 330.893, 0.294, -6.231, 59.951, 0.000, 262.992, 92.000, 5.510, 330.894, 0.294, -6.231, 59.951, 0.000, 262.992, 68.000
5.520, 330.895, 0.237, -5.632, 59.951, 0.000, 262.994, 92.000, 5.520, 330.896, 0.237, -5.632, 59.951, 0.000, 262.994, 68.000
5.530, 330.897, 0.187, -5.032, 59.951, 0.000, 262.996, 92.000, 5.530, 330.898, 0.187, -5.032, 59.951, 0.000, 262.996, 68.000
5.540, 330.898, 0.143, -4.433, 59.951, 0.000, 262.997, 92.000, 5.540, 330.899, 0.143, -4.433, 59.951, 0.000, 262.997, 68.000
5.550, 330.899, 0.104, -3.833, 59.951, 0.000, 262.998, 92.000, 5.550, 330.900, 0.104, -3.833, 59.951, 0.000, 262.998, 68.000
5.560, 330.900, 0.072, -3.234, 59.951, 0.000, 262.999, 92.000, 5.560, 330.901, 0.072, -3.234, 59.951, 0.000, 262.999, 68.000
5.570, 330.900, 0.046, -2.634, 59.951, 0.000, 263.000, 92.000, 5.570, 330.901, 0.046, -2.634, 59.951, 0.000, 263.000, 68.000
5.580, 330.901, 0.025, -2.035, 59.951, 0.000, 263.000, 92.000, 5.580, 330.902, 0.025, -2.035, 59.951, 0.000, 263.000, 68.000
5.590, 330.901, 0.011, -1.435, 59.951, 0.000, 263.000, 92.000, 5.590, 330.902, 0.011, -1.435, 59.951, 0.000, 263.000, 68.000
5.600, 330.901, 0.003, -0.836, 59.951, 0.000, 263.000, 92.000, 5.600, 330.902, 0.003, -0.836, 59.951, 0.000, 263.000, 68.000
5.610, 330.901, 0.000, -0.268, 56.765, 0.000, 263.000, 92.000, 5.610, 330.902, 0.000, -0.268, 56.765, 0.000, 263.000, 68.000
